feedback_id,event_id,user_id,thumbs,reason_tag,free_text,created_at
fb_126da69ffe5b464d,ev_ac9a2deabd3b46b9,u_00192,-1,hallucination,,2026-03-03T02:05:27.052886+00:00
fb_6104275abd3e4de2,ev_4d1c7d3d494f42fe,u_00642,1,,,2026-02-25T20:20:31.504527+00:00
fb_c055b00ffe0048c9,ev_641f5db4b1584a68,u_00390,-1,hallucination,,2026-04-04T14:04:23.174687+00:00
fb_60ab8386b7424800,ev_40a5c8091baa4ae9,u_00296,1,,,2026-04-07T15:33:02.031335+00:00
fb_45a93d4cc933443d,ev_9999fb8b0d6c442b,u_00256,-1,incomplete,,2026-03-22T18:16:16.598757+00:00
fb_4ab4c03b44a742e8,ev_6b165e4008ef4dc2,u_00674,1,,,2026-02-28T20:51:02.319877+00:00
fb_d093b9bc5e754db1,ev_8fa2bd0d09f747d1,u_00430,-1,,,2026-03-14T02:35:12.725377+00:00
fb_d1a23ed6c6454fd6,ev_fe4ec344fce84923,u_00607,-1,wrong_answer,,2026-03-04T11:01:45.217314+00:00
fb_a9772c96403a4a4c,ev_0acc416915f3408f,u_00289,1,,,2026-03-11T11:31:09.096528+00:00
fb_a25c9455aab1424e,ev_62ca1030b72c4b4f,u_00276,-1,,,2026-03-04T15:26:03.251787+00:00
fb_ef35cb44e3984a6c,ev_5ca23ca8cfb34a47,u_00524,1,,saved me 30 minutes,2026-02-27T08:39:58.491813+00:00
fb_b717fc0e0ebb49a9,ev_7544b4ca6c354833,u_00285,-1,,,2026-03-10T07:56:18.575266+00:00
fb_2f6da212f6be4ee0,ev_2b92bbcc1c584693,u_00578,-1,hallucination,,2026-02-16T21:51:00.889128+00:00
fb_62f829840bbb49d9,ev_a0bd2d430540463c,u_00028,2,,,2026-03-05T10:36:04.549623+00:00
fb_c55e21ee4ca44bbd,ev_c832fdb1e5c94db5,u_00005,1,,,2026-02-11T03:54:50.382790+00:00
fb_ba89d851ca154270,ev_28dbd569d3cc4d87,u_00646,1,,,2026-02-23T18:12:52.772476+00:00
fb_371def96b6374231,ev_fcb98fd0b3fc4a10,u_00485,1,,,2026-04-04T09:28:47.331666+00:00
fb_ff4522ac4b4b4a87,ev_37abdf8e91ae4b64,u_00379,-1,wrong_answer,not relevant to Italian law,2026-03-01T16:12:04.903907+00:00
fb_9e65c414091c43e8,ev_dc95b3e65bc845ca,u_00531,1,,,2026-03-12T14:51:36.560643+00:00
fb_4f19f283da904a04,ev_ee8bdf7d63724f68,u_00530,1,,,2026-03-12T05:13:13.444020+00:00
fb_040b4f45218d472f,ev_aa79f9f638af4fe8,u_00124,1,,,2026-02-21T20:07:16.981304+00:00
fb_c8ee539dc19c467d,ev_cf92ac7701514695,u_00495,-1,wrong_answer,,2026-02-20T01:06:17.694300+00:00
fb_eec1583e744f47e2,ev_c4a438d44f164f99,u_00560,1,,,2026-02-23T22:25:02.466631+00:00
fb_3a05f485db9f4c0b,ev_daeaf3c3fb1f4974,u_00508,1,,,2026-02-22T15:33:21.788047+00:00
fb_1c72f564a5204539,ev_d29ccd2596d6499f,u_00175,-1,wrong_answer,,2026-03-05T18:15:32.855191+00:00
fb_4ae062394cd04295,ev_5bb07a5860a74819,u_00408,-1,other,,2026-02-09T01:24:47.512602+00:00
fb_1782fb04108f4396,ev_54765cbb4cbe4c53,u_00160,1,,,2026-02-16T13:23:30.335162+00:00
fb_b340a2a1bfb34a46,ev_cf6cf5dac945417a,u_00120,1,,saved me 30 minutes,2026-02-12T02:56:53.835575+00:00
fb_f6fb257212324ad8,ev_f7fc8c43c434424b,u_00405,1,,,2026-02-24T22:07:56.594648+00:00
fb_f2c178cfbbdb48ce,ev_b8ca5ae2e7d74061,u_00449,1,,,2026-02-13T05:43:26.615304+00:00
fb_2e6eebdb12b84588,ev_b8314cef63fd4f2f,u_00462,-1,incomplete,too generic,2026-02-10T06:48:06.897073+00:00
fb_2066e18c315c4720,ev_71fd3e8447a949e2,u_00549,1,,,2026-02-03T08:07:22.707585+00:00
fb_b907d201e3ef4a88,ev_82ef0b6397a343e8,u_00508,1,,,2026-02-13T15:41:06.874344+00:00
fb_efa210f00a6e47d5,ev_9f71685b535e4729,u_00036,1,,,2026-02-27T04:13:29.650998+00:00
fb_529849e91479412e,ev_0ac189ce3d284b53,u_00618,-1,wrong_answer,,2026-02-09T06:03:21.941720+00:00
fb_7696d54a299b4df3,ev_7a09da72901e40eb_orphan,u_00467,1,,,2026-04-09T00:00:00+00:00
fb_5fcc352c2d5040c2,ev_12df15541bb846fb_orphan,u_00024,1,,,2026-03-27T00:00:00+00:00
fb_f39f1ae070344573,ev_e0f607350c86437b,u_00335,1,,,2026-04-05T03:32:46.973557+00:00
fb_62677c42d4dc4b7c,ev_f2d1fb3299fc4182,u_00470,-1,incomplete,,2026-03-24T00:47:17.241665+00:00
fb_6dd007fd57df4a26,ev_ff68fea0799b4dde,u_00609,-1,,,2026-02-24T07:55:34.867366+00:00
fb_2e2ebe77ee044489,ev_43951840f1ff4460,u_00074,-1,wrong_answer,,2026-02-28T04:52:46.316150+00:00
fb_ea7ac9d2033a40bd,ev_e21414accc954457,u_00345,1,,,2026-03-23T08:13:38.005641+00:00
fb_bffbf349a03749a8,ev_2b51efe5aba74086,u_00052,1,,,2026-02-09T02:23:50.798070+00:00
fb_9a1c48e3bad042f0,ev_bcbf55c4db8c486f,u_00547,-1,,,2026-02-25T23:13:18.548017+00:00
fb_a47c4e8dc0df42c8,ev_94b5a960c85647eb,u_00622,1,,,2026-02-25T09:15:24.346303+00:00
fb_b99cecd9d70a48cb,ev_b70ff10b24ec46b6,u_00548,1,,,2026-03-25T08:53:11.730831+00:00
fb_4fc2eb6615294fd5,ev_589323c174424d20,u_00539,-1,slow,,2026-02-12T23:52:23.320670+00:00
fb_c5da6a6a354d494a,ev_8460f7d860bd4cea,u_00290,1,,,2026-03-02T02:15:17.778900+00:00
fb_87da9ba55c8b41e8,ev_e01eb88b88a242bf,u_00042,1,,,2026-02-19T18:51:36.110577+00:00
fb_872f72bb0fd84d04,ev_048994cb31d945aa,u_00383,1,,,2026-02-12T18:29:54.701664+00:00
fb_d543ba09520d4937,ev_4dfe75612201409d,u_00141,1,,,2026-02-12T00:10:59.484989+00:00
fb_762a11715e1e473e,ev_f022026f374d4f6a,u_00524,1,,,2026-03-20T05:01:32.003287+00:00
fb_1a59556508f5459b,ev_378fad1b3b74486b,u_00620,1,,,2026-02-19T21:18:59.210073+00:00
fb_2394ac602ce340a9,ev_cfdc1df51e5a4b7b,u_00175,1,,,2026-03-07T20:54:18.978993+00:00
fb_9fd0d6f06112487f,ev_8b7ad7fea17a4ec6,u_00629,1,,,2026-02-10T03:44:49.806082+00:00
fb_9049ce504f384daa,ev_66ecf8ef2aae4f1b_orphan,u_00082,-1,other,,2026-03-21T00:00:00+00:00
fb_859be0c6ae6e4d19,ev_fe9185463a754b49,u_00261,1,,,2026-03-13T04:19:15.410642+00:00
fb_4c3460d812b34da1,ev_7ade7ace8812454f,u_00321,1,,,2026-02-19T01:18:09.821121+00:00
fb_91f7802790864469,ev_4a466922a1aa4684,u_00613,-1,,,2026-03-02T00:35:03.243575+00:00
fb_6417ae3affa54065,ev_a94d4e77ec784b9f,u_00635,1,,,2026-03-09T03:16:27.840068+00:00
fb_cc99616395de4ba1,ev_4b2c5c86b8a04e38,u_00017,1,,,2026-03-05T14:40:49.783267+00:00
fb_820d606fb543488f,ev_84338265331a47b4,u_00396,-1,incomplete,,2026-04-06T13:00:26.195655+00:00
fb_53d225e118104f98,ev_90ebde3c60684cf9,u_00679,1,,,2026-02-10T22:05:13.084998+00:00
fb_c5bed26a0dc846e5,ev_6e2eca7df68d4aef,u_00162,1,,,2026-03-19T09:49:40.529683+00:00
fb_9b89a8f973b743aa,ev_3ddca36267274f52,u_00505,1,,,2026-02-25T17:43:04.092183+00:00
fb_e4193e1ec46e4b9c,ev_cf045c91ee604de2,u_00431,-1,wrong_answer,not relevant to Italian law,2026-04-12T03:50:13.722500+00:00
fb_d40d6234c6ed47d6,ev_30a3ddad69b84725,u_00395,1,,,2026-03-31T08:49:05.263228+00:00
fb_10ec017467dc4d5a,ev_e0e0cfe4e08f43bb,u_00425,-1,hallucination,,2026-03-11T01:54:05.864808+00:00
fb_870277a142d2462a,ev_ac7b23757b7b43ae,u_00004,-1,wrong_answer,,2026-02-23T11:57:56.140942+00:00
fb_5fadf772b9994183,ev_78c184fd9084437c,u_00089,1,,,2026-02-14T07:40:42.931403+00:00
fb_7da0e59072ec45e5,ev_0195f41b01d34916,u_00099,-1,wrong_answer,,2026-02-19T06:34:18.256092+00:00
fb_7edf28f652ac42de,ev_10f44fbfc14a446a,u_00498,1,,,2026-03-12T04:24:27.225921+00:00
fb_9d176cbafb154c10,ev_a60195a5ed634c75,u_00024,-1,incomplete,,2026-02-27T13:19:30.896069+00:00
fb_1b351bee73de423e,ev_61e677a10abb4f97,u_00665,1,,perfect!,2026-02-26T02:32:55.706369+00:00
fb_683816cd5280436e,ev_e5fc1b4aeec04823,u_00350,1,,,2026-04-03T12:21:44.602027+00:00
fb_4962d67f9bcb4002,ev_77479d3591bc4f61,u_00638,1,,,2026-03-12T02:11:57.053666+00:00
fb_983d35a4939c42d5,ev_51588c3be9504c01,u_00353,1,,,2026-03-04T08:25:58.064223+00:00
fb_0cad1a7bb83f4fdf,ev_afb6ca46338c4a98,u_00287,1,,perfect!,2026-02-15T14:08:45.866671+00:00
fb_e8933c12c87e4bb4,ev_569709417ffc4c28,u_00039,1,,,2026-02-11T10:32:56.995681+00:00
fb_a62544dd1e66445d,ev_2705535828d743a6,u_00269,1,,,2026-04-12T20:55:24.893797+00:00
fb_aa51b46c3bb7430b,ev_9d25bc593b1e445b,u_00590,1,,,2026-02-23T01:03:36.395656+00:00
fb_722ed21dae8f4abd,ev_20c7e36465dc42e2,u_00088,1,,good citations,2026-03-27T11:27:03.102789+00:00
fb_e5242fb3a84c4866,ev_29f18819b27e4b93,u_00287,1,,,2026-02-25T05:08:00.133525+00:00
fb_5d3c60fd5ea7413a,ev_217be6d9f7f74209,u_00342,1,,,2026-03-22T09:03:31.094964+00:00
fb_0d1434ef1a8d4851,ev_32514648d8c14bd5,u_00658,-1,wrong_answer,answer was wrong,2026-02-28T18:41:33.162896+00:00
fb_9ce43e32e9204d07,ev_de7e0328d4a04a1f,u_00669,1,,,2026-02-21T11:30:52.069449+00:00
fb_cca846f4edf04273,ev_27a7a095629b48e0,u_00600,1,,,2026-04-12T06:59:26.830336+00:00
fb_f96da89381b44098,ev_cd66a2808d274d76,u_00092,1,,,2026-02-16T16:54:46.887632+00:00
fb_473f36b78e5044ba,ev_297a1ce2dcf643aa,u_00403,1,,,2026-03-11T09:03:13.387331+00:00
fb_5d2963d9be6248db,ev_e9d18f84e9f34021,u_00662,1,,,2026-02-08T22:36:45.524481+00:00
fb_b640479151824e6c,ev_6a121a9f37794c76,u_00297,1,,,2026-02-08T03:04:16.663992+00:00
fb_ce44f51b724d4c75,ev_30c2095acc22429f,u_00411,-1,other,,2026-03-31T21:10:21.970493+00:00
fb_af9cbaf0268d4460,ev_dc69b1b94ff04e2e,u_00189,1,,,2026-03-16T05:09:39.768767+00:00
fb_75d712b0a06c4814,ev_f521b12354014f60,u_00400,-1,incomplete,missing a key citation,2026-02-17T10:22:23.231716+00:00
fb_ad5ce59a8d6d45c3,ev_1d07e0c599004e62,u_00655,1,,,2026-03-24T10:30:59.825278+00:00
fb_5697447f1da246ae,ev_a19f223dfa314ab7,u_00543,1,,,2026-03-25T05:16:30.344765+00:00
fb_e003d505c3e04271,ev_18bea1e1b13b41b1,u_00553,1,,,2026-03-26T07:00:05.115137+00:00
fb_f3a31084e3af4a81,ev_1773d39abeee44c3,u_00463,-1,wrong_answer,,2026-04-03T20:44:27.852892+00:00
fb_25d25534ae734b9e,ev_f240641fe3114562,u_00261,1,,,2026-03-01T19:15:25.310932+00:00
fb_ea35eb57b2ee431d,ev_8a3915c7c40f48a2,u_00646,1,,,2026-03-12T11:48:02.469634+00:00
fb_7cea81af891645c0,ev_0b74655ef5f748f5,u_00430,1,,,2026-03-15T05:01:27.091032+00:00
fb_ff093de947f74e91,ev_4943bf128474465e_orphan,u_00523,1,,,2026-04-05T00:00:00+00:00
fb_6371727fe86b4419,ev_8ce66952780643b9,u_00179,1,,,2026-03-14T02:57:17.127618+00:00
fb_2f62cd613c7c4835,ev_79c3e2ed27d04824,u_00386,1,,,2026-03-16T11:08:01.943544+00:00
fb_20f5d9b26ad64e8b,ev_01a2fadc666641c0,u_00172,1,,,2026-03-25T09:10:57.303805+00:00
fb_220c07e5864047ca,ev_7ab4516a30cd4fc4,u_00137,-1,wrong_answer,,2026-03-02T16:09:40.280510+00:00
fb_43815e6c96374899,ev_686d46412c37412c,u_00060,-1,hallucination,,2026-02-28T15:18:31.641585+00:00
fb_4931127d27614097,ev_9155ea9c835f48e2,u_00159,1,,,2026-03-04T03:13:56.165491+00:00
fb_54f78574b352486a,ev_efb160854ec14427,u_00633,1,,,2026-02-19T00:47:38.370754+00:00
fb_cecc5aed91b54de6,ev_cf9bc77cf17c4fe0,u_00469,1,,,2026-03-02T16:40:10.194902+00:00
fb_b058526e01d7404d,ev_a9ac65ec6494469f,u_00557,1,,,2026-02-09T13:44:52.749094+00:00
fb_f2fdb6cbe7384f39,ev_c91d53f7b80349fc,u_00179,-1,incomplete,,2026-02-12T02:43:06.918029+00:00
fb_414f10e63d1b4c53,ev_2d39332b559d42d1,u_00198,-1,wrong_answer,,2026-03-04T11:26:08.543432+00:00
fb_6c4a9494b3f34326,ev_7e6b3136bf414020,u_00623,1,,,2026-02-15T20:30:23.317523+00:00
fb_d936c7f0fde94dad,ev_19b7d2e8d6e44323,u_00029,-1,incomplete,,2026-03-18T12:35:16.980667+00:00
fb_b2d6dc0287a24838,ev_becba34ced404d60,u_00009,1,,,2026-03-08T21:36:01.929782+00:00
fb_ecfa4c03d5b744ff,ev_d0254af871d64ca1,u_00055,1,,,2026-02-15T00:31:20.263968+00:00
fb_0553d0f3c3fe4a59,ev_26f9f8febe03423b,u_00182,1,,,2026-02-20T02:06:40.487038+00:00
fb_3aa8f3ea3b3847cb,ev_6b0d366248b344a1,u_00679,1,,,2026-03-23T07:46:20.361074+00:00
fb_794746cfc9764cb8,ev_90382828eead4448,u_00364,1,,,2026-03-17T11:19:35.129161+00:00
fb_76eb8273ce5f40bb,ev_2be29ee753d44349,u_00325,1,,,2026-03-26T09:34:35.496908+00:00
fb_d1e2ec83e5bc4607,ev_5ce6cbc2e0004c01,u_00314,1,,,2026-02-14T17:17:31.003678+00:00
fb_6d484bf8127c465c,ev_b13680f6743344de,u_00424,-1,hallucination,,2026-04-16T23:30:03.192991+00:00
fb_c789d1e13a934cae,ev_a48be0c01d134bd4,u_00036,1,,,2026-03-09T10:19:42.011699+00:00
fb_5e69743441b24016,ev_34e265549cbd4c2c,u_00643,1,,,2026-03-07T01:54:32.870416+00:00
fb_8257c0c0505244d1,ev_1f42574b4cbd4386,u_00095,-1,wrong_answer,,2026-04-11T00:04:34.759264+00:00
fb_1cbba4fe691244b1,ev_a792c194eb6f45de,u_00061,1,,,2026-02-23T16:53:45.159415+00:00
fb_987b975a13ed436b,ev_48d1cd58e8e547d3,u_00294,-1,wrong_answer,,2026-02-15T04:18:36.497486+00:00
fb_bbc4dabf10db4344,ev_6f8ae6fb10234257,u_00641,1,,,2026-03-19T07:21:38.269969+00:00
fb_95d3c99e070f4330,ev_2cbfe50005194a6d,u_00203,1,,,2026-03-04T22:57:30.080271+00:00
fb_bd9161816e404112,ev_307e63d941b94394,u_00421,1,,,2026-03-07T02:15:39.082160+00:00
fb_96707ac0fc3a49f1,ev_a63ae0b587d94a4c,u_00643,1,,,2026-04-01T02:55:04.934745+00:00
fb_cbce798993b34565,ev_664ae2789dc14e6e,u_00144,1,,good citations,2026-03-04T01:05:28.946846+00:00
fb_fbad148717ac4f62,ev_22f60a3a83ce432f,u_00139,1,,,2026-04-09T08:08:39.936690+00:00
fb_8561a7cfe2e74c6c,ev_dcdc091816e74958,u_00137,1,,,2026-04-16T00:16:22.809005+00:00
fb_0bae932118454095,ev_38071c61c7124f28,u_00142,1,,,2026-02-15T20:01:43.545535+00:00
fb_33d9b0d798c646b4,ev_fcf7cd72b3804d25,u_00148,-1,wrong_answer,,2026-02-17T23:59:39.948094+00:00
fb_d25135b0e0c34a7f,ev_218b5c39bfd241ed,u_00100,-1,hallucination,,2026-02-18T02:43:18.620736+00:00
fb_5424bb08f6f24ebc,ev_e1e67eebf4ca475c,u_00620,1,,,2026-02-10T16:16:00.982073+00:00
fb_6b71de8d5d48489b,ev_5ee2562ac9e34d95,u_00342,1,,,2026-03-25T10:50:58.742425+00:00
fb_0c7281950d6a4a0a,ev_f342144a8b1e4388,u_00343,1,,,2026-03-02T19:59:02.949128+00:00
fb_8843834cc5bf457b,ev_1eaf7d31eedc4ae0,u_00118,1,,,2026-02-16T03:00:10.027567+00:00
fb_87aff0143ab44fc6,ev_509b9af479124c8a,u_00658,-1,other,,2026-02-28T01:46:13.618280+00:00
fb_39eac9e40c684818,ev_ac50d2582ea54933,u_00293,1,,,2026-02-26T20:55:24.292906+00:00
fb_7311b468abfe4bc2,ev_c248df7c8a774fb0,u_00623,1,,,2026-02-28T02:21:08.605183+00:00
fb_2ebbfccf47ba4d2e,ev_efa174fe763f4d06,u_00267,1,,,2026-03-01T17:05:26.841377+00:00
fb_dffea97cc0ac4ac8,ev_b3f6e5f98dc84591,u_00334,1,,,2026-03-11T15:52:31.824442+00:00
fb_d40074af745c4087,ev_059ccecd72804bb5,u_00090,1,,,2026-03-01T10:41:14.471347+00:00
fb_22b4d5043b5347e1,ev_ce51995dddb44078,u_00097,1,,,2026-02-15T00:33:36.990760+00:00
fb_678a7ebc39964799,ev_df0b341431ef48dc,u_00564,-1,wrong_answer,,2026-02-13T22:43:53.675641+00:00
fb_686da16a500e4b39,ev_f525b88873794dea,u_00283,1,,,2026-03-16T15:31:05.898801+00:00
fb_c71f0bd56bfa42af,ev_f536058c741d4d39,u_00136,1,,,2026-03-25T14:26:58.656038+00:00
fb_7f19f4fbb878458b,ev_5496bf510d564739,u_00433,1,,,2026-03-13T07:55:32.788457+00:00
fb_924492d898cf4386,ev_fef762d51fdb43a5,u_00146,-1,,,2026-04-01T03:39:48.311890+00:00
fb_2a043dad98634156,ev_c1c1b094e25749b1,u_00635,1,,,2026-03-25T05:48:45.139538+00:00
fb_50d5465efa3f463b,ev_cfe0834b6e1d45cf,u_00644,1,,,2026-02-21T21:57:35.905518+00:00
fb_26884a9564fb48a7,ev_ad0ce16217494644,u_00599,1,,,2026-03-24T15:27:46.077129+00:00
fb_a19ff8e5be104776,ev_9373e00532e04fa2,u_00109,1,,,2026-04-01T03:48:29.705213+00:00
fb_734d75005b1c4a05,ev_1f59cecded9148e6,u_00143,1,,,2026-02-28T08:51:42.491878+00:00
fb_2bae93be39564e39,ev_2917ae78fa3f4d14,u_00169,-1,,,2026-03-19T01:04:02.747715+00:00
fb_82ee5dc6e4264e10,ev_7f8e323819bd4fa6,u_00271,1,,,2026-03-07T18:56:53.396200+00:00
fb_9de67c4770284054,ev_cdb51180485c4a79,u_00021,-1,incomplete,,2026-03-18T14:52:30.181110+00:00
fb_5d9c111ed7734c2e,ev_da7bdade2fd441ed,u_00037,1,,,2026-04-02T10:55:09.855692+00:00
fb_5f5c264d9b5a4a25,ev_f1af16f68f0c4859,u_00646,1,,,2026-02-22T23:19:50.316939+00:00
fb_71fd931a38f44986,ev_a78bc61d3a71468b,u_00472,-1,,,2026-03-08T16:14:19.625703+00:00
fb_506a233b80a8448e,ev_30501cfdcfa347a1,u_00262,1,,,2026-03-23T04:41:20.665580+00:00
fb_26c409d5e6684933,ev_accf1a2ad25d4b03,u_00331,1,,,2026-03-10T01:55:34.989840+00:00
fb_d7e230fa185348bd,ev_8e79fea7b03b43ec,u_00493,1,,,2026-03-08T01:39:25.222167+00:00
fb_4b49c60ea31b44f8,ev_08ea0084c81045fd,u_00591,1,,,2026-02-23T09:48:06.627870+00:00
fb_8eab9121b0ea4de5,ev_c697bc32ea784354,u_00142,1,,,2026-02-18T17:18:54.322252+00:00
fb_9350943981c84e7e,ev_23994b0433f54cbf,u_00329,-1,incomplete,,2026-04-01T09:01:23.820886+00:00
fb_82cdf13fbe7a4baf,ev_f4fd1b76ad5e4762,u_00293,1,,,2026-04-12T17:17:48.440022+00:00
fb_c882ee156c62468d,ev_95f5396e036b436a,u_00516,1,,,2026-03-23T12:35:25.731882+00:00
fb_b4675e12d7cd4c2f,ev_5c8081a31a3547be,u_00440,1,,,2026-03-03T02:54:15.862403+00:00
fb_9519f2d7ee674a69,ev_647e1ad3a8a744b5,u_00636,1,,,2026-03-02T14:12:40.550087+00:00
fb_51c6ab581d154b44,ev_5d0f15bb79fd4ff0,u_00618,-1,incomplete,,2026-02-24T08:01:10.451504+00:00
fb_be51933c9cac4d92,ev_75adf2bb88bf4ed8,u_00570,-1,incomplete,,2026-04-17T10:23:37.573675+00:00
fb_7022bb8b4ed54564,ev_fc5258df40204ed4,u_00392,1,,,2026-02-02T19:53:03.736744+00:00
fb_8eb05d5dbd4144f4,ev_0daaf8e87ee5456a,u_00565,1,,,2026-02-07T03:31:56.376276+00:00
fb_570250dda2684733,ev_8c2b519f2b454afa,u_00167,-1,incomplete,,2026-02-22T01:28:51.590230+00:00
fb_f13bfa3d1c584324,ev_d57e861b4bd34d3a,u_00024,-1,hallucination,,2026-02-14T17:00:36.028410+00:00
fb_c0b6a6de3ec747f7,ev_7b495e4b794a48cb,u_00633,1,,good citations,2026-02-22T08:19:22.467051+00:00
fb_63408b6f2ff84366,ev_30d99efcc560444c,u_00425,-1,incomplete,,2026-02-11T02:46:48.507460+00:00
fb_5c8a09a109a1434b,ev_c2e8f382cbd94797,u_00122,1,,,2026-02-24T17:25:42.389428+00:00
fb_76a10c2a10774809,ev_28702ee570394037,u_00037,-1,wrong_answer,,2026-03-16T16:34:57.751930+00:00
fb_66da1d5024464543,ev_50e994eae2514025,u_00266,-1,wrong_answer,,2026-02-23T21:09:06.776885+00:00
fb_09e5a9b43fe047be,ev_b5dd515de1d247e3,u_00286,1,,,2026-02-19T11:54:48.582844+00:00
fb_a8dd924b711c401f,ev_6fdb4c05ad3d4c5b,u_00633,1,,,2026-02-11T01:39:39.890834+00:00
fb_cb7f249c5c8f44df,ev_3e999e65480e4de0,u_00439,-1,wrong_answer,,2026-04-06T19:57:19.175452+00:00
fb_04a4001e867a4409,ev_38f49e84e4a049e1,u_00368,1,,,2026-02-24T01:41:36.339856+00:00
fb_208ea546f27d4110,ev_2e46116573f34f3f,u_00640,1,,,2026-03-14T16:56:48.582824+00:00
fb_498c7e1e763e48d3,ev_77b06ab46bf24f44,u_00382,-1,wrong_answer,,2026-03-10T17:14:32.742171+00:00
fb_ff87dc30b5774fa4,ev_1907d5ad497d40bf,u_00469,1,,,2026-02-19T03:22:27.659523+00:00
fb_3e54dd5b3d404dc2,ev_410667cc1de9441b,u_00019,1,,,2026-02-28T18:56:56.631013+00:00
fb_a67b724d5a474f5c,ev_bd7ad3b9788a404b,u_00373,1,,,2026-02-08T07:49:08.634290+00:00
fb_369d552848df4a96,ev_ea6127f1279e414e,u_00032,1,,,2026-03-05T21:12:12.716241+00:00
fb_5f1ac142070e41e8,ev_b109b2585b6e43e4,u_00624,1,,,2026-02-24T18:33:20.657699+00:00
fb_5f049d78414a4dc8,ev_adb02fea8d2a4ee7,u_00569,-1,slow,,2026-03-19T07:07:46.546397+00:00
fb_b956ef1dada34108,ev_91b41ccc11b14163,u_00634,1,,,2026-02-26T18:20:26.555088+00:00
fb_072c5ea9a4604b64,ev_df0db59fea924aa3,u_00641,1,,,2026-02-26T19:45:20.984876+00:00
fb_ff4485e3f4be4eee,ev_f1e8e2afbea24e10,u_00404,1,,,2026-03-06T00:00:22.531809+00:00
fb_b9d8ad42e5f24c59,ev_cefba99c26bc4234,u_00454,-1,wrong_answer,,2026-03-14T23:39:03.340248+00:00
fb_5e810578e3c146aa,ev_5e7cd6545e4f4e6a,u_00014,1,,,2026-02-21T18:15:31.159062+00:00
fb_e0f1a7263c19463d,ev_3ab52abc54894ef8,u_00246,1,,,2026-04-04T10:31:10.823270+00:00
fb_d07ccb9875fc4b6f,ev_98222c01239e416e,u_00090,1,,,2026-03-11T18:41:35.804029+00:00
fb_a8f2b4c9d85c45ce,ev_b59538ff49ed4fd7,u_00109,1,,,2026-02-27T22:00:28.827749+00:00
fb_b4b02a0344704fd0,ev_956bfc47a079470f,u_00643,-1,wrong_answer,,2026-02-26T18:40:55.444632+00:00
fb_b263602065054fa0,ev_3f256520668144a0,u_00382,1,,perfect!,2026-03-16T10:50:40.843746+00:00
fb_5193581f9a6747a8,ev_8c5a9352d6d5465e,u_00186,1,,,2026-02-20T08:02:34.199998+00:00
fb_6e8f0fdf844b40c3,ev_e12704734fa34940,u_00618,1,,good citations,2026-03-04T16:50:42.800831+00:00
fb_3fbf378c5e16467c,ev_692889f90fab4f48,u_00106,1,,,2026-03-22T12:13:29.803149+00:00
fb_a7c0cd7e01944d51,ev_7e4aead266e448a1,u_00431,1,,,2026-02-20T22:13:31.742581+00:00
fb_998c637c92f940c1,ev_db133169acd240f1,u_00478,1,,,2026-03-10T12:09:39.743709+00:00
fb_6471f3c8327a44d9,ev_fabb98ddbc044957,u_00405,-1,incomplete,,2026-03-28T22:13:45.829252+00:00
fb_39cadab89d354200,ev_98c49df2a4a44d1e,u_00651,-1,wrong_answer,,2026-02-24T17:05:25.161596+00:00
fb_9b682f35e18c46b8,ev_9c4abfcc9e504aa4,u_00096,-1,wrong_answer,incomplete response,2026-03-31T14:14:04.200533+00:00
fb_12b5055d70284043,ev_289a9021f65f4981,u_00034,1,,,2026-04-03T02:58:23.101255+00:00
fb_633ea26c922b46a3,ev_a94bdff286ce4ae5,u_00593,-1,hallucination,,2026-02-12T15:55:22.104097+00:00
fb_aa841761a47a4f46,ev_701afe46f1b5441d,u_00017,1,,,2026-02-04T15:42:51.907445+00:00
fb_2f22a1b257bf4af0,ev_0266a90d07954e11,u_00090,1,,,2026-02-10T15:58:46.969893+00:00
fb_1c654ced5fc24e52,ev_1f7be9dda09b478f,u_00165,1,,,2026-02-04T01:25:12.902123+00:00
fb_94e1ba55c41d4cc3,ev_4afbb9b9d0304584,u_00676,-1,incomplete,,2026-02-16T14:42:55.338290+00:00
fb_06ff6cd7a9a14487,ev_f8699333d4f040b2,u_00347,-1,,,2026-03-21T07:13:29.740178+00:00
fb_704f4668a8134495,ev_72895d7c0cdb439b,u_00423,1,,,2026-03-14T00:43:43.091803+00:00
fb_6ccc5755e72a4b90,ev_c3d4c9e169e54856,u_00095,1,,perfect!,2026-04-05T03:43:49.471129+00:00
fb_877a94a536274763,ev_d9f03ee8100b4d01,u_00331,-1,hallucination,,2026-04-04T18:44:50.182102+00:00
fb_87e3fc5248854568,ev_12f8cd504e0741cd,u_00189,1,,,2026-02-28T01:36:05.950074+00:00
fb_670a3b04905346df,ev_3b8a1c81933548a1,u_00245,-1,hallucination,,2026-04-18T21:26:11.221453+00:00
fb_2b37267b305c421b,ev_ed63f107f8604862,u_00116,-1,wrong_answer,,2026-03-28T18:21:52.082567+00:00
fb_2aa001a63ef6482b,ev_8349fcc535dc4c05,u_00202,1,,,2026-02-18T14:48:04.791776+00:00
fb_fe0c8456a05b465d,ev_cd7a0178a0894212,u_00117,1,,,2026-04-03T03:38:39.284913+00:00
fb_f1deb7cfdc3148d8,ev_daf5be9537954e83,u_00291,1,,,2026-02-19T03:02:10.131294+00:00
fb_96615c45fe8b483d,ev_4f711dde1ccd4b7a,u_00361,1,,,2026-04-02T15:42:00.948761+00:00
fb_e99b491d8e57438c,ev_9379af1b89d640c8,u_00164,1,,,2026-03-20T06:59:51.518928+00:00
fb_5e1114358e2a4716,ev_544792f872394120,u_00601,1,,,2026-03-22T17:22:39.062559+00:00
fb_05ee028b41ac406e,ev_a381f12dd38a4eae,u_00261,1,,,2026-02-22T06:11:31.199336+00:00
fb_724b5a14032945e8,ev_b62b0500e7884ac8,u_00421,1,,,2026-03-08T13:55:41.653122+00:00
fb_2140774edbe247b8,ev_58c98cffa09845ac,u_00638,-1,wrong_answer,,2026-04-11T10:53:46.073701+00:00
fb_3f7a51da535240ea,ev_bf824451d74e4fd0,u_00649,-1,other,,2026-02-17T03:40:00.999289+00:00
fb_898dbf12384a41fe,ev_3d544b2e7c33433a,u_00034,1,,,2026-02-23T00:28:02.496963+00:00
fb_3ad462f11d3c4cfb,ev_09b946bbbe35425b,u_00409,1,,,2026-03-23T23:31:34.743347+00:00
fb_b02d2755ec76444c,ev_b69a0400b8cf4720,u_00215,-1,,,2026-02-20T23:30:25.316168+00:00
fb_c61c42a8aa0f45f7,ev_107cf8f6ece441f2,u_00084,1,,,2026-02-09T14:33:26.144866+00:00
fb_8e9e819154da4c7b,ev_e2347dab0b4f4a9a,u_00322,-1,hallucination,,2026-02-18T18:43:47.837869+00:00
fb_eb8f80c607ab4494,ev_90275979c1354dab,u_00090,1,,,2026-02-21T09:06:42.598295+00:00
fb_b1961e3390354b86,ev_1d1d454c434c48dc,u_00147,1,,,2026-03-25T12:33:28.298059+00:00
fb_15b91b48c7e24e4b,ev_8ec0970af63a4de5,u_00324,-1,incomplete,,2026-02-25T04:04:42.054013+00:00
fb_4f9d687837454a4e,ev_7551e3d0d4994e7a,u_00268,1,,,2026-02-21T21:50:58.907216+00:00
fb_2bf37e068bbb4d4c,ev_98a7321b082f49dd,u_00618,1,,,2026-03-04T04:50:38.679510+00:00
fb_513f793f48254f04,ev_418d60b34e1f442f,u_00129,1,,,2026-02-09T16:03:13.839053+00:00
fb_b81b6bbb048a4697,ev_97f7d9d6a0e74b3f,u_00556,1,,,2026-03-29T07:35:41.450136+00:00
fb_96b4d9d0a1d641ab,ev_2cec60dea65845d3,u_00142,1,,perfect!,2026-03-10T15:51:46.253227+00:00
fb_616f6eeb34b0491e,ev_433ba6d1515247c7,u_00130,1,,,2026-03-19T01:40:00.760000+00:00
fb_9304fd3c5c614227,ev_8d6b6b57e21a4586,u_00110,1,,,2026-02-14T21:52:11.861411+00:00
fb_6198a2f0da644b35,ev_a8df7b54740c4b5d,u_00536,1,,,2026-02-25T11:04:08.864621+00:00
fb_00dba9c92830496e,ev_ff341955b716467b,u_00025,1,,,2026-03-21T15:51:42.290582+00:00
fb_e2fc18fe288d4fad,ev_ceb6e32c97464f6d,u_00213,1,,,2026-02-25T12:34:44.010283+00:00
fb_4a57bc62feb84d20,ev_331ca5a46b2b4ddc,u_00549,1,,,2026-03-14T12:35:58.662388+00:00
fb_32045b4b6bad4594,ev_a5444fe442da441e,u_00265,1,,,2026-04-06T21:06:16.998694+00:00
fb_72ad5bc9f15d4148,ev_dbfdc3e926e84662,u_00168,1,,,2026-04-04T21:32:29.988624+00:00
fb_7a5fcb8a03c44aea,ev_2a21f25203f54a16,u_00176,-1,wrong_answer,,2026-02-19T23:14:47.045882+00:00
fb_120b34e240304dcf,ev_71f96e96bc4f4016,u_00126,1,,,2026-02-27T10:35:38.700861+00:00
fb_64a9f56322c44333,ev_9b664acc42f74508,u_00604,-1,,,2026-03-26T01:34:51.116764+00:00
fb_4b2ffce607824509,ev_014e7ad7ea5d4ea2,u_00159,1,,,2026-02-11T10:28:46.623293+00:00
fb_674b697d692149b5,ev_2d0367ccf32e4c28,u_00203,-1,hallucination,,2026-03-11T23:31:53.165676+00:00
fb_f8580b4a26064050,ev_f0da4e50017c4c8c,u_00279,1,,,2026-02-20T00:42:05.633084+00:00
fb_eda97ad400564552,ev_0f49aeb74d7e474e,u_00579,1,,good citations,2026-03-14T21:33:51.208804+00:00
fb_944a40ed82a14f15,ev_d3fd1d3ddb8f4f93,u_00405,-1,other,,2026-03-29T14:05:14.507261+00:00
fb_a1c2795897794d58,ev_a5e4e1a118b84277,u_00199,1,,,2026-03-12T03:54:53.804065+00:00
fb_28b1ea2838114e40,ev_7c3986227c6d4729,u_00054,1,,good citations,2026-02-04T06:29:06.711743+00:00
fb_f1e601f30d3f48ec,ev_830bca8393624aba,u_00321,1,,,2026-02-25T15:09:38.759148+00:00
fb_26703f50fdb44803,ev_58b8e9619656492c,u_00636,1,,,2026-02-10T06:56:53.022941+00:00
fb_c2c5ac9a3d494660,ev_541d8b84486048fb,u_00029,1,,perfect!,2026-03-16T09:43:15.028109+00:00
fb_0edf8ac8d8ec44a7,ev_df5be4e0e2964ed1,u_00309,1,,,2026-03-03T13:09:40.709482+00:00
fb_9561845637bf407a,ev_9ffca23e333d414e,u_00251,1,,,2026-02-24T10:51:53.937861+00:00
fb_8698c3b8ac774d22,ev_79eab278c1024990,u_00283,1,,,2026-03-13T03:30:13.787767+00:00
fb_4fdcc521de8e4407,ev_1714887a115c4a9c,u_00360,-1,hallucination,,2026-02-17T04:16:29.917675+00:00
fb_b22cb0dd2b5b44c1,ev_1e9063de44aa4c51,u_00330,1,,,2026-02-13T22:36:46.735078+00:00
fb_abd04b39e4eb4ea3,ev_4f6fc8fc7b244fdf,u_00131,1,,,2026-03-08T12:41:45.130500+00:00
fb_b13d4696549a4050,ev_2254d23197c4489d,u_00130,1,,,2026-03-17T16:17:20.273198+00:00
fb_ba54d86c787a4950,ev_0169602a1f74450e,u_00645,-1,wrong_answer,,2026-03-17T18:44:24.443665+00:00
fb_280c762b1f554e44,ev_e457ee9ccebc49d9,u_00116,-1,incomplete,,2026-03-19T22:13:32.923610+00:00
fb_6417b6527f144bc5,ev_2387ad06e7a4444c,u_00068,-1,incomplete,,2026-03-14T08:18:45.866988+00:00
fb_e1cf7b434d6a494e,ev_44c57d9f650d4c56,u_00169,1,,,2026-04-11T22:08:41.544245+00:00
fb_a07cf610dc0a4570,ev_68e0d4720afc4ce2,u_00555,2,,,2026-02-24T22:16:12.496917+00:00
fb_916e38f8ad1a4450,ev_d402074881c342e2,u_00494,1,,,2026-02-23T18:01:41.245175+00:00
fb_6953c736a12b4efb,ev_5baaa0303256442c,u_00209,-1,incomplete,,2026-03-25T01:58:50.380084+00:00
fb_e719ee56c88e4662,ev_7f4d675397e7431c,u_00097,1,,,2026-03-27T01:15:06.023204+00:00
fb_cc18de955c4c4b49,ev_6ff37304823247db,u_00301,1,,,2026-02-13T21:47:01.661459+00:00
fb_9aa93b6347cc49d4,ev_2a15f1da36fa4f93,u_00092,1,,,2026-02-20T02:36:26.345383+00:00
fb_1311c40dc1564cae,ev_744c1a5a27db40cd,u_00469,1,,,2026-02-13T02:36:01.237668+00:00
fb_c3bfeb5286684750,ev_5390a41894254ed9,u_00291,1,,,2026-03-06T02:20:04.388206+00:00
fb_6d81773108754743,ev_dedbec23cd4d4894,u_00385,-1,wrong_answer,,2026-02-26T11:07:43.775002+00:00
fb_84d54db614d1432d,ev_610ec21aa4014075,u_00359,1,,,2026-02-09T02:27:36.160885+00:00
fb_9ff8b6b2d84a4050,ev_83d1f0e88c8f4233,u_00274,1,,,2026-02-11T06:59:54.668928+00:00
fb_57a2768c5aea441c,ev_514c8e1d511c41c2,u_00577,1,,,2026-04-05T11:22:59.087037+00:00
fb_c1cd20c37b3b446a,ev_975909511ea44766,u_00239,1,,,2026-02-23T23:21:13.432709+00:00
fb_6d252558ffc84b89,ev_a04e7df24e744e9b,u_00270,-1,,,2026-02-15T14:42:53.158973+00:00
fb_5cff8db010444780,ev_3b374513f67d4d78,u_00652,1,,,2026-03-22T04:49:13.261246+00:00
fb_b5ad796f490f40c8,ev_085c0a5f09054956,u_00106,1,,,2026-02-25T08:36:23.113974+00:00
fb_6f82c55de95943ca,ev_bc156a4993e14cc8,u_00338,1,,,2026-04-02T12:19:02.896955+00:00
fb_5ae6a1a67f1b4a11,ev_b692749a370c42d6,u_00168,1,,good citations,2026-03-11T04:33:01.822065+00:00
fb_417fb9018664476d,ev_5835e91fec7d4e5c,u_00124,1,,,2026-02-04T15:22:22.601969+00:00
fb_8070a83e2c6e4a73,ev_aa2966b49a154b87,u_00019,-1,incomplete,,2026-02-19T13:22:56.971799+00:00
fb_6d2c0a933ec042fb,ev_e285db3bc8de4cc4,u_00467,-1,incomplete,,2026-03-18T22:43:41.678330+00:00
fb_5a85e84a4fd9418c,ev_a088bd2508f840ea,u_00471,1,,,2026-02-12T23:21:46.688619+00:00
fb_cde972a74a364e32,ev_0dd09be265a04784,u_00165,-1,incomplete,,2026-02-20T05:02:54.545395+00:00
fb_6f1cba7008214ed2,ev_4f40fd5d6a7147ee,u_00204,1,,perfect!,2026-03-04T05:53:17.212807+00:00
fb_ad464cb1f2e248ec,ev_7e4feaf48c1241cf,u_00650,1,,,2026-02-21T01:47:17.046572+00:00
fb_987e75bbbdf14d6c,ev_954db2dd78b64c7c,u_00416,1,,,2026-02-24T22:30:57.513233+00:00
fb_6e1bf91882c14f17,ev_4abe88fee28f48db,u_00084,1,,,2026-02-27T08:59:22.087265+00:00
fb_b9fec5f253574a4f,ev_4968ce055529437f_orphan,u_00604,1,,,2026-02-21T00:00:00+00:00
fb_dd614a74ea0e4c39,ev_2155de7b04bd43da,u_00306,1,,perfect!,2026-03-12T18:21:23.451852+00:00
fb_f1d0eb1ef35145be,ev_f044bdf97f794f31,u_00018,1,,,2026-03-28T15:06:50.389918+00:00
fb_508756b3b4f84ae8,ev_20205eee567746c6,u_00523,1,,,2026-02-19T18:03:04.509240+00:00
fb_2cf065b6949b403b,ev_7da4a90403f44e62,u_00472,1,,,2026-02-21T19:55:45.350747+00:00
fb_b25006aefbf649ed,ev_314f477b16484ff3,u_00158,1,,perfect!,2026-03-24T04:23:44.879939+00:00
fb_e65ee05a097c43d2,ev_3f34d69aad104a45,u_00361,1,,,2026-02-20T21:33:49.655436+00:00
fb_be8f510693f44942,ev_a0bd6fa88b5841d9,u_00325,1,,,2026-02-05T14:05:01.080653+00:00
fb_4e9b0d2876ea4497,ev_305dc5e8c1494891,u_00385,-1,hallucination,,2026-03-13T00:43:43.720905+00:00
fb_628c2c325b324982,ev_82d5c63aa3e640a6,u_00420,1,,,2026-02-21T22:18:06.106440+00:00
fb_a008de0aefa747ef,ev_ec117091cdbb4f08,u_00670,1,,perfect!,2026-02-21T21:04:44.238461+00:00
fb_68d4b79fa4f444b5,ev_3f430f760dd64da3,u_00250,1,,,2026-03-18T11:05:13.543184+00:00
fb_f281f43c9eb24a44,ev_cbf8781a5c19431b,u_00427,1,,,2026-03-05T16:07:15.010915+00:00
fb_609a5b95abf84f7d,ev_dba8d69a13ff40ff,u_00025,-1,,,2026-02-23T11:04:54.779740+00:00
fb_8567aaedd896402b,ev_65bdcc9ecc4441bf,u_00102,1,,,2026-03-07T11:49:54.141846+00:00
fb_1c7d5b2148a64c09,ev_bea9fc83510e413d,u_00139,-1,wrong_answer,,2026-02-11T13:13:40.193055+00:00
fb_0a87526626de4a8e,ev_4aee76730cfd4f7b,u_00106,1,,,2026-03-01T01:09:49.168832+00:00
fb_e2b1e789255a4ddc,ev_2f1f3c13fbb74c4b,u_00176,0,,,2026-03-14T14:21:46.213291+00:00
fb_e59ba22eb0a94dc3,ev_6534924526504602,u_00072,1,,,2026-02-17T18:29:11.851634+00:00
fb_2c17c3e1eb4849ab,ev_b716b8712f1f4551,u_00295,1,,,2026-03-25T06:19:58.585279+00:00
fb_33490b0453454068,ev_2d547dfbd6d84888,u_00166,-1,incomplete,missing a key citation,2026-02-21T15:55:39.129726+00:00
fb_412d122f77244fbc,ev_dc2a20258b504b84,u_00043,1,,,2026-03-13T12:38:06.668195+00:00
fb_7092ed9edcfd47ed,ev_09a20c272242451c,u_00467,1,,,2026-03-10T05:18:46.275930+00:00
fb_373444d33f414afe,ev_ef91a7c0bda34e17,u_00658,1,,,2026-03-26T08:27:31.146504+00:00
fb_6360ad35203a4bd3,ev_f9a77e969ead455c,u_00620,-1,,,2026-03-29T11:23:35.441487+00:00
fb_d8f3810463234a23,ev_3fddd5f645ac49c0,u_00554,1,,,2026-03-11T20:23:53.804265+00:00
fb_94d60907717b4573,ev_2b201e426fef45c0,u_00190,1,,,2026-03-04T05:57:03.201810+00:00
fb_c48a201e8f3e4c77,ev_e116f79751fe48e6,u_00131,1,,,2026-03-25T11:20:39.931095+00:00
fb_506cdf16b8104c5f,ev_39561d5ee7aa4d0f,u_00113,1,,,2026-03-02T21:48:51.928625+00:00
fb_3b750fb9f08a4b28,ev_6659abdeef1a4778,u_00360,1,,,2026-03-23T14:35:37.208954+00:00
fb_2399ee1aca2f4650,ev_78943ac0044147c4,u_00535,1,,,2026-03-20T19:42:38.712319+00:00
fb_d78135cbbdf04387,ev_4b09b3c3efe64f0d,u_00262,1,,,2026-04-12T00:39:28.034963+00:00
fb_7f97452f39f4478c,ev_e538838f30404a55,u_00107,1,,,2026-03-02T09:28:59.160490+00:00
fb_5f723b800ca345c1,ev_2dfd6eb6997e4fef,u_00386,1,,,2026-03-11T06:45:28.493249+00:00
fb_a5fd6128b1324bb5,ev_681dfc8109c246c9,u_orphan_1,1,,,2026-02-14T19:07:32.927387+00:00
fb_01ccab73649645b2,ev_d8a0b3539aeb44be,u_00332,1,,,2026-02-24T05:22:52.906786+00:00
fb_db49292343be4613,ev_bc29f97827424328,u_00580,1,,,2026-02-23T11:19:07.314980+00:00
fb_8e3997e4160c49f6,ev_1f9268ee97e742c7,u_00372,1,,,2026-03-13T02:54:19.983360+00:00
fb_fd2e3c8b973a4d31,ev_6ebe2f877a8242a5,u_00403,-1,,too generic,2026-03-16T06:24:47.747534+00:00
fb_2df15e17a5bb47f5,ev_a5bae197c95244b4,u_00283,1,,,2026-03-11T11:04:56.123848+00:00
fb_d366c29238274107,ev_d517c9d16c6c44ce,u_00073,1,,,2026-02-14T11:47:37.088096+00:00
fb_6ad2911321034918,ev_1483cdb0b2a04bbd,u_00358,-1,,,2026-02-20T22:23:08.288270+00:00
fb_04a4b8a276ff4aa3,ev_252fb88a8c624312,u_00268,1,,,2026-02-14T13:09:53.610540+00:00
fb_51f15b8b499848c9,ev_6d242674a9fb4972,u_00604,1,,,2026-02-16T10:00:21.614934+00:00
fb_75c14ba2e3b94604,ev_9674126a90d24c8c,u_00146,1,,,2026-02-23T12:27:57.487544+00:00
fb_8a01bec4baf54fe3,ev_e5518d87347d45c8,u_00182,1,,,2026-03-03T00:07:35.785733+00:00
fb_8b222bb3816647c2,ev_d0c196829c174980,u_00506,1,,,2026-02-16T01:35:32.110886+00:00
fb_141e85d139a44aa1,ev_7d35a124868248f1,u_00116,1,,,2026-02-24T14:20:02.467665+00:00
fb_3d50416e7ae041ec,ev_e7f7d862640c4191,u_00175,1,,,2026-03-12T06:38:40.829146+00:00
fb_9366499ca5ac4df8,ev_0353f59762584592,u_00102,-1,hallucination,,2026-03-19T23:25:37.575965+00:00
fb_923e5db7c5604e9d,ev_92e2826a1fc2410d,u_00321,1,,,2026-02-20T05:30:52.985789+00:00
fb_729e3670acf94a44,ev_f2581610a0c94c43,u_00296,-1,,,2026-02-18T07:18:21.384188+00:00
fb_c4138b99b10b40f6,ev_46ff5920bda747c3,u_00022,1,,,2026-03-04T14:57:21.068643+00:00
fb_e4e2c6997fd84b32,ev_bad3d06f9e2a4e07,u_00469,-1,slow,,2026-03-24T18:13:20.244611+00:00
fb_527f916620464a89,ev_9cfe0859dfbd4e5a,u_00337,-1,wrong_answer,,2026-02-19T05:22:10.324449+00:00
fb_39ed3a19e50d458a,ev_043fb47c6e7444e2,u_00469,-1,incomplete,,2026-02-17T00:59:28.354180+00:00
fb_f613b452bf2348d3,ev_8506ad8ef3a04055,u_00041,1,,,2026-03-27T09:21:16.699557+00:00
fb_48213f3a9f5d4c41,ev_57d9f29a8a674f93,u_00039,1,,,2026-02-23T08:54:56.959688+00:00
fb_d63d9ecfcdd542ac,ev_e90e54791c664889,u_00415,-1,wrong_answer,,2026-03-16T02:04:17.311914+00:00
fb_38f37ea2834141ef,ev_3881f845cc1845c9,u_00291,1,,,2026-02-23T09:03:36.165242+00:00
fb_8d2389ffed594588,ev_9822385712524571,u_00364,1,,,2026-02-19T08:45:34.388757+00:00
fb_c68b209323ff4a23,ev_43b7edb9deaf4dfc,u_00559,1,,,2026-03-02T14:18:12.065008+00:00
fb_ec5f62edf5e74c44,ev_ab7cab3722ce4eb2,u_00120,1,,,2026-03-23T15:36:12.601612+00:00
fb_13eea4baf0164f27,ev_94ded76fe2484655,u_00142,1,,,2026-02-02T18:16:27.033531+00:00
fb_fbb4ff893c6e4260,ev_a1c1561964054b84,u_00680,-1,wrong_answer,not relevant to Italian law,2026-03-24T06:12:18.339087+00:00
fb_81c493e9853e4030,ev_c1e0401e2df14242,u_00024,-1,hallucination,,2026-04-02T03:55:02.445849+00:00
fb_b30c86b9586e492f,ev_43c322afcbef4462,u_00554,1,,,2026-03-13T10:46:11.144428+00:00
fb_f6c7e394b36a431d,ev_bda1dad59b5b46cc,u_00296,-1,hallucination,,2026-03-27T16:55:18.119750+00:00
fb_434c19cd98644667,ev_8beea88f901c4414,u_00314,-1,,,2026-03-07T09:13:05.956771+00:00
fb_7e5ed0d1f74246a3,ev_2c564a240b2d4724,u_00579,1,,,2026-03-13T23:18:42.971678+00:00
fb_18541b676a934f97,ev_6131a236429e42eb,u_00389,-1,other,too slow,2026-03-24T03:59:49.850180+00:00
fb_35f92f57de514b68,ev_be034557c75545fc,u_00148,-1,,,2026-03-26T01:40:28.277970+00:00
fb_4fc1ef075d284fb2,ev_a2aed5ec5ac34a41,u_00158,1,,,2026-02-15T21:23:23.225573+00:00
fb_b62e453d0dbb4473,ev_eb2c9a62d60a43fa,u_00031,1,,saved me 30 minutes,2026-03-02T02:26:50.387785+00:00
fb_7c848b7076ab4445,ev_b544ff7f2cd34677,u_00675,1,,,2026-03-03T03:23:29.234432+00:00
fb_1bfa5ab692234dd5,ev_6f934fad245d42e2,u_00468,1,,,2026-02-18T02:33:40.813990+00:00
fb_216b18952faa4822,ev_746af055be3c41d6,u_00265,1,,,2026-02-12T11:48:28.550025+00:00
fb_89f76464d8e14b75,ev_0b80943f2e2046aa,u_00044,1,,,2026-02-18T01:58:15.886090+00:00
fb_ccfb1d76e48f48d0,ev_de6cee3517464441,u_00018,1,,,2026-03-16T04:35:53.424343+00:00
fb_487aa8461ca34774,ev_4c657ed6724b4100,u_00392,-1,slow,missing a key citation,2026-02-18T19:45:42.550828+00:00
fb_14134bdde23f4c87,ev_d438632445f94b8a,u_00069,1,,,2026-03-06T03:06:25.866705+00:00
fb_b77bcc16b8fe41b2,ev_d8fa948e43ad4c7a,u_00636,1,,,2026-03-19T11:55:59.146963+00:00
fb_c23c31cfe8ba42eb,ev_4c080d2e24074cc0,u_00290,1,,,2026-03-06T06:22:49.475578+00:00
fb_2df7b26215f845f3,ev_753938b270a14896,u_00652,-1,,,2026-02-24T01:12:55.972767+00:00
fb_9119aedcadec44a4,ev_ce1134ae20bb4ce3,u_00280,1,,,2026-02-22T09:56:37.575315+00:00
fb_ebeb7af7aba840fc,ev_98411d8430944d58,u_00098,1,,,2026-03-03T11:49:51.682273+00:00
fb_85188050ec7441f8,ev_fb199dab75d44e8d,u_00321,1,,,2026-03-12T21:22:52.455151+00:00
fb_56909bb104e64358,ev_054c45635ddf4d7d,u_00066,1,,,2026-03-02T14:18:22.007390+00:00
fb_3e1ac9a356234dbc,ev_066aea89829a4504,u_00191,1,,,2026-02-17T12:26:23.957948+00:00
fb_9df9207cae294093,ev_b144ca2a2d784a8c,u_00404,1,,,2026-02-28T03:58:57.214359+00:00
fb_4736cdcfb6fe464f,ev_661a6706fbe844cb,u_00352,-1,incomplete,,2026-03-10T19:00:31.814661+00:00
fb_d72e5b3ea4aa45e8,ev_0eaa4c7746354c3e,u_00537,1,,perfect!,2026-02-10T02:17:00.053608+00:00
fb_40c36bb4590b4cdb,ev_dfc74ca98f1645c6,u_00562,-1,wrong_answer,,2026-02-21T02:14:42.496786+00:00
fb_d76334d985794421,ev_853c97907c5a441f,u_00087,1,,,2026-03-06T05:54:48.095567+00:00
fb_5b5fcc3321004116,ev_263e80f6f2ad4bdc,u_00249,1,,,2026-02-16T13:34:30.968604+00:00
fb_fd10b254f6bb46d8,ev_3c6becaa2f704137,u_00054,1,,,2026-03-25T11:54:17.078781+00:00
fb_2e175d3add1a40c3,ev_882f0f44f00c46fa,u_00579,1,,,2026-02-17T15:02:17.631075+00:00
fb_639c69f51d9e4836,ev_ee6fc36c876348ab,u_00271,1,,,2026-02-25T02:25:36.611378+00:00
fb_cb7d5a7e4d854260,ev_4ce4ba7056b64ee7,u_00408,1,,,2026-02-18T12:33:39.081390+00:00
fb_3affb48e1c644c62,ev_54138b4bb8f04b62,u_00544,1,,,2026-02-14T17:50:45.190818+00:00
fb_32ebaf544b944201,ev_cf90203f72574c14_orphan,u_00352,1,,,2026-03-12T00:00:00+00:00
fb_e84fd4be36434bfb,ev_61eb0969bd9748f2,u_00129,1,,,2026-02-28T00:56:43.882469+00:00
fb_591594fd243f4ea5,ev_3a4868ce6ddd416f,u_00281,-1,incomplete,,2026-03-30T18:08:05.888836+00:00
fb_51d3a3b474694d1f,ev_dad8674a09ff42f2,u_00550,1,,,2026-02-09T18:36:43.197523+00:00
fb_9bc18ada63174ad4,ev_8128371d2a094201,u_00494,-1,wrong_answer,,2026-02-23T02:38:06.904314+00:00
fb_9d3262091819444c,ev_46867197d68248c2,u_00462,1,,,2026-02-10T22:13:58.954165+00:00
fb_d1374f4a97d54748,ev_654e06d19ea841ca,u_00119,1,,,2026-04-01T12:07:15.494333+00:00
fb_5efe0ae2c1794c9a,ev_86e41d78420c4e37,u_00269,1,,,2026-03-10T16:55:08.832361+00:00
fb_21fcc369898d4ccf,ev_a8892ea36f1e427d,u_00266,1,,,2026-02-22T13:51:30.359785+00:00
fb_af73a26ab61f46b8,ev_2c63b26d3ed044de,u_00525,1,,,2026-02-16T00:29:36.181394+00:00
fb_9461dc5770b94ba4,ev_ae009a86629c4b08,u_00135,1,,,2026-02-14T02:08:18.643679+00:00
fb_1c85f9d7babf4419,ev_c41ae349d55e4138,u_00068,1,,,2026-03-29T05:54:35.185027+00:00
fb_28e3c90454be4191,ev_e1b2cf3dbcd743f2,u_00547,1,,,2026-03-26T09:56:08.561611+00:00
fb_cf412b77e232476a,ev_36c01adb53d643e1,u_00379,-1,incomplete,,2026-02-14T14:11:08.870391+00:00
fb_c89e4ceafe6e45d7,ev_9f0574be60c64e84,u_00186,1,,perfect!,2026-02-22T00:49:59.452368+00:00
fb_4d626ebf7ff84d10,ev_092c81c4fbe447fd,u_00348,1,,,2026-03-15T14:06:07.803091+00:00
fb_b445ef59c2e74f26,ev_256f1697de5d48d6,u_00044,-1,wrong_answer,,2026-03-06T14:53:41.895259+00:00
fb_dbf2023ec89a4593,ev_5ed99d2fb20f4960,u_00640,1,,,2026-03-08T03:19:26.806743+00:00
fb_bc04cb3a6ff14055,ev_5799877bd068499e,u_00241,1,,,2026-02-21T18:26:05.003239+00:00
fb_319b109fc2fa4428,ev_bbe681dc66294660,u_00358,-1,wrong_answer,,2026-03-18T08:47:34.553511+00:00
fb_88042445852f494d,ev_a39c6e423c534e1e,u_00372,1,,,2026-02-11T16:49:24.850249+00:00
fb_72dad390ff454c94,ev_ca31870143df4c32,u_00176,1,,,2026-03-15T22:39:53.181201+00:00
fb_ce3808d305ad4fbe,ev_ac72a659f4e34a2c,u_00633,1,,,2026-03-22T23:12:13.832959+00:00
fb_4db889f564bf432f,ev_ae7a5a6732724376,u_00075,1,,,2026-02-26T19:52:13.208419+00:00
fb_9d3eca547bd44eef,ev_16014286361941fe,u_00638,1,,,2026-02-06T03:13:13.616905+00:00
fb_045dd03a202140e9,ev_20ce331a8cad43a6,u_00573,-1,,,2026-03-01T01:41:59.561182+00:00
fb_f842c4f5a510412f,ev_c9403db4b28a4657,u_00406,-1,,,2026-04-03T15:55:40.699622+00:00
fb_f7760d83f1ea4ec1,ev_6f71bdda702b4586,u_00215,-1,,,2026-02-19T10:44:51.415112+00:00
fb_696939714e5048c8,ev_c20324010dc04199,u_00545,1,,,2026-02-21T17:55:58.249112+00:00
fb_11487a22c95e41da,ev_217e08190856467a,u_00427,1,,,2026-03-03T17:34:03.747765+00:00
fb_4f0fd9d2f16840af,ev_067d9bdd561148a9,u_00234,1,,,2026-04-07T11:34:42.899667+00:00
fb_e60cb2f320584c67,ev_7e0ec99dce114554,u_00574,1,,,2026-03-06T14:14:11.209670+00:00
fb_79f221717c4a4671,ev_3b308928b3d4428e,u_00067,1,,,2026-02-27T07:57:09.315246+00:00
fb_2379c18184ff43d7,ev_dd1014e341d74d6f,u_00237,1,,,2026-03-16T09:32:58.787567+00:00
fb_60b7193f08174951,ev_50068fbc43df49f5,u_00196,1,,perfect!,2026-02-22T06:51:07.222656+00:00
fb_b50cd771c833450a,ev_6429f6265d0548ec,u_00205,1,,,2026-02-03T03:07:44.544514+00:00
fb_5f722a1d60774a5e,ev_d6e9135682ef44fc,u_00101,-1,wrong_answer,,2026-03-11T07:05:33.838440+00:00
fb_b5b7fcb23f3a4e8b,ev_bed3748f94d74a97,u_00366,-1,,,2026-03-22T21:42:34.585874+00:00
fb_265b3625edbe47aa,ev_1c3c70bad5b6465b,u_00415,1,,,2026-03-05T13:31:45.402113+00:00
fb_89e23dad771a4701,ev_f21d1647d4a84659,u_00113,1,,,2026-03-03T11:09:58.408886+00:00
fb_26f5914649dc4ce3,ev_3806342be0e045e8,u_00502,1,,,2026-02-26T07:51:02.461263+00:00
fb_ef165eb6a8024551,ev_32034de559ad4b14,u_00428,1,,,2026-02-11T13:40:25.515609+00:00
fb_a1496f07fe6049f0,ev_0545b5a854564fad,u_00189,-1,incomplete,,2026-03-12T07:50:22.561115+00:00
fb_aaf790db85d84186,ev_d5e49549a75644f0,u_00496,1,,,2026-04-04T20:36:50.730614+00:00
fb_bb4990612c1e4030,ev_e56468c7e9614426,u_00125,-1,,,2026-02-21T12:05:24.470483+00:00
fb_48348fde943c47b4,ev_0c22f74475214884,u_00073,1,,,2026-04-09T09:02:55.289262+00:00
fb_4bf619f8bab44ba1,ev_6a9eac312a2b4bc7,u_00366,1,,,2026-02-20T22:15:11.840676+00:00
fb_df741ff83ac24659,ev_4a60456c5d354c82,u_00430,-1,other,,2026-02-22T17:33:09.002000+00:00
fb_fb218257a5874328,ev_1c27d577002f4cdc,u_00197,-1,slow,,2026-03-03T23:40:34.949347+00:00
fb_a616e7266bbd40d2,ev_09db9082d19c4fc1,u_00249,1,,,2026-03-13T10:46:43.384205+00:00
fb_678b7f9f3bcc4c9e,ev_5663a57673a7416e,u_00195,1,,,2026-04-01T19:37:31.554382+00:00
fb_51438df1b75b4b89,ev_959771f576cd4d8e,u_00684,1,,good citations,2026-02-23T05:55:58.337292+00:00
fb_204f4183ac7d4118,ev_c9bbfc3da7f14863,u_00265,1,,,2026-03-09T06:04:32.566850+00:00
fb_26c681eca37c4df4,ev_9f6f304f7c304d5d,u_00405,1,,,2026-02-13T09:17:52.302472+00:00
fb_456764e16fbb4e31,ev_ef59bdcb22304b88,u_00501,1,,,2026-03-16T10:31:42.110288+00:00
fb_ea6074aec4f44046,ev_abc5f24e48d04586,u_00033,1,,,2026-03-14T16:13:50.096538+00:00
fb_8ce5fd9511464566,ev_54f3ca6a8b0e4d91,u_00192,1,,,2026-03-25T14:39:47.610672+00:00
fb_54b5c15669a14d22,ev_33acf531f3454108,u_00331,1,,,2026-03-28T14:54:31.678518+00:00
fb_0b02bed4f186440b,ev_428ae903bdc3489c,u_00317,1,,,2026-03-04T20:52:40.689092+00:00
fb_bc7d2a24fd774ff2,ev_d6304ccd75e340cd,u_00562,1,,,2026-03-16T09:41:26.104113+00:00
fb_99754a763db542d0,ev_2a572c903a4d4cef,u_00152,-2,,,2026-03-05T13:46:18.519234+00:00
fb_7be7fa68e4f04e10,ev_74f09d36b204409a,u_00323,1,,,2026-02-20T09:48:19.399725+00:00
fb_784664f74d614939,ev_688c532d3dfb4edf,u_00359,1,,,2026-03-05T15:12:58.494952+00:00
fb_118d4e787ad84699,ev_d656de728e6d4759,u_00069,1,,,2026-03-10T13:32:16.439083+00:00
fb_3e977d9319db408d,ev_b114157987ef44d9,u_00198,1,,,2026-02-24T16:48:28.117329+00:00
fb_bff2a31bffd14d61,ev_ac6f850a4fc14435,u_00021,-1,,,2026-03-07T07:29:28.320105+00:00
fb_c590dc251f7b441d,ev_e4fef3fa17664f47,u_00291,1,,,2026-02-22T02:59:16.234189+00:00
fb_aaa020b0e26046af,ev_d63d55c9b5ce47c5,u_00501,1,,,2026-03-02T09:51:23.840495+00:00
fb_2a6cc158afc6446c,ev_21ce241851934052,u_00043,1,,,2026-02-27T14:58:45.172866+00:00
fb_b76252497b74413a,ev_4f948c3f1321432f,u_00041,-1,incomplete,,2026-04-14T01:43:24.495849+00:00
fb_d8b35150b9d84c22,ev_11524899242c4156,u_00647,-1,incomplete,,2026-03-04T17:21:10.383454+00:00
fb_241cce446bea4620,ev_ba56bd743aa64963,u_00541,1,,,2026-02-07T23:08:42.753423+00:00
fb_7dacbdc394b74193,ev_bff5af125d1b4ede,u_00284,1,,,2026-03-18T23:45:51.310108+00:00
fb_9972e1fd6bcf4164,ev_408939e746494cff,u_00176,1,,,2026-02-20T18:05:37.169912+00:00
fb_32e5f1ca75e14437,ev_505f321245d44ba1,u_00076,1,,,2026-03-13T04:14:47.516552+00:00
fb_0dee2454671e42bc,ev_4d74a730555642a5,u_00667,1,,,2026-03-15T18:37:21.730087+00:00
fb_b717f0ce3b2b48db,ev_81c20230a88841e1,u_00345,-1,,,2026-03-04T08:53:49.673715+00:00
fb_f1fde4e6c13a43a2,ev_032b5ff7f5cd4a8e,u_00201,1,,,2026-03-11T20:17:20.265876+00:00
fb_9db17d9f978d463a,ev_8263ec4585c14f77,u_00130,-1,incomplete,,2026-02-10T23:12:56.868649+00:00
fb_90bd3aec44d04e42,ev_76ea60a6e75a4634,u_00198,1,,,2026-03-07T09:41:26.649330+00:00
fb_fc88467c6f3748fe,ev_22f32f796275422b,u_00448,-2,,,2026-02-03T16:34:21.524054+00:00
fb_e14094b42b4c4c6a,ev_e5c5348fbec640c1,u_00039,1,,,2026-03-21T18:26:04.806638+00:00
fb_802f48c05e434fbb,ev_8eaca017ba55446f,u_00321,-1,hallucination,,2026-03-28T18:57:37.381799+00:00
fb_504c3c1ca88d4414,ev_1c46f4c89f59450d,u_00553,1,,,2026-02-22T02:16:01.277520+00:00
fb_d9a3d227b5b143e7,ev_c61273ab5674402e,u_00324,1,,,2026-03-02T17:26:44.624303+00:00
fb_e8507986d6844402,ev_9016279b894b488f,u_00549,1,,,2026-03-21T22:33:34.766986+00:00
fb_1fc433931bc249fb,ev_1b5204a9c79d4445,u_00427,1,,,2026-03-15T08:04:11.053713+00:00
fb_3d4fc2a7679d4362,ev_f8ddee67f4784d92,u_00290,-1,other,,2026-04-12T17:16:40.843074+00:00
fb_4931f6984c0b48fe,ev_5acb2f052f084c6c,u_00282,-1,,missing a key citation,2026-03-21T16:54:53.055325+00:00
fb_636c3965b1084a92,ev_ad2a1b0f6131454f,u_00325,1,,,2026-02-20T00:37:20.475051+00:00
fb_3bdeaed20aec4d74,ev_412c39c68bb942d6,u_00151,-1,,,2026-03-19T10:23:48.746859+00:00
fb_e260042d0a504624,ev_228bb975aebf4e82,u_00464,-1,hallucination,,2026-04-02T18:48:40.739720+00:00
fb_052a69cebc184b5c,ev_da1dee0803214bed,u_00551,1,,,2026-03-17T02:22:57.274410+00:00
fb_4b792c497a0f4fd1,ev_7b99fd44a6274327,u_00467,1,,,2026-02-18T16:27:10.793478+00:00
fb_691c7d2220584fcd,ev_2ba6297dd9124344,u_00393,1,,,2026-02-02T20:20:09.530180+00:00
fb_995067a8ad6e4a9a,ev_615dd4665a58417f,u_00046,1,,,2026-03-15T07:27:01.674636+00:00
fb_0b5e991d013f475d,ev_f92de29d3c704fc4,u_00160,1,,,2026-04-04T17:25:55.491584+00:00
fb_06845d7ab5f244f8,ev_2a4491b293a74b4d,u_00132,1,,,2026-03-22T10:41:11.725817+00:00
fb_10c724c49ae344c7,ev_2b15f101c871452b,u_00182,-1,incomplete,,2026-03-11T02:57:24.209154+00:00
fb_65b161eff19e4dd9,ev_cecbb66fc30e4dc0,u_00399,1,,,2026-02-21T22:17:52.721571+00:00
fb_469d401a72f04f2a,ev_de36d7778e0a40ff,u_00083,1,,,2026-02-09T04:09:14.835214+00:00
fb_0a140a3f4d954bcc,ev_60b37662a29e4616,u_00340,1,,,2026-02-08T00:00:09.988083+00:00
fb_ed32acb68e5a4572,ev_64b4b369932c460a,u_00198,1,,,2026-02-05T18:40:04.304009+00:00
fb_bb5d3925fa67495c,ev_73a452ead36a4993,u_00188,1,,,2026-02-27T16:23:48.925548+00:00
fb_31aef0f957a74caa,ev_8e475d6d14d74097,u_00625,1,,,2026-03-03T01:45:20.500050+00:00
fb_c32f6ee8a4984932,ev_e1c5662c580a439f,u_00641,-1,wrong_answer,,2026-02-09T13:45:06.395968+00:00
fb_83c038c53ed14e06,ev_a42b5150c0124c75,u_00536,-1,,,2026-03-13T22:51:40.502341+00:00
fb_970d461cf29c4f42,ev_fc33c531ff4f49e6,u_00462,1,,saved me 30 minutes,2026-02-22T11:37:38.931960+00:00
fb_b0e733c9f4af4507,ev_fd223e8417e74173,u_00556,1,,,2026-03-17T11:50:52.114114+00:00
fb_2f9b075a1de84643,ev_44635f0041c44c5c,u_00123,1,,,2026-02-16T21:41:20.495052+00:00
fb_e92dde151329443f,ev_bc8ad3fc503149e0,u_00133,1,,,2026-03-22T02:01:11.350764+00:00
fb_8c98722ebb444c9f,ev_28b1e501a68a49fc,u_00158,1,,good citations,2026-02-23T19:45:49.108680+00:00
fb_5674c030b14b456c,ev_cf9cb801c84b42fc,u_00151,1,,,2026-02-08T13:49:18.924714+00:00
fb_3231ca551d2640ac,ev_04fab1a23fd74086,u_00160,1,,,2026-03-03T18:14:52.115961+00:00
fb_f032547520724881,ev_574b478278004284,u_00348,1,,,2026-02-18T17:01:24.035503+00:00
fb_62c04f0a998a4063,ev_f4d916026531403c,u_00046,1,,,2026-02-26T11:00:35.083502+00:00
fb_ae88b2f216b345e9,ev_bd0f8abbf99841a5,u_00524,1,,,2026-02-19T19:49:44.704918+00:00
fb_ad10b89ce34447ad,ev_10ea5c9f90164a97,u_00035,1,,,2026-02-04T20:22:50.181237+00:00
fb_1dccf8f9bb0b4c0a,ev_35238974f2334a68,u_00132,1,,,2026-02-21T17:40:04.425779+00:00
fb_76cd32e499dc45f8,ev_b942597aba044ae4,u_00168,-1,hallucination,,2026-04-02T17:13:55.253797+00:00
fb_2fcd77d1602442ff,ev_7ecae9ff59ca477c,u_00556,-1,incomplete,,2026-03-29T01:23:21.563968+00:00
fb_d28ab952f31a473d,ev_97d172e7b8124ca2,u_00599,1,,,2026-02-24T17:59:06.080729+00:00
fb_d7a749f0531640de,ev_b6bc11b927ad4b4b,u_00120,1,,,2026-03-26T14:29:03.186135+00:00
fb_83b92ad9fb014813,ev_047d7f507b3a4e1d,u_00204,1,,,2026-04-12T03:40:49.566522+00:00
fb_a67f9c0ae6994506,ev_9c7c08a123a94b9f,u_00651,1,,,2026-03-12T14:14:43.125685+00:00
fb_fd1045cc8afc4709,ev_4b74a0d84ef342ca,u_00385,1,,,2026-02-09T02:59:44.569491+00:00
fb_3766b6fc668f4a55,ev_811b4080743e41de,u_00530,1,,,2026-02-26T12:44:56.006823+00:00
fb_51f11caf7ada4bb8,ev_dbda1e8bf5034616,u_00502,1,,,2026-03-11T03:06:22.025531+00:00
fb_01916ed542f94fac,ev_9254f496666e48ec,u_00372,1,,,2026-03-25T14:52:34.704184+00:00
fb_afd2d784598247b8,ev_c6b432b8d0714daf,u_00037,1,,,2026-03-29T01:12:57.803944+00:00
fb_6d437899a56f4953,ev_e2d701bce01041bd,u_00325,-1,slow,,2026-02-19T09:11:25.869735+00:00
fb_cfa30478aa114011,ev_60a582ec1c804147,u_00518,-1,incomplete,,2026-03-10T18:10:42.608798+00:00
fb_90d39f64e07241f2,ev_17e1353aa8774058,u_00427,-1,incomplete,not relevant to Italian law,2026-02-23T02:05:52.533321+00:00
fb_97c23a25dc514b97,ev_d3d743a5249f4c2d,u_00016,1,,,2026-04-12T14:30:25.134824+00:00
fb_20c9af5ebb414fb9,ev_5c72658a2c1f4649,u_00157,1,,,2026-02-25T05:14:22.982782+00:00
fb_0062754d487e486e,ev_9ae74b2035434bdd,u_00293,1,,,2026-02-02T02:58:15.937366+00:00
fb_b8f09d39639c4189,ev_221271677f8643e3,u_00066,-1,incomplete,,2026-04-01T13:12:34.938127+00:00
fb_137344fea0654ef8,ev_d350c558792b4b6b,u_00395,1,,,2026-03-12T12:50:57.611517+00:00
fb_1ce9977c977f4169,ev_2476b4f9a63b4fdd,u_00464,1,,,2026-02-23T20:39:10.185237+00:00
fb_eba2888b23f44dc4,ev_f443a681c7984284,u_00020,-1,wrong_answer,,2026-04-03T02:47:21.246093+00:00
fb_de30d038b0234c66,ev_6af4fc8f259a4e4a,u_00551,-1,wrong_answer,,2026-04-13T04:40:07.995280+00:00
fb_2ad2b25039ba4c60,ev_66acc93faedc4de2,u_00415,1,,saved me 30 minutes,2026-02-07T12:05:21.074866+00:00
fb_c64392e9d388414b,ev_9ee4549581ed439e,u_00197,1,,,2026-03-06T17:48:49.312345+00:00
fb_5cc6044e5cf34ce5,ev_16c0f097c3294721,u_00576,-1,incomplete,,2026-03-22T18:20:00.830691+00:00
fb_484d3330e75a40b7,ev_0182582531054fa9,u_00069,-1,hallucination,,2026-02-16T05:10:21.423553+00:00
fb_89f0022df1dc466c,ev_195949c631f64156,u_00641,1,,,2026-02-02T10:44:05.018832+00:00
fb_dff58b0177fa458c,ev_8a5ca425e3c24b87,u_00308,-1,wrong_answer,,2026-02-17T00:16:16.807685+00:00
fb_c22c8a5109ef4e62,ev_e18d81f6fa7a400f,u_00599,1,,,2026-02-24T13:12:58.229004+00:00
fb_23094e62bdd2460a,ev_f955ed66719c46bd,u_00347,1,,,2026-02-17T21:58:57.994544+00:00
fb_5416799a7e4148ad,ev_834094609750452a,u_00104,-1,incomplete,,2026-02-16T03:59:30.295371+00:00
fb_ef69defef6c04552,ev_edbd5d47ce134be1,u_00025,1,,,2026-02-22T04:49:30.451196+00:00
fb_0057401eec484337,ev_562b0ab50b7b4d51,u_00352,-1,incomplete,,2026-03-01T14:32:06.974478+00:00
fb_d2faf85295ac41bb,ev_1d5c42361a284ffb,u_00454,1,,,2026-03-11T19:53:23.973721+00:00
fb_c889c65b348042d4,ev_b1212c9a8b5c435b,u_00156,-2,,,2026-02-09T19:53:27.648748+00:00
fb_a575a3ac668a4e0e,ev_3ce189dcfaa64dc9,u_00500,1,,,2026-03-18T04:49:56.027053+00:00
fb_7b3baae01c1046e1,ev_9545969cab164f59,u_00353,1,,,2026-03-25T22:24:24.379285+00:00
fb_58e22a3248df4370,ev_52e2decd703b4812,u_00132,1,,,2026-03-07T00:16:52.841535+00:00
fb_bc1f3834ae3b4f91,ev_1246159232d148ba,u_00175,1,,,2026-02-23T18:38:01.778334+00:00
fb_57758a839d8e4c01,ev_144d57af0d5640dd,u_00536,1,,,2026-02-22T03:31:38.102412+00:00
fb_2fdad90a239047e2,ev_1315f90bdea44e62,u_00618,1,,,2026-02-12T19:13:59.275569+00:00
fb_4de2e6d6feda4715,ev_d80b0c83b1fa4f1b,u_00427,1,,,2026-03-26T14:00:24.178342+00:00
fb_8c688ed9082d40cc,ev_3f0a3bfa1f5c420f,u_00380,1,,,2026-03-06T18:16:40.089683+00:00
fb_a6c4ceaa38cc4b18,ev_90c912fc1c1643fe,u_00322,1,,,2026-03-07T03:53:10.711349+00:00
fb_6e5634a7d8264fc8,ev_616846ed1cad48b3,u_00066,1,,perfect!,2026-04-07T23:15:22.651054+00:00
fb_25b453831ff94748,ev_4772b2904caf436b,u_00562,-1,,,2026-02-17T03:11:47.179383+00:00
fb_7b34d0e67b434259,ev_0c288950e7134f18,u_00580,1,,,2026-02-09T23:38:57.509602+00:00
fb_78ac0bada44048ad,ev_6df3f25469c44f9f,u_00027,1,,,2026-03-25T00:18:36.245716+00:00
fb_3231ca551d2640ac,ev_04fab1a23fd74086,u_00160,1,,,2026-03-03T18:14:52.115961+00:00
fb_0be89422f17b46f0,ev_f340d80735c64340,u_00498,1,,,2026-02-16T15:20:01.072838+00:00
fb_98bfcf3bdac04471,ev_9a9da69e11794aed,u_00388,1,,,2026-03-17T15:48:02.846286+00:00
fb_cbebca5c9ebe4790,ev_0acb821fee894ea6,u_00264,1,,saved me 30 minutes,2026-02-09T12:24:17.261707+00:00
fb_569ad13025814304,ev_7cde2635c44d498a,u_00580,-1,hallucination,,2026-02-28T16:23:01.767460+00:00
fb_0092a30490bc4a7c,ev_0ecdddeea8f74023,u_00655,1,,,2026-03-24T11:48:19.958535+00:00
fb_9b850324b9404a29,ev_b468e60daf484216,u_00036,1,,,2026-03-01T06:38:10.525049+00:00
fb_3cb1118d23144d35,ev_69440f94236c46cd,u_00494,1,,,2026-02-04T15:59:36.781645+00:00
fb_7830d1b8b24b4ca9,ev_18eee812e4ef4bc4,u_00595,1,,,2026-02-13T23:43:41.216324+00:00
fb_b238982dde814bac,ev_2a24f3e1e73648f4,u_00352,1,,,2026-03-04T13:34:27.953672+00:00
fb_9732c6435a224c71,ev_453db40f259f48bc,u_00644,1,,,2026-02-14T09:32:00.054573+00:00
fb_d01901284dd04d8b,ev_fde024ea335f4fbd,u_00037,1,,,2026-03-20T18:16:18.629175+00:00
fb_6b4d997b93914698,ev_88de45d1d4b1416e,u_00117,1,,,2026-02-18T01:36:15.348695+00:00
fb_babae4e94dfe4a10,ev_3eecabf01d494d84,u_00291,1,,,2026-03-17T18:36:00.045228+00:00
fb_9296a64434b842f7,ev_058dd4bf1dc8423b,u_00210,1,,,2026-02-21T00:17:27.911929+00:00
fb_5fb66e6caeed49e6,ev_378eae79ce0e4d60,u_00178,1,,,2026-02-03T05:37:13.947509+00:00
fb_17e1a43e17294b43,ev_7c69f1a336e1464d,u_00135,1,,,2026-02-03T18:46:28.368062+00:00
fb_6d999eecf1314491,ev_029c615ff6274a9c,u_00160,1,,,2026-03-09T05:10:50.647912+00:00
fb_8beb37418c5648cc,ev_707cb59d01794c7e,u_00263,1,,,2026-02-20T23:11:51.866873+00:00
fb_8913defe10f24629,ev_b8052437ee4f4638,u_00574,-1,,incomplete response,2026-03-16T09:21:14.170521+00:00
fb_eeed34decec54e16,ev_a4a6e2c5c4bd4db5,u_00190,1,,,2026-03-07T10:22:04.597772+00:00
fb_2381df39f2c24384,ev_250bdd8c3bbf443c,u_00127,1,,,2026-03-18T09:49:50.925532+00:00
fb_b9c19ea852f44295,ev_5668ec9013da45e3,u_00404,1,,,2026-02-05T09:10:42.277253+00:00
fb_9f23ef81cc2d4dd5,ev_92e89731f103490f,u_00231,1,,,2026-02-14T09:08:02.464987+00:00
fb_3ed5e864118c4e1d,ev_4d124508d2e14f05,u_00604,1,,,2026-02-18T03:39:05.666771+00:00
fb_dbcfb05481754ae5,ev_a2ab256c08684d7c,u_00324,1,,,2026-02-19T05:32:02.177861+00:00
fb_1f21fa1e91434ce9,ev_f84bcad1acb94261,u_00379,1,,,2026-02-25T05:59:05.393176+00:00
fb_f0bdb23672b74341,ev_104fae795dc6420f,u_00145,-1,wrong_answer,,2026-02-24T02:55:02.341082+00:00
fb_1cf4954755744eb6,ev_d6ef95756eb84ae4,u_00053,1,,,2026-02-22T18:11:04.895178+00:00
fb_19a9cfae5f814512,ev_aecfcdee7b4940ff,u_00052,1,,,2026-03-14T00:50:42.314968+00:00
fb_6302b1edd24845b3,ev_154c2c4840b64bc1,u_00087,-1,,,2026-02-27T19:46:36.668534+00:00
fb_6c2b3c0afde44fa6,ev_3247d38d24d54c37,u_00662,1,,,2026-03-25T04:56:16.088547+00:00
fb_af038ee3ff7b4a8d,ev_58e9879b4ec64893,u_00399,-1,slow,,2026-03-06T07:14:19.053680+00:00
fb_09d69acf9dfd45d1,ev_74363414267e4c0d,u_00320,-1,hallucination,,2026-02-03T10:31:01.310489+00:00
fb_529eff4a415d4f89,ev_12e00765218245ad,u_00396,1,,,2026-02-16T19:38:11.538826+00:00
fb_5b01b2c5eaaf47d9,ev_48157e630ea04fb5,u_00466,-1,,,2026-02-11T20:20:41.293765+00:00
fb_440301e93bd84892,ev_7ddffc2a60da4476,u_00069,1,,,2026-02-22T16:45:40.359760+00:00
fb_86ab8e078f3a493a,ev_b572ef68d2054c11,u_00267,1,,perfect!,2026-03-11T12:41:45.815741+00:00
fb_dc9b6648f1db4f59,ev_ac2f13be09d649a7,u_00190,1,,,2026-02-10T15:48:06.974990+00:00
fb_7f130684fa5f4d58,ev_342aeff976e040a4,u_00183,1,,,2026-03-09T03:51:07.373472+00:00
fb_9a0029f5aa7f4a18,ev_5ef1d4be21044629,u_00652,-1,,missing a key citation,2026-02-12T16:55:08.108842+00:00
fb_da98b164f6bd4612,ev_66e09408d5b34514,u_00306,2,,,2026-03-22T08:19:29.578536+00:00
fb_0d2bbf7252aa4863,ev_97d9df95e7504732,u_00395,-1,wrong_answer,,2026-02-26T16:05:31.522517+00:00
fb_941067d3bb794f8f,ev_e737a840c7844dfa,u_00623,1,,,2026-03-28T20:07:36.908578+00:00
fb_656e6b48275c4ab9,ev_18a4cb3b1ace4aa5,u_00290,-1,slow,,2026-02-21T14:44:50.922401+00:00
fb_291e23bd6a584368,ev_9734adfcb8314bf2,u_00427,1,,,2026-02-27T10:57:39.956843+00:00
fb_90fa9f6ced074c0d,ev_517b55b82bae40b5,u_00620,1,,,2026-02-02T19:40:47.663135+00:00
fb_c44a93f7d1cf4cad,ev_d9afcfd5850c4404,u_00641,1,,,2026-03-12T06:59:59.598216+00:00
fb_afc237a7c40341d1,ev_a51f6466f59f482f,u_00143,-1,hallucination,,2026-02-19T00:15:16.076122+00:00
fb_c3b171a71f6f41b2,ev_a2f8412b50954d41,u_00540,-1,incomplete,not relevant to Italian law,2026-02-09T02:33:05.734948+00:00
fb_0fc7bf9b326b4ae6,ev_e95079423fdf4931,u_00041,1,,,2026-03-12T15:28:38.011902+00:00
fb_1116e8b0c829455b,ev_280988d73cab4848,u_00174,1,,good citations,2026-03-04T17:38:42.544597+00:00
fb_70bfca24b33b47a5,ev_d1fc78c170234710,u_00343,-1,incomplete,incomplete response,2026-02-14T10:11:25.767211+00:00
fb_c286c3df3e3e4bac,ev_6724bdd20c7a4a92,u_00519,-1,hallucination,too slow,2026-03-03T12:50:11.059526+00:00
fb_4c846d86ed9845c3,ev_e57b9e52a4764932,u_00441,1,,,2026-02-24T06:35:36.674962+00:00
fb_3668fe5a74384815,ev_a68b0ec1cbdb46c2,u_00014,-1,slow,,2026-02-12T00:06:30.555959+00:00
fb_ee38edb3c5624a3a,ev_ef00f03b3d80495b_orphan,u_00267,-1,other,,2026-03-03T00:00:00+00:00
fb_c672de762a2c44af,ev_ae836a7358d04261,u_00098,1,,,2026-03-04T03:14:18.188932+00:00
fb_938a1fcc378744da,ev_4ead7828db1f43be,u_00307,-1,,,2026-02-13T02:29:50.771453+00:00
fb_5161ec9f74d641a4,ev_6035351a99774680,u_00391,1,,,2026-03-11T20:40:02.289478+00:00
fb_3d6d6781a76746fc,ev_dbbe7a7cf8624d0c,u_00206,1,,,2026-04-04T18:29:46.177833+00:00
fb_42a74bfcfc1049a8,ev_009414c633f94e78,u_00335,1,,,2026-02-20T14:09:52.349082+00:00
fb_3cf521741bcb4b26,ev_7a0728511a0a490a,u_00549,1,,,2026-02-17T02:53:39.146598+00:00
fb_fc105f95603a4eb1,ev_b454a2eac7d349e4,u_00424,1,,,2026-03-08T11:12:00.033784+00:00
fb_26b40478e926497c,ev_50f2c753d92b4268,u_00073,1,,,2026-02-20T14:33:58.585854+00:00
fb_112595ae61ec40eb,ev_0c133b9eec6f4958,u_00327,1,,,2026-02-25T07:47:20.780498+00:00
fb_28aa9bd99f244d6b,ev_d3992c8bb02b415d,u_00596,1,,,2026-03-04T18:26:54.734477+00:00
fb_95a2b164fae94a1d,ev_e79f50210cb4416b,u_00354,1,,,2026-04-09T07:45:44.764110+00:00
fb_d9757c8eb51a4957,ev_304a8e6fdd6f49da,u_00042,-1,incomplete,,2026-02-21T08:58:26.937226+00:00
fb_fafdf73c53b1464b,ev_99862d4c61174334,u_00643,1,,,2026-02-10T00:56:16.179304+00:00
fb_b9139c440a1147f9,ev_6982b638e0de4826,u_00032,1,,,2026-02-26T01:25:42.025676+00:00
fb_0c37de35ed0d4782,ev_9bc0ab65fe034eb0,u_00638,1,,,2026-03-11T15:46:28.305526+00:00
fb_f0a906339b9647ba,ev_5f8573425271485a,u_00446,-1,wrong_answer,,2026-03-21T07:21:05.236628+00:00
fb_c2cf2134e0394b1f,ev_8464caaacbe844b7,u_00660,1,,,2026-02-26T19:53:31.977942+00:00
fb_0eefa060b92f492f,ev_0538134a9b0c47f2,u_00263,-1,slow,,2026-03-09T02:03:04.425198+00:00
fb_39ed2cb2006d4e27,ev_8ba139eacedb477b,u_00547,1,,,2026-03-07T22:46:45.895006+00:00
fb_4860aecea7a74e80,ev_345ddf209bf145ac,u_00636,1,,,2026-02-17T01:02:00.329830+00:00
fb_1588bee788504251,ev_33e149b3a46c46a8,u_00294,1,,,2026-02-17T18:23:58.670187+00:00
fb_fd23aab08d634209,ev_904721e16c164308,u_00418,-1,wrong_answer,,2026-02-21T09:10:00.230984+00:00
fb_2a8bd120fbbf4fcd,ev_6c0c5aa3ffa14079,u_00635,1,,,2026-02-25T21:33:16.529366+00:00
fb_3dd46874b59f4b22,ev_8dcf82cc30994303_orphan,u_00659,1,,,2026-04-16T00:00:00+00:00
fb_ba87ef90f5c44a3b,ev_1f6aca8bfc4c4c86,u_00487,1,,,2026-02-11T07:02:37.573671+00:00
fb_7f867d1d510843c6,ev_63e8c208ad374431,u_00640,1,,,2026-02-08T00:40:55.723747+00:00
fb_f4ec0907497540b1,ev_5223a71a69974c3c,u_00362,1,,,2026-02-21T08:02:15.370955+00:00
fb_4085b4b6c9e847ea,ev_b79bffa4df334f9b,u_00007,1,,,2026-03-12T16:15:20.362983+00:00
fb_ade91a76a3154f1b,ev_2cba6ffbbf66414b,u_00676,1,,,2026-03-03T02:36:28.053710+00:00
fb_9605e29c209e41c9,ev_254b55f5d1d1424f,u_00649,1,,,2026-03-10T13:21:26.607939+00:00
fb_0468f9c9f5df49ae,ev_49fb1b42d1af4918,u_00019,-1,slow,,2026-02-27T10:25:44.071082+00:00
fb_e1395146b14644ef,ev_53ebe83ba599449f,u_00297,1,,,2026-02-23T17:39:12.583774+00:00
fb_06fc731e31b04b74,ev_e87ef61f14ab4445,u_00466,1,,,2026-02-19T10:56:09.142814+00:00
fb_186dcd9ec291413f,ev_01984ecf665b4458,u_00433,1,,,2026-03-09T08:48:11.673049+00:00
fb_03d82d298a3042f1,ev_ea30db9550a44e52,u_00617,1,,,2026-03-05T12:39:40.620297+00:00
fb_5db9422180604282,ev_98b6a8175b454006_orphan,u_00552,-1,other,,2026-03-08T00:00:00+00:00
fb_55e9446ba85e464a,ev_e372bcb21910467a,u_00417,-1,incomplete,,2026-04-11T11:02:02.828282+00:00
fb_fca00af02c624327,ev_eec3dad640ae42a9,u_00285,1,,,2026-02-27T19:24:41.173114+00:00
fb_5951cf307f284d40,ev_cfdfc16f746b410c,u_00412,1,,,2026-02-13T19:55:31.945563+00:00
fb_72a9d473460b4fa1,ev_a0ba702e9c3045e2,u_00652,1,,,2026-03-22T00:33:48.189118+00:00
fb_5d699612e5bc4853,ev_2251a346e2204300,u_00314,1,,,2026-02-12T12:38:31.649296+00:00
fb_ec37f722309c4fea,ev_2cdbf9c512cc47ce,u_00414,-1,wrong_answer,,2026-02-05T14:53:08.764722+00:00
fb_fa2b4a3fe89a44f3,ev_89a3b325fb194b92,u_00593,1,,,2026-03-26T21:59:12.199164+00:00
fb_96359584a58e45a4,ev_6a90de1dfc1d463d,u_00403,1,,,2026-03-12T11:20:22.231289+00:00
fb_cb68cf4a47004bd4,ev_586c4bfeb73e4681,u_00407,1,,,2026-03-05T22:19:01.786252+00:00
fb_936e3801a1c14662,ev_e0433b5daea24b2e,u_00096,1,,,2026-02-17T10:10:44.642599+00:00
fb_8bfe7ca285724a43,ev_29feb503b39540e2,u_00108,-1,other,,2026-03-18T23:42:53.747274+00:00
fb_c6fe275a727d47c5,ev_b8f410712cd34df2,u_00384,1,,,2026-02-24T17:16:00.845231+00:00
fb_72d174625969469e,ev_0526a2baf2a34096,u_00051,1,,,2026-03-11T05:18:08.381261+00:00
fb_658f48a06d9648d1,ev_2975ae0bd69147a7,u_00449,1,,,2026-02-25T13:57:53.676286+00:00
fb_72480f7a8caa4ad1,ev_501975a4175645ca,u_00131,1,,,2026-03-26T11:37:48.575676+00:00
fb_cf5955e65e024f50,ev_a7d857553b88421b,u_00394,-1,hallucination,,2026-04-07T00:19:54.873322+00:00
fb_174672cd25564dcb,ev_a9fd67b1cfab40a3,u_00433,1,,,2026-03-01T13:36:50.889113+00:00
fb_75a7f132507f490c,ev_e40f2968cf654f01,u_00424,1,,,2026-02-22T00:31:46.215155+00:00
fb_1596d98dbe8e4975,ev_e1769cd1858a40ef,u_00391,-1,wrong_answer,,2026-04-12T07:07:23.962643+00:00
fb_b457c19c190b404b,ev_25b57ae747f44b1d,u_00102,1,,,2026-03-07T20:14:28.287424+00:00
fb_59f11851b57e4ef6,ev_f18bfb27d51c4d91,u_00353,1,,,2026-03-24T09:44:23.021836+00:00
fb_881547d7e8114464,ev_0c44ede74ff0481b,u_00407,1,,,2026-02-25T23:01:35.235850+00:00
fb_b561d781ad1f41a1,ev_564c35b9adc14046,u_00027,-1,,too generic,2026-02-10T19:28:46.614718+00:00
fb_1c8095966143486b,ev_7b68928058524910,u_00439,1,,,2026-03-16T10:23:57.307783+00:00
fb_7cfcb0fa7615443b,ev_40f708b09f584b64,u_00240,1,,saved me 30 minutes,2026-03-10T05:32:29.127330+00:00
fb_1f9dcc39b01d424d,ev_f9b52b70fe554700,u_00213,-1,wrong_answer,hallucinated a case,2026-03-03T23:11:30.586531+00:00
fb_582c298f600447fe,ev_f8e4d04812714e19,u_00351,-1,incomplete,,2026-02-21T06:32:25.903866+00:00
fb_bfd061d010dd4e68,ev_d6eeb105248c472f,u_00178,1,,,2026-03-31T01:10:10.878291+00:00
fb_56d0e21778e04367,ev_9acd796abf9f456c,u_00398,1,,,2026-02-19T14:50:10.452702+00:00
fb_404fdf601ffa4bc0,ev_9ff4f5c3f43d4273,u_00651,1,,,2026-03-22T23:28:43.291434+00:00
fb_10dcd4b8fc704ffe,ev_e8b1765593464391,u_00645,1,,,2026-03-06T16:45:39.337813+00:00
fb_e656c9a21c424fd4,ev_a9dce45f70a34b18,u_00648,1,,,2026-02-27T02:25:03.979751+00:00
fb_8b0566b38cea42f8,ev_46da07554bb3418d,u_00076,-1,wrong_answer,,2026-03-10T23:52:07.876868+00:00
fb_d81e2b34666842fc,ev_8f976412e8694547,u_00382,1,,,2026-03-02T04:27:49.841235+00:00
fb_604b1b8d76df42ab,ev_600e004a50124ab1,u_00406,1,,,2026-02-23T09:12:54.135143+00:00
fb_1f0c34b080944372,ev_0668ed6d3bc445e0,u_00228,1,,,2026-02-10T23:21:02.579624+00:00
fb_d1743ef57af64756,ev_ddfaa10874734efd,u_00106,-1,wrong_answer,,2026-02-11T18:03:39.883495+00:00
fb_43afe14075a24442,ev_657ed9034bf24cd7,u_00401,1,,,2026-02-21T18:36:14.269660+00:00
fb_cbefcff49dc94908,ev_7299e69cd0c444b7,u_00166,1,,,2026-02-12T13:20:12.784512+00:00
fb_781e6b714b724858,ev_94c54de940124bf9,u_00219,1,,,2026-02-17T04:22:21.106485+00:00
fb_ad90504229364f7a,ev_43bfe54aa15f41aa,u_00646,-1,incomplete,,2026-03-03T11:51:09.769147+00:00
fb_bd4da8d68e7e4ff8,ev_8df4e0462af7411a,u_00095,-1,,,2026-02-17T05:29:05.870601+00:00
fb_50652607461843cb,ev_e90c8b9cff8e423c,u_00035,-1,slow,,2026-02-15T07:55:55.624894+00:00
fb_abe73f31fb76433a,ev_3ce0c1751cc249dc,u_00378,-1,incomplete,missing a key citation,2026-02-18T12:52:55.600725+00:00
fb_fcdc9802c3564e2c,ev_3e9797d7e5a94172,u_00350,1,,,2026-03-03T22:29:21.409433+00:00
fb_4671061257ba4264,ev_883fd06bcfef4bc5,u_00314,1,,,2026-02-26T00:20:50.522135+00:00
fb_488b095bb84f4bb5,ev_378a1caf4576401a,u_00143,1,,,2026-02-28T01:18:02.786190+00:00
fb_18436f382cdc49e6,ev_f7af98edff284528,u_00034,1,,,2026-03-05T06:24:40.729225+00:00
fb_0453ee483a5d464f,ev_a74f994a6c5b47ac,u_00432,1,,,2026-02-17T05:10:06.087608+00:00
fb_adcbc0b7193e47b3,ev_6bcd90c16ff3476a,u_00080,1,,,2026-03-24T21:14:22.225479+00:00
fb_c8b7b77329ec4d68,ev_c0c7ee2117b2467e,u_00039,1,,,2026-02-14T23:52:45.686184+00:00
fb_734181add5204d0c,ev_399c323359f2429b,u_00005,-1,hallucination,,2026-03-01T21:33:11.150574+00:00
fb_91843163bd70447b,ev_ac3832336b4e4502,u_00645,1,,,2026-02-09T09:41:10.850507+00:00
fb_a0d0cd37b70b43b9,ev_9a01390c13fe4451,u_00127,1,,,2026-02-03T10:56:00.569065+00:00
fb_a3f50bb88a3b4549,ev_d3b131dda4134148,u_00395,1,,,2026-03-08T17:17:29.023447+00:00
fb_f0951a5a0c594333,ev_48c3f87b7fbf4f91,u_00150,-1,hallucination,,2026-02-10T01:13:10.912973+00:00
fb_6ef9460ed1144072,ev_5a557a6fe46e4113,u_00415,1,,,2026-03-19T21:32:35.084187+00:00
fb_a2838bc52087466a,ev_8cb0441828ca4cb8,u_00623,-1,slow,,2026-03-20T06:59:10.775723+00:00
fb_a76f881015614b25,ev_3fa1f12985d042c4,u_00134,1,,perfect!,2026-02-24T18:17:02.572909+00:00
fb_5123f60a28af4b84,ev_f40dd0162ad8402e_orphan,u_00553,1,,,2026-02-21T00:00:00+00:00
fb_d9b04508a13b4f94,ev_9638c3b58fec4f95,u_00049,1,,,2026-02-28T05:49:14.881720+00:00
fb_37a19228b7a14e3d,ev_23ba5224be984c0a,u_00566,-1,wrong_answer,,2026-02-24T18:15:40.203644+00:00
fb_6487754abc134cce,ev_b212e4f7a9b847cd,u_00159,1,,,2026-02-22T00:16:19.157565+00:00
fb_1f196683d38343b8,ev_6c6a9af341ba4e94,u_00109,1,,saved me 30 minutes,2026-03-05T14:47:08.375145+00:00
fb_6bf11ea0c07e4332,ev_ff5ea66f5f8d420c,u_00347,1,,,2026-02-15T07:57:06.183994+00:00
fb_8725db322b254b83,ev_128ce921e4944889,u_00195,1,,good citations,2026-02-12T08:42:17.911564+00:00
fb_889ef113b1f142b5,ev_93a9fb3e05614e90,u_00290,1,,,2026-04-06T23:44:14.946434+00:00
fb_658322eb0de94cf8,ev_f908df9f48f44a98,u_00153,1,,,2026-03-04T17:38:37.660401+00:00
fb_4d6de157db60457f,ev_a1a46956c1ec434c,u_00285,1,,,2026-03-21T12:29:25.917896+00:00
fb_71cb207272724207,ev_f2ebc832f52748b8,u_00151,1,,good citations,2026-03-05T09:03:25.028361+00:00
fb_9dade034f77a4c7f,ev_f8a289c343404c1f,u_00604,-1,hallucination,,2026-02-18T08:22:14.645005+00:00
fb_2e18b3f8feaa4c8d,ev_5162b423305c48fd,u_00402,-1,other,,2026-04-05T03:02:23.500661+00:00
fb_18a10878827643b9,ev_297fc6ebeaff4e02,u_00198,1,,,2026-02-24T18:44:47.654028+00:00
fb_6f0d6b1c382346b0,ev_ecdba10169c34b71,u_00070,1,,,2026-04-02T01:49:24.176172+00:00
fb_cd6652e05b1542c9,ev_aa1bc6f629b640cd,u_00041,1,,,2026-04-17T02:39:21.995413+00:00
fb_eb579ce7b9dd4183,ev_68d975e568504a26,u_00274,1,,good citations,2026-03-14T18:01:18.077163+00:00
fb_63515f874dee439d,ev_e1df1f9342654137,u_00509,-1,,,2026-02-12T20:30:37.417473+00:00
fb_25bd9dc3dfc3445a,ev_9d930d94b4f2427c,u_00165,-1,wrong_answer,,2026-02-25T14:04:10.468840+00:00
fb_68460c58b43e4262,ev_e8bb6aacc47340c3,u_00120,1,,good citations,2026-03-11T23:47:38.021454+00:00
fb_97a21f802842487e,ev_e959167e3b564298,u_00608,1,,,2026-02-09T10:14:26.451877+00:00
fb_59706622a7834b0a,ev_b11da52dd37e4dbd,u_00265,1,,,2026-02-23T20:51:53.150243+00:00
fb_6339693c87b84358,ev_49051243f9004b24,u_00496,-1,,missing a key citation,2026-03-07T17:09:30.302428+00:00
fb_61c2fdb040f84bac,ev_b744ecadee874e20,u_00613,1,,,2026-02-25T23:42:54.467072+00:00
fb_bdfe3a9a208d4626,ev_e66ecfb496dd44fc,u_00120,1,,,2026-02-20T23:32:33.145714+00:00
fb_47a4b0c56631405a,ev_5f56d807221745fe,u_00545,1,,,2026-02-21T15:35:47.020792+00:00
fb_d98bb28187334a50,ev_12178f723316477a,u_00266,1,,,2026-03-17T17:13:02.968838+00:00
fb_714354cc86014b8f,ev_55c691c18094474e,u_00648,1,,,2026-02-22T00:52:05.287497+00:00
fb_77762fa40bb5488d,ev_672c5aed6c004e44,u_00532,1,,,2026-02-15T09:15:14.507598+00:00
fb_3b1b60ea96cf42a4,ev_65e1831bf046429d,u_00181,1,,,2026-02-06T04:00:28.288786+00:00
fb_7bc229eaa07c4ad2,ev_dc0ba090e9ed40d1,u_00646,1,,,2026-02-16T14:38:33.593838+00:00
fb_01ff17807e4949cf,ev_2de94909c7774216,u_00009,1,,,2026-02-24T13:28:05.676589+00:00
fb_ce5f1071dc09405b,ev_baab3bfe0d324848,u_00339,1,,,2026-03-06T22:50:31.403656+00:00
fb_29550e63f67c4c3b,ev_eb6680dfbc7f49c7,u_00269,1,,,2026-02-10T08:58:27.100711+00:00
fb_683db9df47bf408f,ev_2205bb15e7354850,u_00373,1,,,2026-03-13T22:40:12.028113+00:00
fb_c7cc26ef63234290,ev_737d75ca5da742cf,u_00121,1,,,2026-02-28T16:01:00.965783+00:00
fb_1e0a20659e104f8a,ev_f376514508aa4825,u_00271,1,,,2026-02-16T08:50:40.455530+00:00
fb_cbb35dea072a45aa,ev_13ffe110851d4541,u_00021,1,,,2026-02-18T16:09:00.745257+00:00
fb_0ed537d4b22242eb,ev_9a3d1dc44be94688,u_00335,1,,,2026-03-16T02:48:40.266092+00:00
fb_55202237d79347da,ev_3ef4725f20874d42,u_00248,1,,,2026-03-12T16:57:03.362617+00:00
fb_b798c989aa8f4360,ev_6d8177c08ad54237_orphan,u_00417,1,,,2026-03-05T00:00:00+00:00
fb_3b03131dc0af429c,ev_868267ebdf8748b3,u_00069,1,,,2026-02-04T22:10:52.070939+00:00
fb_24c7c1bee4e344f2,ev_f8ba9ead473d4c20,u_00469,1,,,2026-03-15T11:23:52.349386+00:00
fb_6416b1945c59455d,ev_79759f0f0bb64331,u_00516,-1,wrong_answer,,2026-02-23T23:51:05.456056+00:00
fb_065744a15a6249e8,ev_04b93982ff9241a6,u_00448,1,,,2026-03-17T08:08:06.081213+00:00
fb_8838faac28624848,ev_df8de6eb32794c1d,u_00030,1,,,2026-03-15T00:30:28.868364+00:00
fb_f3fa3d66e6814bdf,ev_d1324bd1cb20445f,u_00544,1,,,2026-02-23T09:28:06.539442+00:00
fb_bdc6637aa81d4af8,ev_0a144242b8874a04,u_00331,-1,wrong_answer,,2026-03-06T03:58:44.655702+00:00
fb_7262aed411fc4c58,ev_90aef9466cf4444c,u_00181,1,,,2026-02-25T23:06:17.744216+00:00
fb_4ffe9150c2a84480,ev_1ceb633cac1c46a6,u_00086,-1,incomplete,,2026-03-07T04:29:39.673248+00:00
fb_8d495ae1a58145e5,ev_b98c50542a7145ce,u_00348,1,,,2026-04-19T02:10:50.736785+00:00
fb_c9a0bbc0d6dd47a1,ev_718c4c9e4fb94fbd,u_00030,1,,,2026-02-17T21:04:28.444760+00:00
fb_213233b55b994bde,ev_5c7e57bdafd043f5,u_00668,1,,good citations,2026-03-05T13:44:55.093636+00:00
fb_12fb006e7f25436a,ev_bdf1a9ceaf824230,u_00345,1,,,2026-02-04T10:35:07.380316+00:00
fb_19d38ad47a4d4bf7,ev_75dbf936b3f440f5,u_00432,1,,,2026-03-13T21:17:38.268519+00:00
fb_69237d4e53f548c8,ev_bb0d925c61454245,u_00384,1,,,2026-02-18T00:00:57.674548+00:00
fb_bea59bd8bed54ce4,ev_1e0c2911ddf74347,u_00616,1,,,2026-02-22T08:54:50.980663+00:00
fb_eeba6fe224734924,ev_9f09716be8684660,u_00404,-1,,,2026-03-05T00:02:45.146396+00:00
fb_2a8e132ef970422c,ev_0f17a1d9faff4127,u_00386,1,,,2026-02-22T01:00:14.626760+00:00
fb_5049b7a222cf497b,ev_7487412ad6b14776,u_00296,1,,,2026-03-17T00:38:36.608428+00:00
fb_93e457fedf2b4744,ev_c2a4fb9b17334a6f,u_00032,1,,,2026-04-11T05:13:20.720943+00:00
fb_7538e4383835464d,ev_06befed794ca4d2f,u_00271,1,,,2026-03-13T06:37:33.662208+00:00
fb_9fcc529080e94fd3,ev_d6af4ec97bf74aae,u_00462,-1,,,2026-03-07T13:10:03.756074+00:00
fb_8b10cd1437d346f6,ev_c9fda415f2424714_orphan,u_00373,-1,other,,2026-03-19T00:00:00+00:00
fb_45e23fbde907478c,ev_9d8c93d0d99c43b5,u_00147,1,,,2026-03-26T15:42:45.132956+00:00
fb_334c1ce4ed5f443d,ev_42ffc5c6d28f49f4,u_00363,1,,,2026-03-13T10:16:06.135576+00:00
fb_005e55cb77174ce6,ev_0ac93d89537041a1,u_00434,-1,wrong_answer,,2026-03-25T13:54:36.028428+00:00
fb_2806e7d186db439d,ev_054fcb84a3c74f03,u_00655,1,,,2026-02-13T17:16:20.627098+00:00
fb_01e783ff7ac54b99,ev_5e4d7cd97cfd4d2d,u_00655,-1,wrong_answer,,2026-02-08T17:14:02.354801+00:00
fb_84aa79a8774841bd,ev_842ac65a295d4fb3,u_00611,-1,hallucination,too generic,2026-03-20T09:41:21.115533+00:00
fb_52ff3aacc4374282,ev_5d9273c1cf0c4417,u_00671,1,,,2026-03-19T19:14:24.657075+00:00
fb_20814fe77d4a4a96,ev_d599478e171b4242,u_00655,1,,,2026-02-18T17:25:36.121750+00:00
fb_c3e936091acd47b0,ev_30b75be0b5fe4801,u_00278,-1,incomplete,,2026-02-10T23:12:25.468515+00:00
fb_fe1551754589425b,ev_c15ba09d778e4687_orphan,u_00308,1,,,2026-04-15T00:00:00+00:00
fb_e13c58ed3d9f4687,ev_4f6172d60fe24893,u_00149,1,,,2026-02-21T00:54:56.311271+00:00
fb_5c1c21d3802a4011,ev_4eb7424a23f3446c,u_00438,-1,hallucination,,2026-02-20T13:10:03.097864+00:00
fb_7840e0ecfa2744dd,ev_a1d51a4888dc4100,u_00078,1,,,2026-03-13T10:41:18.355550+00:00
fb_70440a3674bc4db3,ev_d9b240aa0d6f4b97,u_00197,-1,wrong_answer,,2026-02-23T06:27:10.971534+00:00
fb_79e3f675000747cd,ev_d08654e2da2c4e5b,u_00406,1,,,2026-03-16T17:50:39.286595+00:00
fb_bbeaf9a83b5c4cc6,ev_98f4819e910d4919,u_00171,1,,,2026-02-05T12:53:27.272673+00:00
fb_538bae958c144186,ev_32ecf2aebefa4767,u_00549,-1,hallucination,,2026-02-15T12:28:10.473810+00:00
fb_cc0de6ca69964ab1,ev_b98e944f93c245ad,u_00088,1,,,2026-02-15T08:15:18.926337+00:00
fb_5190e12da1ab44f8,ev_a4fc5fbfad1c421a,u_00466,-1,hallucination,missing a key citation,2026-04-05T19:50:45.719708+00:00
fb_5e0368dde6ad426d,ev_6638254563934f8c,u_00265,-1,incomplete,not relevant to Italian law,2026-03-29T07:01:49.277045+00:00
fb_6b0ca0238fc548b8,ev_88bc0de0a4554837,u_00462,1,,,2026-03-03T15:42:26.761947+00:00
fb_9722cbaacab24879,ev_4c4c0209cf4e43a0,u_00395,1,,,2026-02-16T00:38:46.830809+00:00
fb_c82864cc4226497c,ev_6fa75ddc7a694821,u_00462,-1,incomplete,,2026-03-17T17:26:07.807625+00:00
fb_ae177c8422df4b95,ev_3e5ac3832c3948fb,u_00551,1,,,2026-03-03T16:58:34.891208+00:00
fb_54202e28c5864091,ev_7d2d07e885f14520,u_00196,1,,,2026-02-14T19:26:51.582892+00:00
fb_8c4db685391b4261,ev_527e0b65c6364fe8,u_00525,1,,,2026-03-05T03:32:11.054368+00:00
fb_6d5d18779c9844d6,ev_39bbdc309a68483a_orphan,u_00293,-1,other,,2026-04-10T00:00:00+00:00
fb_22d4894942c842bf,ev_c4b83cc6dff14585,u_00417,-1,wrong_answer,,2026-02-12T08:56:46.526387+00:00
fb_f3743ad7ea1948b6,ev_953cdaaa324c435c,u_00547,1,,,2026-02-23T08:34:54.847846+00:00
fb_6a0484670d30456c,ev_66b10cfcaaac4a3b,u_00166,1,,,2026-03-09T12:01:05.266957+00:00
fb_9920ef57d388429d,ev_4d95b8fd78be4eed,u_00468,1,,perfect!,2026-03-27T10:54:34.444913+00:00
fb_35e9bb4335514067,ev_f46321177c3d493f,u_00349,1,,,2026-03-15T10:06:32.168673+00:00
fb_5f1db6d006f64fee,ev_944a118ecd2d42c8,u_00637,1,,,2026-03-06T04:48:32.124925+00:00
fb_6ba41d094a604833,ev_dac54cd77b354543,u_00241,-1,wrong_answer,,2026-02-04T15:57:56.194145+00:00
fb_072c5ea9a4604b64,ev_df0db59fea924aa3,u_00641,1,,,2026-02-26T19:45:20.984876+00:00
fb_6f80254965bf4f81,ev_d2679e1cb5274f07,u_00613,1,,,2026-03-24T21:03:35.175328+00:00
fb_cdd300e3dbca40dd,ev_9a392c9a3c324ed0,u_00019,1,,,2026-03-28T19:06:40.913607+00:00
fb_5247313d8c4a4f58,ev_263baf046ce14fbd,u_00213,-1,other,,2026-03-17T09:25:35.465640+00:00
fb_17a3ddd9569d4519,ev_ff08a8c5ba394444,u_00021,1,,,2026-02-22T08:29:02.500849+00:00
fb_802812f300054ba2,ev_44a44b4e0ec34d98,u_00196,-1,incomplete,,2026-02-19T09:44:09.507844+00:00
fb_0965ba61f98946df,ev_2e0de3ca0876406b,u_00339,1,,,2026-02-14T17:18:51.239627+00:00
fb_ab8be2e84ec84009,ev_8b85ab9bd9df499b,u_00650,-1,,,2026-02-25T23:14:58.974689+00:00
fb_7600e81f6fe149ef,ev_20793434d81e4f08,u_00163,1,,,2026-02-13T17:13:38.038758+00:00
fb_fb18830caab14f22,ev_545784f541a94b11,u_00192,1,,,2026-02-16T02:42:08.883966+00:00
fb_b5ccf82bdfb04d65,ev_03d11318127a467f,u_00130,1,,,2026-03-11T02:29:29.577172+00:00
fb_d2e4f60e3f7f4ecd,ev_2019dc5d47a84de9,u_00670,-1,wrong_answer,,2026-02-18T05:12:54.165695+00:00
fb_aa83a95aae0f4c01,ev_d0927e5b6dc04a11,u_00275,1,,,2026-02-05T19:06:25.055699+00:00
fb_dc34d0692a1645a8,ev_557341a01cd64a14,u_00598,-1,,,2026-03-25T17:01:36.104008+00:00
fb_a99fe4caf05b4dc5,ev_47e95dfa50444bb0,u_00423,1,,,2026-02-23T17:47:28.014999+00:00
fb_382314ec1b0c4ac9,ev_73f5358df9774752,u_00322,-1,incomplete,,2026-03-01T13:28:45.539300+00:00
fb_61377795785840ba,ev_587a6451ceee4138,u_00203,1,,,2026-03-20T04:08:08.382191+00:00
fb_87f70bb78f4247f7,ev_5d065e7c3b16425d,u_00276,-1,hallucination,,2026-03-09T11:21:16.275973+00:00
fb_e1239e53141547d4,ev_5084b8c133704775,u_00263,-1,wrong_answer,,2026-03-11T10:02:06.920689+00:00
fb_731deb795c9b45b6,ev_7bbaa256430b44ab,u_00329,-1,wrong_answer,,2026-02-28T19:34:05.136802+00:00
fb_66da20bf9a174fff,ev_c2823c8450fd4467,u_00173,1,,saved me 30 minutes,2026-03-25T06:56:26.105707+00:00
fb_05918c3423674dc6,ev_0ee779f2e2ff47e7,u_00287,1,,,2026-03-05T00:27:52.988764+00:00
fb_973b8f35a0ad4744,ev_c7bdb4a8ed29493d,u_00641,-1,wrong_answer,,2026-02-24T12:40:59.857387+00:00
fb_0776814c10da4696,ev_866b18be09c44b2d,u_00315,1,,,2026-02-23T20:15:53.331607+00:00
fb_05d2528620a54f68,ev_e225444d6a0b4d46,u_00188,-1,,hallucinated a case,2026-02-21T14:48:56.555423+00:00
fb_65dd8d6a58c34d7e,ev_de4f6eb6bdd241a3,u_00122,1,,,2026-03-05T15:38:51.244446+00:00
fb_c0add054f6f844e4,ev_c8a4fee9a4a84018,u_00515,-1,wrong_answer,,2026-02-10T19:30:01.866928+00:00
fb_2cec3926e57846f1,ev_63db110cf4a14755,u_00093,1,,,2026-03-06T15:14:14.202026+00:00
fb_ea322c4535f4464b,ev_5a5c4085eb0b448f,u_00149,1,,,2026-04-05T07:23:08.174997+00:00
fb_8aeb63f1804d476a,ev_173206e36aed4435,u_00140,1,,,2026-04-09T00:23:57.202992+00:00
fb_0d20719f60b448c2,ev_3aeb8c6faab84331,u_00518,1,,,2026-03-17T17:20:47.141437+00:00
fb_9c4709ad500b4be4,ev_32860cfcb5fa43fa,u_00420,1,,,2026-03-21T03:43:02.866174+00:00
fb_310db9699e7649d5,ev_575f06f4898f4e42,u_00647,1,,,2026-03-20T01:44:46.654850+00:00
fb_26006d703cad4664,ev_3434901022fc4d37,u_00152,1,,,2026-03-07T15:44:14.120790+00:00
fb_1674b3f4391a45ba,ev_ba62ed84f1864ac5,u_00341,1,,,2026-03-11T23:53:17.819627+00:00
fb_5950ade19ecc442e,ev_51f2a2818745496a,u_00520,2,,,2026-02-21T19:54:48.807361+00:00
fb_0e82ee63be5a44cb,ev_3d547e76478f474c,u_00088,1,,,2026-02-18T08:59:51.232781+00:00
fb_e7a8a358454648ca,ev_65ba22b260f04d8e,u_00396,-1,,,2026-03-23T11:46:20.243487+00:00
fb_d4de5bf4d4f74fa7,ev_8dba1657c7754c94,u_00387,-1,wrong_answer,,2026-03-01T22:56:12.514299+00:00
fb_683be4d2ca594d24,ev_8c888f03b22a43c1,u_00132,-1,incomplete,,2026-03-24T07:30:31.504029+00:00
fb_2e66391037844512,ev_5d36bc8005aa401c,u_00261,1,,,2026-02-17T21:02:55.034678+00:00
fb_a5bc581b028b42f5,ev_55131d0eb2dd4199,u_00452,1,,,2026-02-22T13:28:05.758026+00:00
fb_8123a2daa6cb48ab,ev_b8081cd056ba443c,u_00176,1,,,2026-02-17T17:26:34.113050+00:00
fb_0302d44b4f9544c4,ev_13af9f32c28c433b,u_00464,1,,,2026-03-21T01:23:36.970907+00:00
fb_288b57ba5aac499e,ev_d02b8182cbb04b05,u_00644,1,,,2026-02-19T20:56:44.360374+00:00
fb_3fb41b42d5b44528,ev_eb01df7d53b64305,u_00185,1,,,2026-02-14T06:27:01.840187+00:00
fb_f515a8768ffd4bdd,ev_47a959cdcd96428e,u_00369,-1,wrong_answer,,2026-02-26T03:27:00.566594+00:00
fb_0b0ae5d200964538,ev_0ce47d262caf4caf,u_00188,-1,,,2026-02-15T10:43:51.510052+00:00
fb_5cca16f94e304f80,ev_d61b295784ab4b15,u_00286,1,,,2026-02-19T19:50:03.283771+00:00
fb_01424e819a134dd0,ev_bf42e8353b6b46df,u_00634,1,,,2026-02-21T17:06:06.859421+00:00
fb_154fe4c6b780445b,ev_48928bf7eedf43d5,u_00162,1,,,2026-03-19T17:09:48.867183+00:00
fb_c85e470482ae4956,ev_1dd46755c3174fe6,u_00393,1,,,2026-02-17T04:42:33.785093+00:00
fb_81a3cd34b5a44522,ev_818f45cb3cb241af,u_00645,1,,,2026-03-03T14:57:58.229849+00:00
fb_9b6783f3289d434f,ev_c26fd483c154439c,u_00293,1,,,2026-02-13T22:33:27.242233+00:00
fb_d17afc43207b4226,ev_cd9f4f84829a43b4,u_00671,1,,,2026-02-14T12:43:53.017040+00:00
fb_7bdeba9fda604ba7,ev_5208511c02b84b84,u_00321,1,,,2026-02-19T13:50:45.106769+00:00
fb_f9ac411dabd64a89,ev_ae40c2f18e0f4518,u_00535,1,,,2026-02-16T08:44:58.163077+00:00
fb_3a398ef149e34acf,ev_93cae532e4cf48cb,u_00260,1,,,2026-02-09T02:14:10.693820+00:00
fb_4cec0bfa25e5480d,ev_d63b674df69548a0_orphan,u_00308,1,,,2026-02-24T00:00:00+00:00
fb_68ddd1859b0f49df,ev_24acb13336e24aa3,u_00275,1,,,2026-03-18T08:54:46.362181+00:00
fb_29b3a83170214e33,ev_b6a1c1430e894c81,u_00448,1,,,2026-02-23T18:29:19.143573+00:00
fb_7e8b466dfbd744bc,ev_42fec270e2c44795,u_00379,1,,,2026-03-12T15:52:38.501987+00:00
fb_827d680f33514bd5,ev_96d09228adb34bac,u_00417,1,,,2026-02-16T20:59:17.004884+00:00
fb_1881a609bad44859,ev_71d07a2291d34ac7,u_00357,1,,,2026-03-26T21:52:27.224991+00:00
fb_f1f2b2c813844c20,ev_c7938454ef994e76,u_00419,1,,,2026-02-16T00:30:35.021614+00:00
fb_37bd35171ce44f49,ev_144ba99737f74617,u_00030,1,,,2026-02-13T11:58:41.774790+00:00
fb_b6c859c5c2ab40ff,ev_388818a7f9cd458f,u_00404,1,,,2026-02-24T15:26:07.037706+00:00
fb_7b159943488b4f97,ev_94fd27dcbc0b413a,u_00193,1,,,2026-03-27T23:54:42.398422+00:00
fb_bdba1535f6eb4e72,ev_7a68d3b4ce2b4d83,u_00190,1,,,2026-02-20T10:49:42.789260+00:00
fb_943db08caaa64005,ev_881847f41038480c,u_00655,-1,,,2026-03-15T08:06:00.687166+00:00
fb_63691e909d664675,ev_66e427b3a26042ba,u_00378,1,,,2026-02-09T20:16:16.393404+00:00
fb_1fa331618efe456a,ev_a015ee3f0d0c4a53_orphan,u_00546,-1,other,,2026-04-14T00:00:00+00:00
fb_2c99ae6201704ce7,ev_e6a80db709154709,u_00540,1,,,2026-03-26T03:59:28.756927+00:00
fb_e658f7521c764bda,ev_5d00396be28043e8,u_00628,1,,,2026-03-02T21:43:23.312025+00:00
fb_8c5e1610b2174afb,ev_3aada9ffa97f406e,u_00161,1,,,2026-02-20T10:52:08.894344+00:00
fb_9101d857fb594ec5,ev_186d0e805a40420a,u_00315,-1,wrong_answer,,2026-03-01T22:30:05.142531+00:00
fb_fa5509cf40ba49fd,ev_7f31ec8987644395,u_00157,-1,incomplete,,2026-03-07T22:22:59.810180+00:00
fb_c41a7181796840f6,ev_689d7ee852a64c06,u_00169,1,,,2026-02-27T07:06:42.601868+00:00
fb_c7e3b1addc684d8a,ev_9e83ef468eee4f24,u_00269,1,,,2026-02-07T18:19:04.545776+00:00
fb_a0b2ec33395d428e,ev_b14f79fbd4d74a3b,u_00105,1,,,2026-03-27T23:01:44.816076+00:00
fb_da280ba7da4f4a59,ev_fabf15e9ddca400f,u_00644,1,,,2026-03-25T02:15:37.357573+00:00
fb_5f0509e19310429b,ev_50199f254cde457e,u_00684,1,,,2026-03-25T05:04:52.547395+00:00
fb_1a64532903db40b9,ev_8c84caab4eea485a_orphan,u_00125,1,,,2026-03-08T00:00:00+00:00
fb_bbccb0213b764799,ev_bc38fc8191fe4ab1,u_00431,1,,,2026-02-05T05:29:46.247532+00:00
fb_d12e513a9c5f42bc,ev_47fc826e2a524d9d,u_00321,-1,incomplete,,2026-03-28T17:42:30.667685+00:00
fb_52999652fc7c4ec4,ev_b84a459054034d8d,u_00107,1,,,2026-03-29T23:45:33.462029+00:00
fb_c6282f29586d4fff,ev_74e438e76da04cd0,u_00113,1,,,2026-02-18T02:52:45.825732+00:00
fb_7a7ba827ffcb476a,ev_523290125df44138,u_00041,1,,,2026-03-09T02:51:04.591999+00:00
fb_72460a63ba0246f5,ev_84bfd6a26583494f,u_00444,1,,,2026-03-09T04:55:07.050706+00:00
fb_e926a1a818264537,ev_3a9f94dad47448e8,u_00548,1,,,2026-02-09T08:34:23.538642+00:00
fb_93a73003167d4e59,ev_9c83a15767ab4ba8,u_00650,1,,,2026-02-24T14:57:48.947391+00:00
fb_cff909dba0394913,ev_213496d101b54eea,u_00391,-1,wrong_answer,,2026-03-11T03:43:06.137916+00:00
fb_51011adce72f4e63,ev_e9b39e3d3ae440fd,u_00144,-1,incomplete,,2026-03-13T22:33:42.243087+00:00
fb_448aca95ccba4c6c,ev_02796b7e45a94482,u_00104,1,,,2026-02-14T07:25:05.353105+00:00
fb_380d4576389741d8,ev_e540c020310c4630,u_00163,-1,hallucination,,2026-04-04T04:54:35.830308+00:00
fb_8006022ddfd8406a,ev_11d53f3f19cd4514,u_00297,1,,,2026-04-08T04:12:08.944965+00:00
fb_6b3f433d690a491d,ev_da283b7a96c244e9,u_00602,1,,,2026-02-06T19:26:48.624875+00:00
fb_912cb6bb17be46dc,ev_3f22e1bbf85b4045,u_00093,-1,wrong_answer,,2026-02-28T22:12:22.788974+00:00
fb_98208da717e24ad2,ev_4668815e0d724dc7,u_00105,1,,,2026-03-21T14:33:00.400334+00:00
fb_92519361839341ee,ev_0f7670d5c55345f9,u_00658,1,,,2026-02-13T10:58:06.344957+00:00
fb_2b98c7fb26624a4f,ev_7f25300b956541ce,u_00390,1,,,2026-03-28T23:03:09.779168+00:00
fb_5c1703120f15446e,ev_99cb23ebab0f478f,u_00647,1,,,2026-02-24T00:27:24.443121+00:00
fb_830c68bcdf6d48bb,ev_ed9543cc39ea4afa,u_00141,1,,,2026-03-10T11:10:49.814852+00:00
fb_2842eec9d4964ab5,ev_acb9327be6d04454,u_00532,-1,hallucination,,2026-03-18T05:54:41.095155+00:00
fb_f9da73a8b33649e6,ev_d1cb45d27d144176,u_00025,1,,,2026-03-03T01:49:28.353347+00:00
fb_d85021e415b441bc,ev_01564299d9e0432a,u_00465,1,,,2026-03-04T17:55:46.585449+00:00
fb_c33029059b3946bd,ev_5dd369a8f76742bc,u_00276,-1,incomplete,,2026-03-09T11:05:22.524601+00:00
fb_5359f38f5f444783,ev_93cca1e4cb3748ac,u_00034,-1,slow,,2026-04-04T01:31:36.395214+00:00
fb_37e3f05c55204046,ev_1755a3b61b5540a9,u_00233,1,,,2026-03-18T16:34:31.406198+00:00
fb_1a6add06ee4b4749,ev_a07ceb81fa564ba7,u_00326,-1,slow,,2026-03-28T02:39:13.888898+00:00
fb_f7eae11e331c409f,ev_4e92fc28275a46fe,u_00345,1,,,2026-02-09T20:11:17.113702+00:00
fb_8599ae37e5674015,ev_1185ca1bfa1c425c,u_00155,1,,saved me 30 minutes,2026-02-27T12:30:12.447695+00:00
fb_db0b76fee8774035,ev_bab87e1353fb453d,u_00648,1,,,2026-03-13T18:42:13.773449+00:00
fb_c5fb2729fde94475,ev_5535cc823653416f,u_00559,1,,,2026-02-18T07:08:04.147178+00:00
fb_f24cf10321e44fb3,ev_7b80d5ea7006436e,u_00180,-1,incomplete,,2026-02-21T19:07:58.443685+00:00
fb_f3dbeea905404a69,ev_668391e1156547bf,u_00367,1,,,2026-03-15T08:57:27.314444+00:00
fb_69d97f7a70a240b5,ev_735fd200749141c0,u_00668,1,,,2026-03-08T05:32:59.771336+00:00
fb_c6a0a7c73a52419e,ev_cd85641889e14c5e,u_00271,-1,wrong_answer,,2026-04-01T14:53:26.797465+00:00
fb_686e87b0f4ef481a,ev_5f94e6fd41eb4fd0,u_00266,1,,,2026-03-15T10:29:45.102058+00:00
fb_299ffae3dc544d34,ev_289a72d3f53a466e,u_00488,1,,,2026-02-21T01:57:15.407527+00:00
fb_5ef31732cbaa4014,ev_5d20ae88e92a46a5,u_00068,1,,,2026-03-14T03:39:02.723152+00:00
fb_39c888139dd94bfa,ev_5fbdec1643624900,u_00117,-1,slow,,2026-02-15T02:54:29.675210+00:00
fb_e64a7f3506cb4ebf,ev_854aaa77bb3642fa,u_00562,1,,,2026-02-11T01:37:37.250159+00:00
fb_bc322e49ec674683,ev_9212f65a0e6a4e20,u_00067,1,,,2026-03-22T18:22:03.067497+00:00
fb_a5a3e2f1bfe54ce2,ev_f3523168166e4070,u_00277,1,,,2026-03-22T19:24:08.939163+00:00
fb_d1e525cab3d74070,ev_28a72d8b54654130,u_00127,1,,,2026-02-04T14:38:59.791819+00:00
fb_cdee32f21c834248,ev_d99a95aee98f45ed,u_00108,1,,,2026-03-20T09:02:35.071708+00:00
fb_e39c4c6935d3426d,ev_e92877e594c24472,u_00444,-1,,answer was wrong,2026-02-20T14:18:00.926645+00:00
fb_d0d4d1242c624ccf,ev_8ce33713f1cf44e2,u_00304,-1,wrong_answer,,2026-03-26T09:56:15.980838+00:00
fb_aac2a7fdf63644db,ev_47de59169ace401d,u_00650,1,,saved me 30 minutes,2026-02-27T05:26:59.939613+00:00
fb_2807753207604d47,ev_e8c0cfc5b4a94143,u_00281,1,,,2026-03-19T18:34:00.133038+00:00
fb_f5a705d6c1a541c7,ev_cf4611571a7741f8,u_00640,1,,,2026-02-28T08:03:16.018497+00:00
fb_e699dc5aa8994749,ev_c64b3e78af5f4bef,u_00620,1,,,2026-02-20T03:40:33.140467+00:00
fb_6cb13cda150d4ea0,ev_a4ea64d016a0458b,u_00264,-1,,,2026-02-24T05:58:12.457960+00:00
fb_336a8b7488804220,ev_8cf53bca8d004bfd,u_00510,1,,,2026-02-27T09:18:49.704207+00:00
fb_b3465c789622452c,ev_40c1caccc28e4aca,u_00184,1,,,2026-03-30T07:42:55.563858+00:00
fb_cd8db393d9f741a4,ev_bcbf18e3f1d34c2c,u_00625,1,,,2026-02-17T21:25:25.113729+00:00
fb_a1dfb0c19ed04f88,ev_19c03be3f35046e9,u_00556,1,,,2026-02-20T16:22:52.720479+00:00
fb_09911810b05f4a45,ev_eeb07ffe77984daa,u_00245,-1,,,2026-02-27T01:53:35.018744+00:00
fb_2417c1877d894a93,ev_3b4f579fe2e34071,u_00620,-1,wrong_answer,,2026-02-03T09:08:06.776963+00:00
fb_7677120fc0004208,ev_3d402d54f4d44547,u_00174,1,,,2026-02-15T17:40:30.487927+00:00
fb_1f893d14564a48b3,ev_b45d98a099ea4a67,u_00462,-1,wrong_answer,,2026-03-06T10:51:06.522799+00:00
fb_2f116138b98e469e,ev_31c8e7e874d64d33,u_00466,1,,,2026-02-07T17:33:55.915961+00:00
fb_b622a5c7f61243da,ev_87db9f2855dd4660,u_00140,1,,good citations,2026-03-17T15:23:54.670147+00:00
fb_003dcdaea52c4556,ev_39a34cc50c494123,u_00096,1,,,2026-03-04T13:27:09.594701+00:00
fb_63ccfce636754bb5,ev_2f6c4ba261a242e6,u_00463,1,,,2026-02-16T22:01:43.661464+00:00
fb_cd2f99fed6a54708,ev_eabd5ab3d5034ee7,u_00329,1,,,2026-02-15T20:17:22.291231+00:00
fb_3d6130287d24434d,ev_96f1b637fc2342c5,u_00555,1,,,2026-02-21T10:13:12.297898+00:00
fb_df35b78e72d444b3,ev_c4d7cf320f2b4579,u_00042,1,,,2026-02-19T19:56:49.631146+00:00
fb_a584765b0e5c4d85,ev_01ffdcc243b94ff9,u_00174,-1,slow,,2026-03-09T17:26:27.895484+00:00
fb_12f4691d64984314,ev_d4ca1c4c03384ef1,u_00027,1,,saved me 30 minutes,2026-03-22T16:47:14.333750+00:00
fb_75373930f2db4893,ev_dc300aed596b41d4,u_00239,1,,,2026-02-12T11:25:57.607780+00:00
fb_3f8969755c5e4f76,ev_72bce8ede0824cac,u_00361,1,,,2026-03-05T12:31:35.873392+00:00
fb_09a4442846434f3c,ev_c705a224472b40af,u_00033,1,,,2026-02-16T05:10:24.156341+00:00
fb_e65a8c4c434040a5,ev_91590a2da57d47c0,u_00422,1,,,2026-03-26T10:41:46.460953+00:00
fb_ced3912e1ae94e9a,ev_64fac02f59da43ef,u_00571,-1,wrong_answer,,2026-03-08T01:45:12.365632+00:00
fb_bd1016251334463f,ev_17406fea37a74839,u_00504,-1,hallucination,,2026-03-01T22:39:27.137841+00:00
fb_38a2671b4e68423c,ev_25b0bf4ff8c04816,u_00333,1,,,2026-02-22T06:08:30.601023+00:00
fb_0920c51d4b8147cb,ev_d561b32d12044639_orphan,u_00614,-1,other,,2026-04-09T00:00:00+00:00
fb_38f94fcabdf546e1,ev_9d9874e942764568,u_00400,1,,perfect!,2026-02-09T15:51:07.358565+00:00
fb_45351887eb484fff,ev_960a41e762704361_orphan,u_00048,-1,other,,2026-03-08T00:00:00+00:00
fb_c1a5500219e94793,ev_0ae9872091334f60,u_00295,-1,wrong_answer,,2026-03-14T12:57:49.689601+00:00
fb_ee25d30d0bd84bec,ev_91ff6b35975d4d9d,u_00097,1,,,2026-03-07T03:26:04.442052+00:00
fb_d7c2d6fef31f4423,ev_7c20a11d6d7a48c2,u_00617,-1,,,2026-02-25T08:02:11.377556+00:00
fb_bad4dd17010c44c1,ev_2f8c02dc286745ad,u_00577,1,,,2026-03-09T09:57:31.316005+00:00
fb_658d71fcd2064730,ev_5e0e7cd82a70436b,u_00172,1,,,2026-02-20T04:48:13.076248+00:00
fb_2e4a0e650cc64128,ev_2c22d5b3ace74baf,u_00398,1,,,2026-02-18T15:29:46.397431+00:00
fb_24a0133c23d044eb,ev_53c3ff657d104831,u_00036,1,,,2026-02-27T04:31:39.426940+00:00
fb_2a535be99c0d4fc5,ev_fcbeb09d47b846f7,u_00164,1,,,2026-03-10T02:02:20.391008+00:00
fb_835d2138087648c0,ev_f228a8d41723499d,u_00552,-1,incomplete,,2026-03-19T07:12:10.656031+00:00
fb_37447a9bdaed44fc,ev_4d543127a9784083,u_00367,1,,,2026-02-22T22:04:41.655933+00:00
fb_62f315079ae94478,ev_f5b5d9a501094264,u_00644,1,,,2026-02-15T20:23:11.788389+00:00
fb_4bee9b6ea39d44f5,ev_ea1f738d24b34d64,u_00274,1,,,2026-02-02T18:03:53.218987+00:00
fb_b607961a7d9c4a04,ev_0b2174fe4c754f2e,u_00412,1,,,2026-03-04T05:09:29.134358+00:00
fb_298a0cbea1784d94,ev_883612af4cd941fc,u_00296,1,,,2026-03-18T07:24:13.990593+00:00
fb_3e41979810184653,ev_bf9c93dc121749a5,u_00577,1,,,2026-02-09T21:53:51.233149+00:00
fb_608400e6f48d46d6,ev_e4bacb7257634a8e,u_00295,1,,,2026-02-25T20:59:18.397847+00:00
fb_c881c3d8c8944ac8,ev_0bfb2040807f411c,u_00282,1,,,2026-04-13T13:02:54.083066+00:00
fb_9d2fdde4baac4a18,ev_e69a5d11729443a6,u_00627,-1,incomplete,,2026-03-08T10:43:23.088956+00:00
fb_a9940952124f433f,ev_5afae8da068441cb,u_00435,-1,,,2026-02-05T11:57:38.026729+00:00
fb_0e59cd1951564ead,ev_da78266f77d84418,u_00394,1,,,2026-03-21T01:55:15.534413+00:00
fb_728c3fb8323d45b9,ev_f920ecf31d474693,u_00333,1,,,2026-03-01T16:26:32.195174+00:00
fb_0cb4bffb18994bb5,ev_8ff8017a91c74a55,u_00154,-1,hallucination,,2026-03-08T07:27:18.536903+00:00
fb_40aed803e0bf430c,ev_e0810800d0764944,u_00059,1,,,2026-03-13T09:50:03.104024+00:00
fb_5760749cc6274ec9,ev_db9c8b263df84c68,u_00323,-1,,,2026-03-22T15:57:29.440809+00:00
fb_e1b49728850f4751,ev_15e3da0937be4c00,u_00098,1,,,2026-03-07T00:33:06.952800+00:00
fb_937fe39af5b743c9,ev_faff5c253d4a494b,u_00154,1,,perfect!,2026-02-28T14:48:09.773963+00:00
fb_a40ca017ae7c4091,ev_e66f221119a04f74_orphan,u_00005,-1,other,,2026-02-27T00:00:00+00:00
fb_f03b101a58bd4705,ev_34139650d8654306,u_00408,-1,hallucination,,2026-03-26T11:17:45.422371+00:00
fb_5dd5d110908a4037,ev_541f5bc1c7a64181,u_00190,-1,wrong_answer,,2026-03-29T00:28:20.671422+00:00
fb_70ab43ca49454435,ev_6844162d21b5476f,u_00167,1,,,2026-02-19T12:04:47.979543+00:00
fb_9461f48a767f4c33,ev_f9f37731179f45a1,u_00483,1,,,2026-02-22T15:24:20.264012+00:00
fb_32c3ed16fd4f4c10,ev_0d3bc63179b042b9,u_00434,1,,,2026-03-13T17:37:40.326990+00:00
fb_cfaa6d5cdbfd4ab9,ev_1439cd7451704b8e,u_00234,-1,hallucination,,2026-03-16T03:35:14.793680+00:00
fb_a0ce2cbdafd8451e,ev_a2f187246554434f,u_00185,1,,,2026-02-20T14:41:30.621797+00:00
fb_baa9dcfbecfa48cc,ev_1951717586374173_orphan,u_00465,1,,,2026-04-02T00:00:00+00:00
fb_884c07a185f44481,ev_138a1d4996614cb2,u_00238,1,,,2026-03-19T00:47:22.627967+00:00
fb_0d98f7e0152a4336,ev_7ea85cb46cdc4ef3,u_00407,1,,,2026-03-21T20:57:24.487025+00:00
fb_c1f4173e19ce4908,ev_e71e4950bcbf4036,u_00337,1,,,2026-03-26T14:02:22.500238+00:00
fb_ded72b6587ee407b,ev_1838dcbb01544e9a,u_00575,1,,,2026-02-25T16:56:18.394248+00:00
fb_061242b141974844,ev_cd20705412524a94,u_00541,1,,,2026-03-11T08:49:25.167309+00:00
fb_690ac4303b6442b6,ev_911dc65eae134e57,u_00104,-1,,,2026-02-20T20:11:24.016714+00:00
fb_ae2cb39392a54048,ev_3f304e84e6eb490a_orphan,u_00462,1,,,2026-04-13T00:00:00+00:00
fb_ccab8fc6179c4a31,ev_c79ccab50d2342c2,u_00028,-1,wrong_answer,,2026-03-02T11:08:00.119663+00:00
fb_e81360a6782d4e02,ev_96b0dc45de604115,u_00161,1,,,2026-02-18T07:44:04.262325+00:00
fb_49ff04656a6b47a9,ev_b9f6cfe14c1348d0,u_00165,1,,,2026-02-18T18:57:44.311864+00:00
fb_f4e6c6da9b504db0,ev_a6203ce28f034b5d,u_00127,1,,,2026-03-11T05:28:23.906056+00:00
fb_8f709b74e9d14cba,ev_3f40f03f35064629,u_00198,1,,,2026-02-11T21:20:36.054538+00:00
fb_f69d2e5911d44323,ev_8c9cc6a0339a456a,u_00054,1,,,2026-02-18T04:35:11.067615+00:00
fb_716257969bab477a,ev_c17ff56e134f4abc,u_00231,1,,good citations,2026-03-05T14:16:30.054028+00:00
fb_4d9e991b130446ba,ev_1c09bcf1a7b8489c,u_00427,1,,,2026-02-22T14:24:24.287623+00:00
fb_2950a11efe5d4d11,ev_b734b5bdc4644a8d,u_00095,1,,,2026-02-24T11:31:37.320210+00:00
fb_6b4a32eb9f714c39,ev_a9f7364f01f9447a_orphan,u_00297,1,,,2026-03-29T00:00:00+00:00
fb_8295916f62114bb2,ev_47087d7576e1418e,u_00580,1,,,2026-03-15T15:50:24.911913+00:00
fb_bf2d6a2b079f4426,ev_6b988f36974c41b6_orphan,u_00204,1,,,2026-03-22T00:00:00+00:00
fb_da89f6a516df421e,ev_ba09346e3f4f447e,u_00267,1,,,2026-03-15T03:18:02.413305+00:00
fb_c24939490ada4ea4,ev_df30f49398304c91,u_00307,-1,incomplete,,2026-03-16T15:30:39.632187+00:00
fb_e0707afa11f648ef,ev_e4e98729572e46a6,u_00575,1,,,2026-03-19T14:48:57.511661+00:00
fb_e7e317f187c541fc,ev_a5adc6d929c744c4,u_00070,1,,,2026-02-19T14:09:54.175440+00:00
fb_7fac473f34e94d7f,ev_59dfd4778d0f4076,u_00640,-1,wrong_answer,,2026-02-21T01:43:48.702216+00:00
fb_711e41a3ed85486f,ev_f452f48602bd4948,u_00103,-1,incomplete,,2026-03-25T16:22:17.915303+00:00
fb_d125cb9370d94035,ev_af48787c850a45bd,u_00532,1,,,2026-02-16T12:06:06.318746+00:00
fb_5c05f2db8ef5491c,ev_a2cdaa460e044cd9,u_00468,-1,incomplete,,2026-03-02T17:28:54.205751+00:00
fb_8cd6811ef7e44906,ev_0de6218827444628,u_00032,1,,,2026-03-28T12:28:08.861708+00:00
fb_1ee15e1856a24083,ev_f6ed7be28e2a4757,u_00324,1,,,2026-02-09T12:00:05.976058+00:00
fb_9ae20b7d3ed947df,ev_dd8244d0f0a84960,u_00082,1,,,2026-02-06T16:37:29.375965+00:00
fb_fae846925dee4464,ev_41474a2b726f4af3,u_00098,-1,other,,2026-03-20T00:25:53.440404+00:00
fb_79cd5e145d2d4879,ev_68816b44f460430a,u_00335,-1,wrong_answer,,2026-03-04T13:23:17.461892+00:00
fb_3f17c546f7e54fa8,ev_a1a3ca17100d445a,u_00553,1,,,2026-03-06T08:15:45.513243+00:00
fb_ffc7a16c8aeb4ec9,ev_f0f61c7e81b5418e,u_00124,1,,,2026-03-31T08:21:43.294161+00:00
fb_4ca0ce6bbc2a4773,ev_d7970e4d567447d7,u_00031,1,,,2026-02-14T04:05:20.479808+00:00
fb_7ef19c43697d4f1f,ev_52aeae2eef414527,u_00620,1,,,2026-02-11T04:10:27.334971+00:00
fb_2d8f401bd72d4c90,ev_3d0a5f8a31b346a4,u_00424,1,,,2026-02-25T09:56:48.468755+00:00
fb_0f3cda2a659a43df,ev_19aee160479e42a1,u_00165,1,,,2026-03-31T14:36:00.770580+00:00
fb_cb072eeb12e747cb,ev_ca89394cbad84051,u_00401,1,,,2026-03-10T11:29:28.795509+00:00
fb_9e70f8bb8cce4c98,ev_c48f3f8c60cc49d8,u_00382,1,,,2026-03-19T13:13:57.377745+00:00
fb_27627cd2befa4d95,ev_7b023e4e80964f5e,u_00402,-1,,,2026-03-27T14:53:19.429226+00:00
fb_624d69bbe9014208,ev_fd7bdd81a9bd4f11,u_00067,1,,,2026-03-01T00:46:52.247068+00:00
fb_fb110ab4233d4deb,ev_3188776aa7bc4d75,u_00419,-1,hallucination,,2026-02-05T19:54:02.674316+00:00
fb_9dc4cc06876e4907,ev_bfb9b051f81b4e35,u_00251,1,,,2026-03-15T22:34:23.589582+00:00
fb_ea97e228eb834607,ev_7ca721303ba14926,u_00209,-1,incomplete,,2026-03-02T15:26:36.735889+00:00
fb_82ea83bff21045b0,ev_04716b01f5394c04,u_00044,1,,,2026-03-28T10:22:56.978245+00:00
fb_35af8a8fd4754b94,ev_7ea79a48c088415e,u_00198,-1,slow,,2026-03-09T08:03:12.448497+00:00
fb_18ca36d7f3924976,ev_8d94e42440744c31,u_00627,1,,,2026-03-24T16:02:42.031157+00:00
fb_bc36b5b4ce0647cb,ev_cb752994d3c3413e,u_00543,1,,,2026-02-12T10:57:33.538390+00:00
fb_e5be570594e04679,ev_6ce9ca73b8c84183,u_00552,1,,,2026-03-26T22:10:33.269112+00:00
fb_7b048d831b824615,ev_6a74067352c54103,u_00426,1,,,2026-02-10T16:34:14.194406+00:00
fb_56c33a08874a4603,ev_0d055297830b4b83,u_00654,-1,wrong_answer,,2026-04-05T07:14:29.201502+00:00
fb_8f642f91a8cd4820,ev_7b76b57df00943e5,u_00553,1,,,2026-03-13T14:43:46.796131+00:00
fb_3fd5b19262274d9c,ev_9c0706651e654c27,u_00130,1,,,2026-02-21T05:57:27.094045+00:00
fb_3de61f1e557e4b9b,ev_17b91e1bd4a549de,u_00574,-1,wrong_answer,,2026-03-18T08:12:23.234264+00:00
fb_5ebb85df31c743fb,ev_2cec552a39f847a0,u_00642,1,,,2026-02-07T07:39:30.789876+00:00
fb_be0a9dde3b9e40d0,ev_dace2f56d2d14fe5,u_00646,1,,,2026-02-15T09:31:56.523900+00:00
fb_b38b482000314d5b,ev_2e2bc09f1d2e485a,u_00013,1,,,2026-03-06T16:34:01.674618+00:00
fb_0c61cf333fda4914,ev_04eaeb17beed4e66,u_00552,1,,,2026-02-18T13:56:48.013219+00:00
fb_fa21ec297eac4422,ev_a007a8938629495d,u_00417,1,,,2026-02-05T03:21:43.953921+00:00
fb_b2c632ba60d44097,ev_d257fd1d6b0349a1,u_00580,1,,perfect!,2026-02-12T20:04:28.536217+00:00
fb_c0192fe32dc54ff7,ev_cd6fb5471a964500,u_00007,1,,,2026-03-08T15:32:02.708464+00:00
fb_fe1ba4ee8fe84414,ev_db7d786d51e94ee2,u_00363,1,,,2026-02-09T17:58:41.363427+00:00
fb_9f95f2b6e2ca4094,ev_dc38f5b725814d8a,u_00172,-1,wrong_answer,,2026-02-12T18:04:44.397373+00:00
fb_179df346288349ef,ev_ab8867d704e5436a_orphan,u_00468,-1,other,,2026-03-18T00:00:00+00:00
fb_b5f371f0d1e94af0,ev_373af79df43d4818,u_00265,1,,perfect!,2026-03-31T10:31:22.432498+00:00
fb_266222ffd3a749ea,ev_a7c8bda274c84830,u_00323,1,,,2026-02-07T20:52:57.824551+00:00
fb_efdb572ae12e4185,ev_b5adfbaf73ab4396,u_00357,1,,,2026-02-14T15:39:15.113272+00:00
fb_9eb85d5e02a94246,ev_a83bcb113a5c427e,u_00034,-1,,,2026-02-19T20:02:58.218367+00:00
fb_a8116b4f54984589,ev_eedb1901a2a74ef2,u_00613,1,,,2026-03-20T17:20:38.638245+00:00
fb_7651d841da5f4843,ev_e93a709cc8d34194,u_00596,1,,,2026-02-19T12:02:24.184579+00:00
fb_8d0be44d7a2e4afa,ev_7a2909fc9c8b42e6,u_00596,-1,other,,2026-03-24T13:42:29.283580+00:00
fb_cd6def4e306d4bee,ev_f4f8e2f4ece3496f,u_00130,-1,wrong_answer,hallucinated a case,2026-03-25T03:04:06.522849+00:00
fb_0350b2dea8934781,ev_563cc7b5d1084cd3,u_00322,1,,,2026-03-12T16:35:58.434304+00:00
fb_09aadface7714c7d,ev_b635e05d250a424d_orphan,u_00487,1,,,2026-04-08T00:00:00+00:00
fb_3c9d8a56c4a94bf1,ev_e318c6bcf1fe4749,u_00524,-1,hallucination,,2026-02-24T04:50:31.608781+00:00
fb_6e95f138858d4d84,ev_a89561e065b6447c,u_00035,1,,,2026-03-27T23:07:40.406813+00:00
fb_9dac70846442473d,ev_ecc42263f80c405d,u_00547,1,,,2026-03-29T00:20:49.677353+00:00
fb_e8f59d6ecede4314,ev_092e8dcbb5f841f9,u_00391,1,,,2026-03-16T07:02:39.338621+00:00
fb_1047f67947fb48e7,ev_a9d2579c70794e73,u_00623,1,,,2026-02-17T00:59:00.140718+00:00
fb_f0054d9595eb4829,ev_b2401307da9b4913,u_00035,-1,incomplete,,2026-02-27T11:32:44.426160+00:00
fb_2066cc8981c74102,ev_26f7e17e31644e36,u_00342,1,,,2026-02-27T19:09:58.599380+00:00
fb_8f30c8f84be34ca5,ev_9e41a0c6bf2a470e,u_00268,1,,,2026-02-09T16:24:17.232189+00:00
fb_c54e0ce010b04039,ev_e92674c24c154e42,u_00122,-1,,,2026-04-11T09:26:54.721340+00:00
fb_7dccada579834c7f,ev_ad93189bfee1499e,u_00367,-1,hallucination,,2026-02-25T01:23:56.310555+00:00
fb_1c26890db1544f88,ev_1c12ce1bb93b4648,u_00118,1,,,2026-03-13T17:21:40.355481+00:00
fb_0646cb861b134123,ev_0fa4ff3568f24a32_orphan,u_00129,-1,other,,2026-03-04T00:00:00+00:00
fb_cc062083abd24839,ev_01e4408d6f6a45e4,u_00420,1,,,2026-03-10T19:15:09.721223+00:00
fb_1c665a31a3a24186,ev_15a5f0bb58a54831,u_00295,1,,,2026-02-13T17:12:33.057272+00:00
fb_040ee184d3d549d4,ev_a25adbd803174c46,u_00418,1,,,2026-02-26T19:58:56.558498+00:00
fb_0438a20b08244aa9,ev_c24e8eef675a48fc,u_00341,1,,,2026-02-24T03:07:11.141312+00:00
fb_2075706252d74bad,ev_cc904431618c4cba,u_00572,-1,incomplete,,2026-02-02T14:12:27.069414+00:00
fb_23a2e3a1e5904be1,ev_35ad71d9f28c45dd,u_00043,-1,hallucination,,2026-02-11T18:39:04.882515+00:00
fb_394367a0b5664b8e,ev_64c3ef6b468b4aad,u_00410,1,,,2026-02-14T13:50:57.355473+00:00
fb_68104ee19ea0400e,ev_88223232766b4dcf,u_00264,1,,,2026-03-07T22:19:37.116474+00:00
fb_f541ae72f24341bd,ev_d3386de5a25e422d,u_00180,-1,incomplete,,2026-03-11T07:11:34.636057+00:00
fb_0e6d3f2ff6d34f8b,ev_1c2c8af5207d4d44,u_00424,1,,,2026-03-02T18:36:16.621078+00:00
fb_fc54fd84100c49ec,ev_f12a1befc4a04a57,u_00639,1,,,2026-04-05T10:26:24.521836+00:00
fb_685489e633f34d3f,ev_d33810d42e8f4509,u_00421,-1,,,2026-02-25T03:38:51.275978+00:00
fb_ba157b4f4f2c41cf,ev_62dab3bce59a49a3_orphan,u_00315,-1,other,,2026-03-29T00:00:00+00:00
fb_403003ea3db04d8e,ev_36c26f7a1e734baf,u_00646,1,,,2026-02-12T20:36:32.513647+00:00
fb_fbfb62a9bf604c6a,ev_994c45a4a2e1424d,u_00332,-1,wrong_answer,,2026-03-17T08:09:54.203947+00:00
fb_993665d0fa1f4117,ev_b652c59e405b4176,u_00283,1,,,2026-02-14T08:54:52.086320+00:00
fb_68d9af5133c64728,ev_f5ad00f8672c4635,u_00353,1,,,2026-02-20T13:45:31.680500+00:00
fb_198f145a29cd4e09,ev_6ffdbb470918456c,u_00166,-1,wrong_answer,,2026-02-10T05:18:22.659780+00:00
fb_80ccc1e3618346ec,ev_a2b2ee607f154e95,u_00334,1,,,2026-02-27T04:42:00.520164+00:00
fb_fd9520ae64e440bc,ev_c3d4c78b73484499,u_00464,-1,hallucination,,2026-02-19T09:32:11.643106+00:00
fb_f084c864d5df448e,ev_3eac10343f864c79_orphan,u_00376,1,,,2026-03-09T00:00:00+00:00
fb_39931ab9d45c4333,ev_6a6616cd4e60447b,u_00549,1,,,2026-02-28T18:22:04.683582+00:00
fb_d546aa89271a42e5,ev_10ded042e9fb45ad,u_00134,1,,,2026-02-08T18:33:35.157103+00:00
fb_0057401eec484337,ev_562b0ab50b7b4d51,u_00352,-1,incomplete,,2026-03-01T14:32:06.974478+00:00
fb_34d18a0f3f1c4acb,ev_5a3ad0fdaaf845f8,u_00161,1,,,2026-04-07T07:52:13.432276+00:00
fb_170a8937ea8145b9,ev_458967150d2c49db,u_00104,1,,,2026-03-06T23:05:47.358389+00:00
fb_b849afb82c754326,ev_4b00489a4b114a4f,u_00333,1,,perfect!,2026-02-20T10:11:47.893773+00:00
fb_be495aecfce44bb2,ev_fff604d0343e48d8,u_00284,-1,hallucination,,2026-02-28T13:18:35.450949+00:00
fb_4099b66d8df0418e,ev_3d404e1c7cc24aec,u_00121,1,,,2026-03-22T21:11:42.887136+00:00
fb_31a9980c59764f9e,ev_3da91d8f5f324ae3,u_00604,1,,good citations,2026-03-05T23:38:00.892999+00:00
fb_b976e64983364a99,ev_405f77e061d94cc0,u_00248,1,,,2026-03-04T14:33:18.322135+00:00
fb_5470a66e4f4040a7,ev_9549c7306cd94ffa,u_00409,1,,,2026-02-18T23:38:03.048473+00:00
fb_cd446c0ab2804788,ev_46acdf3eeec34d75,u_00423,-1,wrong_answer,answer was wrong,2026-04-06T04:26:08.945288+00:00
fb_42d04aef49e240d3,ev_af560ea5bd734683,u_00656,1,,,2026-03-07T07:01:49.426798+00:00
fb_cacbd69c68e34331,ev_532e7e0ac3054bbf,u_00024,1,,,2026-02-09T06:37:12.453067+00:00
fb_d21cf986f22e4876,ev_c75127ea95a544b2,u_00648,1,,,2026-03-21T17:12:32.969421+00:00
fb_34dd1425ba4e4ac2,ev_4c4db77e74de432b,u_00173,-1,wrong_answer,,2026-03-05T12:08:31.494343+00:00
fb_88ca1bb47a1f4347,ev_ff2537ad3486456e_orphan,u_00267,1,,,2026-04-02T00:00:00+00:00
fb_9899ab0197c94be1,ev_fbabe6d50cb64156,u_00631,-1,wrong_answer,,2026-02-18T21:11:50.697048+00:00
fb_968d90e9ef1e43b8,ev_3ec87ec571104ff9,u_00267,1,,,2026-02-10T23:51:29.059338+00:00
fb_7b789470275e4707,ev_ac9883f051e745d5,u_00253,1,,perfect!,2026-03-06T17:31:41.036831+00:00
fb_4969096de2db48bb,ev_af440dcf70a94a6f,u_00264,-1,incomplete,,2026-02-23T18:10:07.041879+00:00
fb_9b8bc6b10f3a4bc0,ev_42ae65d9296a4578,u_00157,1,,,2026-03-03T08:09:18.659517+00:00
fb_221380cc50f9400c,ev_72fd0ce5357c4e66,u_00282,1,,,2026-02-25T21:08:06.465193+00:00
fb_1e208f2feb07492b,ev_7432055bb0fc4946,u_00612,1,,,2026-03-03T12:31:48.603650+00:00
fb_8c698a64287c4c5c,ev_fcc3ca3829094d1a,u_00466,1,,,2026-03-10T02:03:33.105934+00:00
fb_6c5839f159b04a08,ev_6b317b4b62cc420f,u_00266,1,,,2026-02-22T09:31:47.462114+00:00
fb_cfc9050346c54c34,ev_bdd20dd73ac4487b,u_00291,1,,,2026-02-25T14:07:24.755090+00:00
fb_275f0b4466314287,ev_6488ca8ccc354535,u_00281,-1,hallucination,,2026-03-25T06:14:51.381226+00:00
fb_7f8b1ec58145415c,ev_9a8291a6df8d47b5,u_00117,1,,,2026-02-24T20:24:19.770743+00:00
fb_3a348d5ef672478c,ev_2a0cfef999a04acf,u_00165,-1,wrong_answer,,2026-03-20T15:50:55.841313+00:00
fb_fed98344ad144f74,ev_cd604956f35d4c91,u_00295,1,,,2026-03-06T15:49:35.465692+00:00
fb_b8fce01c19724c64,ev_2fbfba1369cc47ef,u_00090,1,,,2026-02-22T06:12:53.681605+00:00
fb_e773b3bfea484098,ev_cd0c573e68c443bb,u_00595,1,,,2026-02-13T03:06:05.908634+00:00
fb_016e0200acde4b29,ev_abcc61dd8f724393,u_00467,1,,,2026-03-06T23:16:52.907071+00:00
fb_6ee1cb6a9b474dfe,ev_2391557c4c9f459a,u_00167,1,,,2026-03-13T16:50:03.640639+00:00
fb_7ba8ece6e9bd411d,ev_d44d5052a9714430_orphan,u_00436,1,,,2026-03-07T00:00:00+00:00
fb_a438a070e2104b49,ev_4aec7366df6648e9,u_00656,-1,,,2026-02-22T17:20:04.331959+00:00
fb_6379fe802974469b,ev_aa10e08cc6094b67,u_00166,-1,hallucination,,2026-02-19T03:29:43.033382+00:00
fb_8a3676ccf1e9411a,ev_9600f0b87aba4dc3,u_00606,1,,,2026-03-07T01:37:51.389310+00:00
fb_8fe4d55945bf47e9,ev_db93f6c4e32d4796,u_00089,1,,,2026-03-31T03:57:40.408087+00:00
fb_7f22931b3d044213,ev_15994e45db044c4d,u_00018,-1,hallucination,too slow,2026-02-20T07:59:47.754736+00:00
fb_69b86afcae774606,ev_29aed4b9bc9e4c34,u_00189,1,,,2026-02-22T20:39:29.941077+00:00
fb_c5072ee7d58a4e2a,ev_dad80d87287c49fb,u_00506,1,,,2026-03-05T05:31:29.747780+00:00
fb_8bf5bd2a601d4ac4,ev_80a729d103654a98,u_00128,1,,,2026-03-28T12:43:14.234734+00:00
fb_8711a9462ecc45d2,ev_83c050f42c054a42,u_00148,1,,,2026-02-11T00:06:54.350865+00:00
fb_89d1729aeaa940c6,ev_808e5eaeef3044ff,u_00014,1,,,2026-02-25T23:51:00.221138+00:00
fb_d4de80f5b7b64789,ev_6069181410264c53,u_00185,1,,,2026-02-19T09:57:41.757331+00:00
fb_1757f9c75b3e4136,ev_ac3d7fa4cdf44c08_orphan,u_00153,1,,,2026-03-21T00:00:00+00:00
fb_dac368a7aa7940fb,ev_32194ea71bc14fd4,u_00317,1,,,2026-03-27T02:26:36.554431+00:00
fb_5685480305a2450a,ev_2910f3f4528b41e2,u_00019,1,,,2026-03-28T14:06:35.557658+00:00
fb_4c5c49bb4c664a2e,ev_1f47011ca710495a,u_00328,1,,,2026-04-13T19:35:40.723234+00:00
fb_0eb314737b944f6c,ev_27c49e9b0bea4850,u_00657,1,,,2026-03-08T03:17:18.062780+00:00
fb_975d7a9fa25a4a59,ev_e791164b1f174655,u_00557,1,,,2026-02-10T18:45:20.271984+00:00
fb_5a04072210f24539,ev_5e8d796ab71d4cff,u_00102,-1,hallucination,missing a key citation,2026-02-14T12:16:45.552281+00:00
fb_3cb14039d4914ac5,ev_92aa514c3de143ee,u_00236,1,,,2026-03-25T19:25:22.400071+00:00
fb_5496b0900a1f4b34,ev_615a89aaa975492f,u_00160,1,,,2026-02-18T20:15:43.840968+00:00
fb_66971b2fbf524afc,ev_5801b256830f42ad,u_00294,1,,,2026-03-06T22:38:12.832467+00:00
fb_85b3c26c21f74421,ev_23fb6d6cf79f427d,u_00092,1,,,2026-03-25T04:30:31.167654+00:00
fb_44550bdfb71641c6,ev_bcb6235ab64e401a,u_00405,1,,,2026-03-06T11:52:31.458106+00:00
fb_6657d8fb8bd949a1,ev_9cff25c5a32c4b3b,u_00072,1,,,2026-03-10T09:25:28.280097+00:00
fb_64501561396e48fc,ev_da881335abe24659,u_00656,1,,,2026-03-09T22:28:18.162008+00:00
fb_293629db6ef94ebf,ev_95c11bc59b6c41c8,u_00493,-1,,,2026-03-15T15:14:45.409789+00:00
fb_694bf284518b4953,ev_b81fabe24d12445f,u_00175,1,,,2026-02-12T22:18:16.585285+00:00
fb_4186c2d5e37f469c,ev_423955c6622d40b7,u_00349,0,,,2026-02-19T06:17:57.935129+00:00
fb_070d5c1f2dc34921,ev_4f99166a68ad40ac,u_00149,1,,,2026-03-01T16:16:13.611258+00:00
fb_7f9f72e2f5314491,ev_9e24d32460584ffd,u_00039,1,,,2026-02-22T23:14:47.607474+00:00
fb_838fb694cc354e2c,ev_40fe3b299e66436a,u_00434,1,,,2026-03-15T10:26:04.624409+00:00
fb_f83e1f4cff79477e,ev_343817e5779f4993,u_00311,1,,,2026-02-25T13:38:01.444386+00:00
fb_b6fb61b4a0be4e38,ev_c1e8f80810824ef5,u_00559,-1,wrong_answer,too generic,2026-03-04T02:18:44.464888+00:00
fb_92f97b8b409b4976,ev_532e93cd189342f9,u_00165,1,,,2026-02-02T07:21:42.746029+00:00
fb_a2183cfc9b834a90,ev_e53a8349c5804ca2,u_00420,1,,saved me 30 minutes,2026-03-13T19:27:31.628341+00:00
fb_f3b637a111e144e7,ev_e61d5b5bd5e34195,u_00562,1,,,2026-03-11T23:39:54.301720+00:00
fb_a11d196835464032,ev_5520bde9cb584e08,u_00086,-1,wrong_answer,,2026-03-18T12:21:35.909936+00:00
fb_1a4af67c573e49d5,ev_fe4eec97d6f14559,u_00379,-1,slow,,2026-03-03T18:42:07.818945+00:00
fb_377e23b0fd604034,ev_2ba747ee50974f36,u_00564,1,,,2026-02-13T18:53:51.880394+00:00
fb_6d476148f80b4797,ev_c1fe746f7c234039,u_00679,1,,saved me 30 minutes,2026-02-22T17:50:44.251361+00:00
fb_74f9ec63c37d4606,ev_d2780dc674d54534,u_00032,1,,,2026-03-05T01:13:13.638302+00:00
fb_9c3562931cbf4de9,ev_f7402a690e804e56,u_00090,-1,slow,too generic,2026-02-23T23:33:56.718315+00:00
fb_bb5714abb0dd4377,ev_ca40861530514e79,u_00419,1,,,2026-04-10T19:19:58.996340+00:00
fb_e9a7331d2aaa4429,ev_14fc6225962c4414,u_00480,1,,,2026-04-03T04:16:16.506203+00:00
fb_edd7244c206b439c,ev_54f0364c00d64382,u_00626,1,,,2026-03-29T21:28:03.574145+00:00
fb_54c776c5c37a45a3,ev_5f580e4516374328,u_00251,-1,wrong_answer,incomplete response,2026-02-21T06:32:06.094555+00:00
fb_9dbdd7ff84fb4a5f,ev_fd66e11e82114de5,u_00293,1,,,2026-03-10T02:02:09.822270+00:00
fb_28677f8245d94fd9,ev_cacc53eb73a840e0,u_00019,1,,,2026-02-20T10:27:11.420178+00:00
fb_90abf307f0fc4afb,ev_44da1344f98441dd,u_00544,1,,,2026-02-14T07:45:21.826235+00:00
fb_d1b90a0b32d944ef,ev_54c32c2fa6fe4731,u_00147,1,,,2026-03-21T02:08:31.072741+00:00
fb_7f4dd96075de47a7,ev_316e4e4bb7eb47d6,u_00286,1,,,2026-03-13T17:47:31.810834+00:00
fb_873714556e0b47c4,ev_aaacb27b18a04a14,u_00405,1,,,2026-02-25T19:44:59.616529+00:00
fb_5d919be2c6354eef,ev_12a0e0f8e56f4395,u_00379,-1,incomplete,,2026-03-09T09:40:02.428836+00:00
fb_4e9d569a61634062,ev_586bb4ed25a749a2,u_00123,1,,,2026-03-17T02:40:02.343020+00:00
fb_9722be46b730459b,ev_5301598ecb6d4aa4,u_00634,-1,wrong_answer,,2026-02-03T03:02:19.587686+00:00
fb_50574633539f4d1c,ev_4454d4f8b38e4d58,u_00490,1,,,2026-02-11T21:43:26.152277+00:00
fb_203f93944b88482e,ev_ae514bcc83de4def,u_00667,-1,incomplete,,2026-03-28T10:05:47.665348+00:00
fb_df80e9f6e4604d3c,ev_aecb6911352e443f,u_00322,1,,,2026-02-24T23:52:15.109437+00:00
fb_6790784c51ed4d55,ev_bdde47942e174f20,u_00361,1,,,2026-02-24T07:11:33.979343+00:00
fb_c74a28b0b1bf47bf,ev_3f9dce69b9b446e4,u_00137,1,,,2026-03-20T06:47:09.395755+00:00
fb_4cade623ce1f4e5b,ev_e196466d282e44ee,u_00623,1,,,2026-03-08T16:43:24.074780+00:00
fb_dfc4442b7cdf429d,ev_5f35df174bc64952,u_00181,-1,slow,not relevant to Italian law,2026-03-08T14:07:59.418941+00:00
fb_173378f7b81440e0,ev_ac204f8490034fdd,u_00262,1,,,2026-02-22T17:16:24.009642+00:00
fb_58dc35ae0008493e,ev_a1805c7d88394a08,u_00283,-1,incomplete,too generic,2026-02-13T08:10:34.378928+00:00
fb_1ae02eeaa5264bbd,ev_67e2d37e8f2f4077,u_00488,1,,,2026-03-14T14:30:03.939905+00:00
fb_62cdbc73bbcf4d94,ev_4ad2660d3e244602,u_00576,-1,slow,,2026-02-12T06:43:58.339857+00:00
fb_4f30c281a3a14cac,ev_acab4e8fe6b8432f,u_00625,-1,,,2026-02-14T09:51:17.847120+00:00
fb_e4ff60d7e05d4d2c,ev_2096a9cd02234504,u_00186,-1,,,2026-02-26T10:20:04.909651+00:00
fb_d79d86c141144128,ev_e46352cde9724adb,u_00644,-1,hallucination,,2026-03-22T23:09:45.309593+00:00
fb_b9805a121fe74670,ev_a0c4969d50e743aa,u_00335,1,,,2026-02-11T09:50:37.390594+00:00
fb_1427375b7d4a4f75,ev_551c82f718ba4680,u_00044,1,,,2026-03-07T21:41:14.383496+00:00
fb_3c70f1c4f36e4607,ev_72fdf51aa3854dcb,u_00066,-1,slow,too generic,2026-04-05T00:03:06.985629+00:00
fb_6165f060a3454842,ev_67076a15eaed4c93,u_00564,-1,,,2026-03-10T00:14:21.880047+00:00
fb_c00743fd34ad4cc2,ev_e3007b67c01e44c9,u_00569,1,,,2026-02-22T06:19:40.071668+00:00
fb_c04c7c36c1764f4c,ev_001e895b1f2c4ba3,u_00178,1,,,2026-02-27T03:52:00.025871+00:00
fb_95c21f79b3664a8f,ev_84dfa95d13f44fdb,u_00004,1,,,2026-03-09T09:31:38.638613+00:00
fb_f461bd97b2674c37,ev_924257a591a54f67,u_00126,1,,,2026-02-22T07:07:40.926919+00:00
fb_7350d62bdd7241c6,ev_8b8cb4d3ab7e487d,u_00016,1,,,2026-02-24T11:37:48.198144+00:00
fb_80273ee2957142e7,ev_40df7f732cd54dc6,u_00667,1,,,2026-03-07T16:14:32.443699+00:00
fb_e6fd2bd21b6e40ef,ev_20cb0785c80941d7,u_00432,-1,wrong_answer,,2026-03-29T22:59:48.260413+00:00
fb_b2d16ac031e24267,ev_d4028e0169e94960,u_00639,1,,perfect!,2026-03-05T05:36:15.552011+00:00
fb_e7451875a20e4724,ev_59c059d518034b1e,u_00509,-1,hallucination,,2026-02-25T21:12:48.775864+00:00
fb_20ff48cb782341ad,ev_e8ca73db78b64f30,u_00056,1,,,2026-02-21T14:19:24.382536+00:00
fb_987ef09f97d5417d,ev_37fa24f595f64e34,u_00179,1,,,2026-03-20T22:58:45.352013+00:00
fb_7a934d64cc2a4417,ev_a3e668eaeac3474b,u_00170,-1,,,2026-02-24T20:15:53.651511+00:00
fb_ff511283ef80449b,ev_3d4d67cde19c4663,u_00120,1,,good citations,2026-02-28T02:59:17.269384+00:00
fb_78214add19d44fda,ev_dd32b8bbcc3944e0,u_00247,1,,,2026-02-23T10:24:25.231709+00:00
fb_62965f7db3d24917,ev_f438ed3328fb4753,u_00659,1,,,2026-02-25T08:29:07.069718+00:00
fb_51f5eccf49db40cc,ev_200388a068f44a90,u_00671,-1,other,,2026-02-19T02:38:42.036624+00:00
fb_8cb69d823be442fd,ev_621dd7fe220542fa,u_00188,1,,,2026-02-27T18:06:01.436993+00:00
fb_3fec4b968ea34706,ev_fe03ff796d40457e,u_00018,1,,,2026-03-11T18:14:31.371829+00:00
fb_f9020abcbe814528,ev_61a4b382cea94462,u_00038,1,,,2026-03-03T17:51:41.500928+00:00
fb_7d1b3fd099334ce7,ev_102ea8329707482f,u_00548,-1,hallucination,,2026-02-11T07:37:16.118258+00:00
fb_a1b7af81bad341c3,ev_5abe5d3e94a643c5,u_00193,1,,,2026-03-16T17:49:26.845336+00:00
fb_210cc07dde424d91,ev_25f8221a1660435f,u_00317,1,,,2026-02-28T19:09:42.806453+00:00
fb_1ba9e9712cf64147,ev_db2030dd9c794e48,u_00104,-1,hallucination,answer was wrong,2026-02-19T20:36:13.701728+00:00
fb_1c04ba587a5c478f,ev_cea04db9052a4ec6,u_00164,1,,,2026-04-05T15:30:56.657539+00:00
fb_fad69117798444c5,ev_9f4d762d66d44013,u_00444,1,,,2026-02-10T17:02:20.105469+00:00
fb_e237f727349540fc,ev_bb134e839a8842e5,u_00582,1,,,2026-03-04T21:00:46.721066+00:00
fb_8a67435c4b1a473e,ev_ba8c88e5d60e4e2e,u_00645,-1,incomplete,,2026-02-13T13:47:12.695259+00:00
fb_c194aafe80a24637,ev_740f5a09b48f4b0d,u_00513,1,,,2026-04-11T11:33:40.168432+00:00
fb_a95d5a8ed753468c,ev_3969e7504eb14fe5,u_00656,1,,,2026-02-17T02:11:53.459829+00:00
fb_c1b8667c03304535,ev_2ebebb6886304237,u_00427,-1,incomplete,,2026-04-03T15:44:03.423841+00:00
fb_25b5ed664c9a4261,ev_1528727aeed141f3,u_00642,1,,,2026-02-22T20:56:04.486364+00:00
fb_f7dbeb59ba404ba4,ev_f69f230d1f3d4de7,u_00337,1,,,2026-04-02T16:08:45.160566+00:00
fb_ba2c80698cb74035,ev_c244c0fa18f84b68,u_00160,-1,incomplete,,2026-03-01T10:23:34.004769+00:00
fb_f1c4647224f5438e,ev_ed8ce717e1964d6f,u_00443,1,,,2026-02-26T15:15:57.982463+00:00
fb_14d4d3122ea5429e,ev_c544f6b40a764c89,u_00549,1,,,2026-03-22T05:52:28.486218+00:00
fb_43a6d32602b04126,ev_757f39a96948426f,u_00427,-1,wrong_answer,,2026-03-30T09:20:29.025908+00:00
fb_b1fcdf729be047b9,ev_3fbb321101f94979,u_00061,1,,,2026-03-15T17:30:50.428026+00:00
fb_aadda06fa4de41b7,ev_82f50b59741145fb,u_00506,-1,wrong_answer,,2026-02-28T14:18:29.283010+00:00
fb_7d865efe85f647d0,ev_c67780ef398d4597,u_00129,-1,slow,,2026-03-02T01:16:07.659578+00:00
fb_b4d38570cc884e2d,ev_cef775b9c6b34cf4,u_00372,1,,,2026-02-10T10:16:21.264914+00:00
fb_1c1f544a56664d6c,ev_9fddf3498c8a4b2a,u_00053,-1,wrong_answer,,2026-03-16T06:27:39.508499+00:00
fb_ee4f797122bc4038,ev_40903910fbac4108,u_00179,1,,,2026-04-03T10:07:27.970225+00:00
fb_20f3d36b60454fe3,ev_0da490bc0dcf4308,u_00669,1,,,2026-02-04T14:34:56.685619+00:00
fb_82b37855f51844dd,ev_d28afbf588704312,u_00502,-1,wrong_answer,,2026-02-19T02:59:00.892520+00:00
fb_c27b1d901c504688,ev_a8a5103ab39a4f6a,u_00236,1,,,2026-03-25T06:27:58.235205+00:00
fb_3ef56720531e45f2,ev_82a574f143204b56,u_00105,1,,,2026-02-10T19:55:13.191337+00:00
fb_b2a7e6acf7af45b5,ev_a73cdd79398e4291,u_00684,-1,hallucination,,2026-02-28T09:08:30.880963+00:00
fb_267a1a3a22904155,ev_6b60e3b27ef743c4,u_00072,-1,slow,,2026-04-11T02:57:39.400039+00:00
fb_e053dc8dcb1e4eea,ev_423233bdf6f54444,u_00368,1,,,2026-02-25T07:07:35.691090+00:00
fb_3fd8dbc6ae254fe2,ev_57cb90ee4fbf4dba,u_00125,1,,,2026-03-09T10:53:29.509607+00:00
fb_f5acb8c9a4214296,ev_05dc6992b2b44955,u_00345,1,,,2026-03-05T02:31:52.689965+00:00
fb_b6f68646005f4288,ev_b30fbead02454686,u_00425,1,,,2026-03-20T23:52:20.203820+00:00
fb_6fa662e254a7401a,ev_db2ed6ae864e4adb,u_00519,1,,,2026-03-15T20:05:11.272630+00:00
fb_dfcdf184849649b8,ev_257a96cc1f5445f9,u_00379,1,,,2026-03-16T05:49:17.486849+00:00
fb_e2bc2f61d8a145bc,ev_fec9ac82b7904145,u_00405,-1,wrong_answer,,2026-02-22T20:59:46.496869+00:00
fb_8a1e5e6466d8426a,ev_16fa522c708e428e,u_00623,-1,incomplete,,2026-02-14T04:33:53.349857+00:00
fb_352d5503056b4e0a,ev_ccf9c42e1eae42d3,u_00678,1,,,2026-02-19T01:52:39.496180+00:00
fb_e0c050c8c2484c51,ev_f27b79ec37d84d4d,u_00554,-1,wrong_answer,,2026-04-06T16:27:40.942867+00:00
fb_963acf3830e2456d,ev_8eaf2085ac814fef,u_00391,1,,,2026-03-27T23:08:15.071998+00:00
fb_105fa215c86a490d,ev_4f929598259a455f,u_00284,1,,,2026-03-17T14:05:05.721358+00:00
fb_ce237a3dfd8d4e00,ev_4b0475575eb64217,u_00287,1,,,2026-02-13T22:50:14.696911+00:00
fb_344f82766c6f4d78,ev_d90ece2c19f042cb,u_00258,1,,,2026-03-06T16:00:41.971017+00:00
fb_c54076f88d1343d7,ev_8caa2cef56334d72,u_00139,1,,,2026-02-16T17:11:15.196206+00:00
fb_dce49d4ba1154d31,ev_5417895cc84944d2,u_00328,1,,,2026-02-26T23:40:54.869865+00:00
fb_2299fd941b3c4af4,ev_abe023edad374cec,u_00404,1,,,2026-02-11T19:33:10.330750+00:00
fb_3fa1acc6bdfc45e3,ev_5ea86f5440b54292,u_00444,1,,,2026-03-23T13:50:38.204262+00:00
fb_eaf1e449ac074e06,ev_8c72943ac0fc44d0,u_00055,1,,,2026-04-03T09:57:51.809248+00:00
fb_527b712c40144514,ev_715cd1d475ef4b5c,u_00638,1,,,2026-04-01T15:28:30.014868+00:00
fb_355fb0b220a44d9a,ev_53216f4fc0e7462f,u_00107,1,,,2026-02-11T16:52:54.587254+00:00
fb_26b55f63d0654ccc,ev_029c1e0bd8f645ee,u_00358,-1,wrong_answer,,2026-02-21T15:02:03.874159+00:00
fb_f0889167014b4c8a,ev_0fbf4962a6814803,u_00670,1,,,2026-02-26T17:19:04.312245+00:00
fb_bf84582ee1bd4713,ev_765d2556494c41d2,u_00372,1,,,2026-03-02T15:34:43.629588+00:00
fb_8b1551372aff4b74,ev_eb0ca681e8ff404b,u_00050,1,,,2026-03-05T16:34:53.473463+00:00
fb_e44b0b84da1e433d,ev_24b245e50ae448de,u_00186,1,,,2026-02-08T21:15:15.395188+00:00
fb_a54c18d86f1b4f9e,ev_8233fe51cdee40cd,u_00369,1,,,2026-03-04T17:39:28.747134+00:00
fb_02e2a096e1674615,ev_cdabc52325774686,u_00098,1,,,2026-02-25T23:12:59.339983+00:00
fb_4fb40df9ed4b4eb5,ev_e7ae97406b1e4fae,u_00412,-1,,,2026-03-24T13:04:19.700059+00:00
fb_aeeaed4a2741456c,ev_6d48ebda0b134e38,u_00091,1,,,2026-03-19T22:35:23.013467+00:00
fb_57fd8b0139b24013,ev_1d0307e727c84612,u_00382,1,,,2026-03-06T23:03:51.941842+00:00
fb_b615d99c623a4450,ev_a88aefa2f0f14aec,u_00361,-1,incomplete,hallucinated a case,2026-02-08T08:12:21.576069+00:00
fb_72cf5dbeb3024896,ev_2666fd7eb8ef44ef,u_00148,1,,,2026-03-14T22:04:27.822898+00:00
fb_ee9d32bf233d4855,ev_4013d11fd89b4640,u_00036,-1,hallucination,,2026-03-28T18:40:50.213119+00:00
fb_96232c5715f940ee,ev_2c708aac94fb4972,u_00037,1,,,2026-02-22T20:32:59.756805+00:00
fb_fda0da1eb36d4b45,ev_c45bc587a2874ef1,u_00427,1,,,2026-02-15T03:35:31.281911+00:00
fb_97a01d25d59047ce,ev_55470879fef3472c_orphan,u_00034,-1,other,,2026-02-19T00:00:00+00:00
fb_7fa9742fba4f4312,ev_73fa75a1540c45ef,u_00373,1,,,2026-02-21T01:43:42.408771+00:00
fb_0e0b36475f294c2b,ev_d9eb77adcf224665,u_00212,1,,,2026-03-05T10:45:25.667962+00:00
fb_71588dd82f2945f7,ev_6a85c18fd13d4895,u_00363,1,,,2026-03-25T22:05:19.410929+00:00
fb_1f116f9bc74846e5,ev_16ecd269ca074e1a,u_00331,-1,wrong_answer,,2026-03-04T20:40:54.039628+00:00
fb_de32172abf804b06,ev_1887169fefe141e9,u_00495,1,,perfect!,2026-02-17T01:35:26.339098+00:00
fb_0050362d047244d4,ev_e753919c73594cea,u_00407,1,,,2026-03-13T21:03:18.811096+00:00
fb_c11a54f032fe4289,ev_752962e0d6c647e3,u_00095,1,,,2026-02-16T11:08:36.470304+00:00
fb_d031191a3c2c4fbe,ev_aad58de19d2d4176,u_00262,1,,,2026-03-15T22:49:16.112014+00:00
fb_cab361697f544daa,ev_6c9a42a70e96456f,u_00328,1,,,2026-02-17T21:48:15.665912+00:00
fb_3f7716ca1d0d4faa,ev_71012382d91a4361,u_00643,1,,,2026-02-26T00:51:42.021758+00:00
fb_173c4b404d2f45d5,ev_6bf8519f53a44d6f,u_00290,1,,,2026-02-15T14:05:19.905895+00:00
fb_d9800f756aff476a,ev_9bb725b3920341e7,u_00018,1,,,2026-03-14T09:22:32.380341+00:00
fb_a9b47d709c5d4ff4,ev_e5b69bfaa607414e,u_00120,1,,,2026-03-26T20:15:23.938896+00:00
fb_8134b652bfc84820,ev_0f626a894cc341af,u_00279,1,,,2026-02-20T19:23:13.145853+00:00
fb_f60ca8d0a2e842b9,ev_e91154f7ff8d42f1,u_00563,-1,wrong_answer,,2026-03-12T19:43:29.800426+00:00
fb_81b023f034e44c88,ev_7d4018c7302d45d5,u_00538,1,,,2026-02-22T07:20:22.194416+00:00
fb_f72b0984ec3e4449,ev_948754dbec634256,u_00056,1,,,2026-03-28T12:51:51.331081+00:00
fb_7a7e8b99c9974bd0,ev_9746cc778fab4b50,u_00566,1,,,2026-03-22T00:10:01.722965+00:00
fb_e3e5577da6b546db,ev_cf38a4bffda646e0,u_00316,1,,,2026-03-20T07:45:48.899342+00:00
fb_0b93db08741e434f,ev_cf7ecac7609a4267,u_00359,1,,,2026-02-18T15:27:05.564789+00:00
fb_175e27d7e997417b,ev_1b87bdd6b64042e0,u_00585,1,,,2026-03-31T15:49:17.375694+00:00
fb_f8299908702744d8,ev_a87a78a79d2d469d,u_00641,-1,wrong_answer,,2026-02-14T22:31:42.454123+00:00
fb_17f5550a8e344cde,ev_14e143ea5fcc419c,u_00271,1,,,2026-02-20T16:12:35.075191+00:00
fb_d8e16a742bca4538,ev_4a036bbb984048b5,u_00258,1,,,2026-03-30T18:29:48.318147+00:00
fb_71a7120fe1254ead,ev_70145b698773432f,u_00358,1,,,2026-03-07T06:29:12.384465+00:00
fb_da6c3391e1494bbb,ev_da9ba29b148d4128,u_00338,-1,incomplete,,2026-02-03T18:35:55.118032+00:00
fb_0b619929f9494d07,ev_c85fd0c6dcf64811,u_00192,1,,,2026-04-02T00:59:07.500093+00:00
fb_e8a84167b2c84e51,ev_2e97b46479724af3,u_00083,1,,,2026-02-13T08:03:16.579973+00:00
fb_887f23b37bba4abe,ev_6373e70ad9a84335,u_00314,-1,incomplete,,2026-03-19T17:24:30.616486+00:00
fb_10ef666bd3304544,ev_d7e2412171b64b1a,u_00011,1,,,2026-03-14T05:38:58.951732+00:00
fb_02353ffb472a4b51,ev_5e938c68b2e44dc1,u_00372,1,,,2026-02-14T18:10:29.815042+00:00
fb_77ca725e5fa14d5d,ev_e048ec6e50064d8a,u_00204,-1,wrong_answer,,2026-03-27T12:18:21.293158+00:00
fb_347cef5fb32048da,ev_98585e734183430e,u_00651,1,,,2026-02-28T10:27:40.230659+00:00
fb_7f598e8d66a54825,ev_71fd15c462574c9d,u_00364,1,,,2026-02-18T01:36:48.566965+00:00
fb_f2182ab449a1492d,ev_da959c95edd94e5e,u_00486,1,,,2026-03-16T02:48:51.278849+00:00
fb_d63e9deb28c04e4e,ev_3a7c0785fd0949ea,u_00341,1,,,2026-03-16T08:50:00.824103+00:00
fb_982ae8f92c6e4320,ev_5b4fc77ae7b64be0,u_00685,-1,,,2026-03-25T09:18:07.257997+00:00
fb_dd92558886de4599,ev_614aef46359f4f39,u_00173,-1,,answer was wrong,2026-03-06T05:05:55.748189+00:00
fb_012f41f663ca4223,ev_b452061f39fc4ec5,u_00400,1,,,2026-03-04T21:04:26.413812+00:00
fb_f1d1ecea837443ab,ev_88cb83bbb4104ba6,u_00004,1,,saved me 30 minutes,2026-04-03T19:39:48.038222+00:00
fb_e4a6e68b0b1648e9,ev_b16240492102455c,u_00426,1,,,2026-02-11T17:55:14.817604+00:00
fb_19af0c2985c9408e,ev_c8fc6ba247564c76,u_00615,1,,saved me 30 minutes,2026-03-10T03:30:05.373968+00:00
fb_06be3b25fc474935,ev_ae8fd7fcaee84140,u_00222,1,,,2026-03-02T05:01:08.161610+00:00
fb_6123308770344c90,ev_f8537600b65a4c82,u_00176,1,,,2026-02-02T14:29:45.429655+00:00
fb_3b601afbe31248b3,ev_cb916b8442ea4b86,u_00141,1,,,2026-03-16T21:15:11.159332+00:00
fb_a4218694be9e47e8,ev_2f358f76cc1c40bc,u_00348,1,,,2026-02-17T21:52:34.386441+00:00
fb_049595c78c704608,ev_f42b33199fd64b90,u_00285,1,,,2026-02-21T03:59:22.932902+00:00
fb_c7497a4be98d41e9,ev_e6ceada42b724cbd,u_00011,1,,,2026-03-03T05:31:37.408540+00:00
fb_daa1d6c964d24433,ev_f441a9b2b7f3441b,u_00022,-1,,,2026-03-07T00:49:03.874880+00:00
fb_de8907d2ddd7449d,ev_26ba2453ac1f4ec8,u_00548,1,,,2026-02-15T17:58:05.532983+00:00
fb_f702cf6ea1944748,ev_7bfb6d91d66e4a03,u_00590,1,,saved me 30 minutes,2026-03-13T09:51:14.203572+00:00
fb_8b405844711a4543,ev_fe7575d4cec74286,u_00184,-1,wrong_answer,,2026-03-04T08:58:51.803570+00:00
fb_9ffb705e104d46dc,ev_6f4fe43f29fe4fda,u_00209,1,,,2026-02-10T22:42:31.755465+00:00
fb_59723371e6bc4f65,ev_c54fbb7dfc4a4340,u_00142,1,,,2026-03-19T07:02:55.692049+00:00
fb_c309cea11a1c41c0,ev_afcd2bad33094dee,u_00110,-1,wrong_answer,,2026-02-21T19:15:32.177914+00:00
fb_bc3431c9531f4069,ev_4174c81292794d8b,u_00061,1,,,2026-03-12T13:53:24.752326+00:00
fb_775f411d5d6947e6,ev_9cd33d019e33461f,u_00029,1,,,2026-02-24T12:04:15.328305+00:00
fb_22adf8f216284fa2,ev_b2dada6801fc4f5b,u_00616,1,,,2026-02-26T18:31:25.560220+00:00
fb_b2bfec5fc393497b,ev_51d3ef90b5d24e3d,u_00614,-1,incomplete,hallucinated a case,2026-02-17T23:22:18.766816+00:00
fb_4d56a001220343d3,ev_bc372bcab7d443c4,u_00294,-1,incomplete,,2026-02-14T00:06:41.076128+00:00
fb_356128aec9a34bdc,ev_472288e32ebc40ae,u_00356,-1,wrong_answer,,2026-03-19T20:56:42.614263+00:00
fb_75f487be58cc4051,ev_86d3238c4ded41ff,u_00144,1,,,2026-03-23T02:15:51.830233+00:00
fb_f644aa2a0be64c91,ev_1bf11e25ac374266,u_00205,1,,,2026-03-10T02:15:10.923743+00:00
fb_f7aa1953f2f74d19,ev_219939cb749049f8,u_00370,1,,,2026-03-11T07:46:54.743668+00:00
fb_755fdaafc2914800,ev_6ed08386ba1c4bdf,u_00565,-1,,,2026-02-28T20:40:47.642544+00:00
fb_4ba3226c013c442a,ev_d17aec12eceb43f1,u_00127,1,,,2026-02-16T07:34:53.529626+00:00
fb_34383eeead974ece,ev_2d8973d72d3149b1,u_00183,1,,,2026-03-06T00:53:13.200816+00:00
fb_34aae9a8d30344b4,ev_b34fc83fd5bd431c,u_00056,1,,,2026-03-08T00:50:34.271598+00:00
fb_e4b29cf2037a4078,ev_d8f7927174774f23,u_00287,1,,,2026-03-25T03:04:16.349094+00:00
fb_3e4c1d0733d4433f,ev_3e7ac903571c4b02,u_00042,-1,wrong_answer,,2026-04-03T18:23:23.862500+00:00
fb_848c19960bf74167,ev_b4dd07a6d5c3485a,u_00184,1,,good citations,2026-02-15T13:44:46.881621+00:00
fb_746ce2baabaa4cfe,ev_cca811c72b2e4fa9,u_00118,1,,,2026-02-15T06:17:54.738616+00:00
fb_b262503370d548a1,ev_9f7193fd7b144159,u_00307,1,,,2026-03-05T06:20:34.129041+00:00
fb_53d267662e674a80,ev_54e2e98324914aab,u_00395,1,,saved me 30 minutes,2026-02-24T21:51:44.127663+00:00
fb_d444c32eff8348f5,ev_5a163a2123474f21,u_00106,1,,,2026-04-01T16:22:30.123168+00:00
fb_e596c8952053493e,ev_f6780bd2b85e4127,u_00392,1,,,2026-03-11T20:12:36.690050+00:00
fb_23410f8af980407d,ev_eca31708ed7b409d,u_00395,-1,incomplete,,2026-04-03T18:25:36.114038+00:00
fb_058141f01e2f4d7a,ev_a6dbd732efe943e9,u_00215,1,,,2026-03-26T15:01:20.456306+00:00
fb_d79e1e3369f44340,ev_77dd0697ec3f4f82,u_00098,-1,slow,,2026-02-11T03:48:55.397454+00:00
fb_a21e0499bcf74cba,ev_cdcaa4e171454fa3,u_00401,-1,slow,not relevant to Italian law,2026-02-18T02:28:05.559914+00:00
fb_7fc72cde9bf149e6,ev_fab6266518f246be,u_00407,-1,incomplete,,2026-03-19T16:23:17.336226+00:00
fb_c29726ba6f384493,ev_3f3c61ee960d44af,u_00554,-1,wrong_answer,,2026-03-22T06:00:28.882432+00:00
fb_161f6e723a81490d,ev_85c555c00c9e4e7a,u_00114,-1,,,2026-02-18T20:06:01.998743+00:00
fb_afc621707a8d410e,ev_071a1e3a4f814dfd,u_00565,1,,,2026-02-12T04:12:06.308023+00:00
fb_d329cb0c6bfb4e86,ev_302eea1bf00e408b,u_00407,1,,,2026-03-10T00:15:17.265423+00:00
fb_b0805e7027f24c2a,ev_fbf437add69c44f2,u_00192,-1,,incomplete response,2026-03-16T16:41:48.967477+00:00
fb_a84e427a047346c2,ev_07fb69b745294f2d,u_00602,1,,,2026-03-26T08:43:13.024251+00:00
fb_04d96a5ae9074446,ev_65bf2a039c38429e,u_00185,1,,,2026-03-04T12:51:00.906676+00:00
fb_d318b88fd2414ba7,ev_629506a4ac344ed3,u_00351,1,,,2026-02-11T23:43:00.347824+00:00
fb_4e3d6171969b4d63,ev_9183fe4ac7084da7,u_00650,1,,,2026-02-17T01:23:12.103589+00:00
fb_4f7ff62cf52742f8,ev_21df467b25f14cf4,u_00607,-1,,,2026-03-07T22:49:20.717382+00:00
fb_0049a0927ba147db,ev_dc654e488b9240d7,u_00433,1,,,2026-02-16T01:39:32.476417+00:00
fb_c0ec5481b32147a4,ev_cccea456694543e1,u_00645,1,,,2026-03-22T04:57:56.609892+00:00
fb_f3b581a50b1a4e8c,ev_4fa094f58b804284,u_00331,1,,,2026-02-23T11:24:47.481416+00:00
fb_60ffd226a64a4a40,ev_bc7ae7120438423c,u_00381,1,,,2026-02-27T17:36:22.054278+00:00
fb_ac61c7eb87194a51,ev_55070d0b7ed6494d,u_00087,-1,,,2026-02-09T19:09:46.086059+00:00
fb_5d01282d75c2448d,ev_23bf82d618e6474c,u_00073,-1,wrong_answer,,2026-02-07T16:53:57.716885+00:00
fb_bc36b5b4ce0647cb,ev_cb752994d3c3413e,u_00543,1,,,2026-02-12T10:57:33.538390+00:00
fb_2be504ba8873401b,ev_10c6cd3d0e0a4963,u_00293,1,,,2026-03-18T15:54:31.724159+00:00
fb_0265d2da126b4fc3,ev_99d6d2ffd60a4fdc,u_00390,1,,,2026-03-05T19:37:07.867243+00:00
fb_1a33ead2724a4208,ev_fc41f89369bd49b7,u_00405,1,,,2026-04-13T03:15:09.966511+00:00
fb_519907effd7146bb,ev_11d48b1386154fb7,u_00282,1,,,2026-03-02T02:42:23.788738+00:00
fb_5bb0385435f94683,ev_8a635fd8c7c04b89,u_00165,1,,,2026-02-06T05:08:25.742626+00:00
fb_4905dc5a9f444812,ev_3268c6c7d7554e07,u_00503,1,,,2026-02-08T19:52:15.500355+00:00
fb_a5b98c9fb0464b4d,ev_c40380a147ae4777,u_00010,1,,,2026-03-16T10:40:09.226276+00:00
fb_d57f19a62d5444a9,ev_f9164fcebe104ed7,u_00130,1,,,2026-03-19T02:29:05.992321+00:00
fb_1cb67495e15e46ef,ev_36f69865a97944f7,u_00653,-1,wrong_answer,too generic,2026-02-22T17:55:13.107858+00:00
fb_9e372f71a60c4c4b,ev_f0e7313369b0488b,u_00035,1,,,2026-03-09T05:50:29.645648+00:00
fb_f02324010be4437f,ev_2213e1dc552b4d6a,u_00638,1,,,2026-02-09T17:28:20.229684+00:00
fb_7007d05d993c4918,ev_8b203d85132b4798,u_00317,-1,hallucination,,2026-02-08T13:49:57.713376+00:00
fb_c4182231ac834bdb,ev_6f89b48d16aa4179,u_00219,-1,hallucination,,2026-03-22T18:55:01.395271+00:00
fb_3ce8be0ec2984d63,ev_61a2070a18e846b1,u_00557,1,,,2026-02-11T12:26:16.262081+00:00
fb_194626b47ebe48f0,ev_e10e4fd867de40e2,u_00635,1,,,2026-02-22T12:38:40.906303+00:00
fb_572f338dd0794085,ev_fccce2164c634e03,u_00411,-1,slow,,2026-02-07T21:04:20.708175+00:00
fb_5048fcb4312b4c8b,ev_53b470a982404db6,u_00388,-1,slow,,2026-03-28T11:01:35.532380+00:00
fb_aa2a4660524542e4,ev_2c85732fda894a74,u_00430,1,,,2026-02-27T15:13:52.027140+00:00
fb_f3ac21689a284721,ev_9783f86df0be4e27,u_00144,-1,wrong_answer,,2026-02-26T06:33:57.743229+00:00
fb_e1d28e376a6345a2,ev_a2a788c29a954551,u_00405,1,,,2026-02-20T08:22:54.285814+00:00
fb_7c365c9f1bca49b6,ev_9fc64c254bf84aed,u_00099,1,,,2026-03-22T03:17:31.308474+00:00
fb_55df26b432b1425d,ev_ef03250c4fd1462b,u_00152,1,,,2026-04-06T14:56:46.145597+00:00
fb_21d4ded5af084b37,ev_f23842f36cdc4b6e,u_00572,-1,hallucination,,2026-04-08T13:51:22.623948+00:00
fb_9080ccee1f93454f,ev_04ce0bbc8f704a5f,u_00361,-1,wrong_answer,not relevant to Italian law,2026-03-24T08:17:56.699194+00:00
fb_75eb0e168bc34ecd,ev_463725744aa04ab9,u_00614,1,,,2026-03-09T08:27:11.910758+00:00
fb_805680c7f2db4f07,ev_62892bd0ef5e478d,u_00123,-1,other,,2026-02-15T09:34:27.340058+00:00
fb_f3c9e53e0a854ef0,ev_d2af12fbec0e499e,u_00402,1,,good citations,2026-03-05T01:36:51.261246+00:00
fb_680372c1fbf2490b,ev_f8ca9b3d93a54725,u_00403,1,,,2026-02-24T09:31:01.586903+00:00
fb_46c944a16c734716,ev_daacbdc395bd4806,u_00139,-1,wrong_answer,,2026-03-20T15:03:16.586825+00:00
fb_14c7ac48458a4067,ev_2d16146751c04930,u_00049,1,,,2026-04-07T09:01:37.624658+00:00
fb_0ba99c903f5c4ac6,ev_965875d8aebf41c9,u_00082,-1,incomplete,,2026-02-24T01:10:18.880124+00:00
fb_6a0da673cee44c92,ev_c5b7de8b812c44ab,u_00168,1,,,2026-02-03T14:01:47.723291+00:00
fb_998fe8298b7342b5,ev_4c7e18d5f49b4858,u_00636,1,,,2026-03-03T18:10:42.027094+00:00
fb_d926e9f8fc444166,ev_64b6b6ced62b4722,u_00463,1,,,2026-03-03T13:19:28.960363+00:00
fb_c8b75a02db254397,ev_27132b758b284775,u_00609,1,,,2026-02-19T14:50:35.347523+00:00
fb_6b24fdf7955c4dc9,ev_a1d1c8b3453a4fd7,u_00148,1,,perfect!,2026-02-19T17:37:48.347138+00:00
fb_f3adee19254c4874,ev_60d3d53428364b5b,u_00320,1,,,2026-03-01T13:24:54.513788+00:00
fb_b547e8e424e64ae4,ev_580ab398827a496e,u_00165,1,,,2026-02-27T04:42:18.147949+00:00
fb_ac003089ce0a49d3,ev_d749985c655c4c5d,u_00378,1,,,2026-02-18T17:07:45.470903+00:00
fb_d985f357c1454924,ev_34e9b98cf6544ea8,u_00553,-1,,,2026-02-19T07:07:00.172670+00:00
fb_c9f15185a2264bdb,ev_da7db59ca1d646b9,u_00486,1,,,2026-02-24T13:44:22.021982+00:00
fb_65815ae47b694e54,ev_d436ea76c21c4dc5,u_00197,-1,incomplete,,2026-03-05T06:23:07.098346+00:00
fb_aff7492efe6e4f8a,ev_76b5dc8b7e794165,u_00553,1,,,2026-04-11T22:06:15.502371+00:00
fb_11fd7a1c37784448,ev_f3e84da1d73b4823,u_00115,1,,,2026-02-13T22:46:30.467302+00:00
fb_4e54581e1a524db9,ev_933d32b9201b44fa,u_00307,1,,,2026-02-16T00:02:31.444203+00:00
fb_2a12777bfe8542e7,ev_2d79b664f74842e9,u_00360,1,,,2026-02-20T20:00:32.784266+00:00
fb_b88d05dc6af14937,ev_11c5dabc7cf64ee0_orphan,u_00556,-1,other,,2026-03-07T00:00:00+00:00
fb_ea4f8d2812b9462c,ev_c1e986cf4bc44749,u_00131,1,,,2026-02-23T04:28:25.220840+00:00
fb_1811ba0725d54ae6,ev_f5368bf81908411f,u_00271,1,,,2026-03-03T07:21:23.360769+00:00
fb_7f8eadbb802e40e5,ev_853e3387f8934156,u_00110,1,,,2026-03-08T21:56:15.384282+00:00
fb_9962cd6928614c5d,ev_14176018f3a848b6,u_00426,1,,,2026-03-06T10:58:20.664191+00:00
fb_e53f9d6f28864308,ev_d62ca66c33194e2d,u_00149,1,,,2026-02-06T23:02:47.340609+00:00
fb_b1bc85dc80b7481b,ev_c6de1025044d4d62,u_00182,1,,,2026-02-18T08:01:42.003585+00:00
fb_6feb8be952fa4a8f,ev_8ed7efa00f574119,u_00259,-1,incomplete,,2026-03-10T06:41:27.812570+00:00
fb_aa0ed9ddbb9241c4,ev_5055427aa0f24707,u_00642,1,,saved me 30 minutes,2026-02-11T19:59:24.139213+00:00
fb_03f9895d94664067,ev_a7cf8f00dc674ef7,u_00678,1,,,2026-03-07T17:57:08.283598+00:00
fb_7743fbe6e68d4bcd,ev_9ba6794d5bbe446e,u_00179,1,,,2026-03-08T01:55:47.575314+00:00
fb_deca734e94d44098,ev_13912ba06aab45ff,u_00550,1,,,2026-02-28T13:06:23.957901+00:00
fb_af571ab0da1c4738,ev_67abbd8c99d34634,u_00165,1,,,2026-03-22T16:15:21.389680+00:00
fb_50d22a7ad2444f3a,ev_df2982f5fbde4567,u_00616,1,,,2026-03-07T19:37:18.016572+00:00
fb_ae1013c7090c47ff,ev_65d454d956774931,u_00358,-1,incomplete,,2026-03-27T17:31:24.162481+00:00
fb_40a03fd823f04bc6,ev_267803ebb97e4244,u_00614,-1,incomplete,,2026-04-01T12:25:53.086781+00:00
fb_cd029997a87e48c5,ev_774f83b8d80f4e19,u_00513,-1,wrong_answer,,2026-04-10T20:44:54.444766+00:00
fb_efa0748b74294986,ev_fb2ca43bc68b4d77,u_00263,1,,,2026-03-27T12:30:08.838927+00:00
fb_88b009ee33434be6,ev_7f548bb52d0849cb,u_00370,1,,saved me 30 minutes,2026-03-02T03:32:56.474219+00:00
fb_56af25f4965746ee,ev_24733f1dd882401d,u_00310,-1,wrong_answer,,2026-03-01T18:47:10.407869+00:00
fb_dab16a63cb9a4a19,ev_91c736c9f2f14577,u_00396,1,,,2026-03-19T20:29:24.151122+00:00
fb_3facc5a16b43443d,ev_cfea9e5a9ffc4c2b,u_00136,1,,,2026-02-16T00:37:35.033489+00:00
fb_11a2bcc63bc74ea8,ev_e0a05528bf084fa5,u_00293,1,,,2026-03-12T20:14:36.556983+00:00
fb_1fde818d7b764933,ev_a49d802663c94f0d,u_00509,1,,,2026-03-17T01:31:20.208473+00:00
fb_e84e1379481f4963,ev_19ac942dad3445db,u_00510,1,,,2026-02-11T08:42:00.763200+00:00
fb_8f199c50d4754c44,ev_a7d48c74f3a34b8d,u_00629,1,,,2026-03-06T06:39:54.318238+00:00
fb_d11df03506b54299,ev_5fed029a019f413a,u_00296,1,,,2026-02-18T16:14:37.286271+00:00
fb_11ef8c06bd994f35,ev_a7f87d2042e74253,u_00316,1,,,2026-03-01T08:55:18.934573+00:00
fb_9df995c47133462c,ev_417fbe3593ab4501,u_00152,1,,good citations,2026-03-09T02:53:40.898315+00:00
fb_2144df7b299c49e7,ev_b3ed92e9fe12495d,u_00395,1,,,2026-03-03T22:58:36.473193+00:00
fb_4106e60bbdcb4844,ev_e4fcc328f02947da,u_00337,-1,wrong_answer,,2026-02-09T15:11:05.955766+00:00
fb_46449e1dd1d8450d,ev_4ddc6f3f849f44c3,u_00380,1,,,2026-02-18T16:24:52.229117+00:00
fb_03bea5dd642b47a0,ev_1822f175b34e43a5,u_00283,1,,,2026-03-10T19:22:58.845301+00:00
fb_6bce23ee38a744a7,ev_237d2870412f477a,u_00624,-1,slow,,2026-02-18T08:08:26.066790+00:00
fb_872e35ad033e4a0c,ev_7bde873b63aa405d,u_00320,1,,,2026-02-06T17:27:44.175201+00:00
fb_f470deab94dc456f,ev_605c246eca354eb3,u_00593,1,,,2026-02-26T01:55:56.489963+00:00
fb_58ea7fb958304c74,ev_376748aabbe243c3,u_00284,1,,,2026-02-24T11:17:31.666160+00:00
fb_5f8960d9e17d4e85,ev_01aa9baa5a66480f,u_00101,1,,,2026-03-01T04:12:17.277156+00:00
fb_d1a5af01870043d0,ev_f5595ee93f20406b,u_00432,1,,,2026-03-01T04:50:06.366645+00:00
fb_5992234f1c4e4bce,ev_0b3fdafdff9843d8,u_00431,1,,,2026-03-10T07:45:55.509925+00:00
fb_7a276dd2b6ed4cea,ev_e87f0a4073214aaa,u_00634,1,,,2026-03-11T22:58:39.520818+00:00
fb_6b417e4ca3834f5c,ev_7afc155d7f7e413a,u_00467,1,,,2026-03-19T14:57:35.125127+00:00
fb_265618cda8ab4484,ev_e09775d53b6745ec,u_00179,1,,,2026-04-01T09:41:20.440937+00:00
fb_3ac667468ffb4be3,ev_efd20d32b8354ae4,u_00265,-1,incomplete,,2026-04-05T01:13:10.689743+00:00
fb_c06fdaed64e44043,ev_5067a4eefa0347c4,u_00258,-1,wrong_answer,missing a key citation,2026-02-15T23:12:57.438890+00:00
fb_399ec446a7fa4a82,ev_95907d3a49044e92,u_00121,1,,,2026-02-15T23:24:29.085373+00:00
fb_21384269f4744a81,ev_4f52d3d421e74bc3,u_00287,1,,,2026-02-15T16:08:43.445668+00:00
fb_8e9c3eb1fb094aa4,ev_c270dd31034c45ee,u_00267,1,,,2026-03-06T17:34:06.803983+00:00
fb_810aef07e36a44e0,ev_c33de192a67647d5,u_00201,-1,incomplete,,2026-02-25T10:29:08.798625+00:00
fb_e9da9b23faff48d0,ev_cbb06d5e60d647ab,u_00639,1,,,2026-03-29T07:56:51.378575+00:00
fb_234a65f531fa4d2f,ev_360d07778f0347eb,u_00197,1,,,2026-03-13T21:00:43.614938+00:00
fb_5673dfd9733e4b6d,ev_ee582855a32b4533,u_00642,-1,,,2026-04-08T19:00:51.673247+00:00
fb_82630cdc0698428f,ev_96c68e852a884f01,u_00650,1,,,2026-02-14T21:20:22.940521+00:00
fb_5ca51615b97c4420,ev_9fb331815cb44095,u_00357,1,,,2026-02-23T01:38:38.758562+00:00
fb_a99237df056e4f32,ev_4b004c3c9ccb480b,u_00419,1,,,2026-02-26T22:22:45.266290+00:00
fb_6bc78b427d954e0b,ev_6997139234ea44fe,u_00056,1,,,2026-03-08T16:18:18.686007+00:00
fb_1d54dd58bc034746,ev_85ef6b6cb9704104,u_00091,-2,,,2026-02-24T06:41:50.368364+00:00
fb_c22a707b28534602,ev_6989cf4476374cb3,u_00358,-1,incomplete,,2026-03-24T20:24:23.522553+00:00
fb_17287bf55bcf4a8c,ev_207599fb3d404132,u_00270,1,,,2026-02-19T00:25:38.522227+00:00
fb_3f100553615545a7,ev_cb778756f1214940,u_00154,1,,,2026-02-09T02:00:44.442571+00:00
fb_98ec1699661f44fc,ev_4aabf4dec9404437,u_00166,1,,,2026-03-14T00:20:06.534114+00:00
fb_05b77150daf3465e,ev_8610a049ad2d4355,u_00160,1,,,2026-02-04T12:16:32.724808+00:00
fb_071e0fe182c44d7a,ev_991994babfdd4fad,u_00598,-1,incomplete,,2026-03-09T02:27:46.505993+00:00
fb_90f224800c5e4024,ev_4f084a9684ee4837,u_00549,-1,incomplete,,2026-02-21T15:05:59.143122+00:00
fb_f250e5fe27d74e7e,ev_a4081718377d4ba6,u_00102,1,,,2026-03-03T07:03:41.001163+00:00
fb_97e06c7e147845e8,ev_640b9acf525a4fd6,u_00168,1,,,2026-02-12T10:55:21.890021+00:00
fb_eae538ba7d7b4f27,ev_b881a45f20b4497d_orphan,u_00268,-1,other,,2026-03-15T00:00:00+00:00
fb_998aeeee4c8d4a3b,ev_1e6d41ddfeab49ba,u_00114,1,,,2026-03-12T06:07:23.132277+00:00
fb_a39cc1678c8b4859,ev_05d2e11b4d304ef0,u_00172,1,,,2026-03-09T02:38:30.776686+00:00
fb_530e7074698d4ae8,ev_fd4649bd585c4bcf,u_00625,1,,,2026-04-03T07:44:40.838412+00:00
fb_5f654eda381649b3,ev_e7a9dff6c3a54ff5,u_00356,1,,,2026-03-23T14:56:02.530721+00:00
fb_b78532ac9a3d4df5,ev_1f8318550f0c439b,u_00329,1,,,2026-02-19T12:31:54.680364+00:00
fb_1eb1877722804241,ev_56bbd6861ef84bf2,u_00031,1,,perfect!,2026-04-04T05:25:23.720141+00:00
fb_362ff3d431ce4346,ev_ffb1f01d75774b7d,u_00599,-1,,,2026-02-15T08:09:23.687245+00:00
fb_b4ccf933dac84e78,ev_b64605f22d944da3,u_00430,-1,wrong_answer,,2026-04-12T17:03:11.967221+00:00
fb_9a249275a5ad4556,ev_2cf638840c094109,u_00134,1,,,2026-02-10T04:16:46.770922+00:00
fb_5a68d65ce0034f9f,ev_44004342f5a445c3,u_00273,1,,,2026-03-02T10:14:26.455441+00:00
fb_55316dfd09e24aec,ev_4a8f486d3423409a,u_00633,-1,wrong_answer,,2026-03-03T15:32:52.047733+00:00
fb_8f65a60f74fb4a25,ev_0e0106e34aae4b6e,u_00044,1,,,2026-03-14T06:26:15.766051+00:00
fb_3ba25ce3a3b34fc2,ev_c068a58df1334d6a,u_00202,1,,,2026-02-25T06:25:14.978419+00:00
fb_ab96639e64784e1a,ev_b0e282a89b9d480a,u_00196,1,,,2026-02-27T22:13:03.379363+00:00
fb_4a7ca08fc3244075,ev_ed0979a7b9e24551,u_00039,1,,,2026-02-02T22:50:48.102704+00:00
fb_62f1493c0a52400a,ev_fc456201de734205,u_00289,1,,,2026-02-11T00:46:36.556878+00:00
fb_739e691a36454f39,ev_71624135461045dd,u_00293,1,,,2026-03-06T23:12:33.296196+00:00
fb_e74d66497aa147e0,ev_b61e2809f4bb4a3c,u_00263,1,,,2026-04-01T03:56:18.277939+00:00
fb_0cf95021823a4e56,ev_3767fcbe66534055,u_00609,-1,incomplete,,2026-02-03T23:16:12.392309+00:00
fb_55baf66fcab4444d,ev_1bc0d982834b418d,u_00166,1,,,2026-03-06T19:23:20.022434+00:00
fb_6529145198ff42b7,ev_d8f6572fabc142ca,u_00615,1,,,2026-03-09T12:49:30.849312+00:00
fb_a3818a399e924369,ev_f682d17030dc443f,u_00633,1,,,2026-03-20T11:21:57.773634+00:00
fb_d0d4d1242c624ccf,ev_8ce33713f1cf44e2,u_00304,-1,wrong_answer,,2026-03-26T09:56:15.980838+00:00
fb_f5ca9fe7427b4d3f,ev_b2e2865bfdf8470e,u_00291,-1,incomplete,,2026-02-15T04:08:38.366574+00:00
fb_498e5761f87941c1,ev_06562c624a074534,u_00248,1,,perfect!,2026-04-02T08:26:50.866545+00:00
fb_0ae2e3c45d304e1c,ev_ea307e674d8d47da,u_00268,1,,,2026-02-07T19:58:32.172257+00:00
fb_c9e92129e91b492e,ev_9fe1559cda1e4833,u_00644,1,,,2026-02-05T16:40:33.177765+00:00
fb_c265b8ea853e4a57,ev_60d09f1612504259,u_00347,1,,,2026-02-15T06:18:41.831492+00:00
fb_b7a0ff358d124ab4,ev_87a4edef9f23489d,u_00234,1,,,2026-03-11T23:58:28.822619+00:00
fb_62599d2b42eb4a3f,ev_113e2e62f5974e89,u_00657,1,,,2026-03-05T12:29:21.679641+00:00
fb_5f2164f40c6d4321,ev_cd1d959f65c44bde,u_00030,1,,,2026-03-04T13:51:07.459061+00:00
fb_545ade57d601400e,ev_bd4cc397fe79490f,u_00432,1,,,2026-03-29T14:22:31.958072+00:00
fb_2bfa8b53bd774d19,ev_91df2e8d7502488e,u_00214,-1,hallucination,,2026-03-08T17:20:53.406060+00:00
fb_287aeaa792c04f2d,ev_0a7506da3a614c0b,u_00172,1,,,2026-02-03T11:55:22.647459+00:00
fb_40322cf22d9b43e4,ev_1d10f78b12a04ca4,u_00576,1,,,2026-02-10T11:05:55.390885+00:00
fb_b33f8ad6d8bb414c,ev_2ee455346ab141fa,u_00545,1,,,2026-04-01T19:35:59.309716+00:00
fb_a902fc02fe8b4259,ev_17f1a8d7cf0b470b,u_00192,1,,,2026-03-19T05:32:31.395278+00:00
fb_d5a6e2f1996341a7,ev_9ff5f24eb1514e88,u_00035,1,,saved me 30 minutes,2026-02-26T23:37:11.508472+00:00
fb_1cfdda1bdb36449c,ev_837f101b9f894aaa,u_00035,-1,wrong_answer,,2026-02-15T02:08:33.215771+00:00
fb_31e1a51ad6424c90,ev_b3136f226b6c4c8c,u_00405,-1,incomplete,,2026-02-17T20:57:25.310844+00:00
fb_14b3f57287194333,ev_c22e40e996aa472f,u_00343,-1,wrong_answer,,2026-02-17T07:03:55.025711+00:00
fb_b531ce9ae3ee4c20,ev_61428c968ef24fc4,u_00363,-1,,,2026-02-22T05:30:02.400539+00:00
fb_762db466f6124d7a,ev_34a695c9e8e2455c,u_00361,1,,,2026-02-13T15:35:54.736477+00:00
fb_23be6c3442004063,ev_4ae01bc8be004bab,u_00201,1,,,2026-02-22T23:56:54.533115+00:00
fb_6390c9217a59464f,ev_00ef442703914442,u_00441,1,,,2026-02-19T05:16:54.353510+00:00
fb_36c88bbf2ce24821,ev_8017b0ee5c5e4310,u_00127,-1,wrong_answer,,2026-03-27T23:03:54.034216+00:00
fb_4890e2899c274295,ev_e5a2ecea468242e5,u_00171,1,,,2026-03-14T19:31:30.630197+00:00
fb_a9e93fce6cd84f3a,ev_01f9cd1ec1664bee,u_00039,-1,hallucination,incomplete response,2026-03-13T02:36:08.670013+00:00
fb_fd94049001f14d77,ev_d79f8ce08a244380,u_00402,-1,,,2026-03-11T09:43:18.259383+00:00
fb_6d6a231ca38c46fa,ev_e4c7f189c3104f2a,u_00662,1,,,2026-02-24T19:45:02.908270+00:00
fb_16fb724a1c4c44f8,ev_8f3e7f4c2b5d4c38,u_00096,1,,,2026-02-16T03:25:00.000777+00:00
fb_0bc35920c18e4e40,ev_5064af58c5214522,u_00136,1,,,2026-04-09T06:09:26.228820+00:00
fb_022437c8efa14453,ev_6692a21ba7f44a08,u_00124,1,,,2026-03-05T02:07:17.301008+00:00
fb_87f6211960cc4827,ev_b85f04e62df14738,u_00680,1,,,2026-02-15T23:31:00.356756+00:00
fb_d62562f951ec437d,ev_b53a1f70030c4f94,u_00467,-1,wrong_answer,,2026-04-18T07:08:53.888655+00:00
fb_1e4fc2be89b545b5,ev_2b212cd2908a4681,u_00493,1,,,2026-03-22T00:20:22.365193+00:00
fb_5a7894b68592494e,ev_70498549c997498c,u_00343,1,,,2026-03-11T06:43:36.345192+00:00
fb_2b66b8056b204c31,ev_dba4942387d54fe2,u_00003,1,,good citations,2026-03-16T13:40:55.722957+00:00
fb_ec01ccc600ad4b01,ev_bdc7c77cb8a346d6,u_00363,1,,,2026-03-12T09:51:34.292961+00:00
fb_e6a03efe9ff64bb1,ev_88716d4253cd42c4,u_00120,1,,,2026-03-03T16:50:04.712317+00:00
fb_3050a10f3868492b,ev_6f2ed2ca4a504619,u_00514,1,,,2026-02-16T07:42:05.259253+00:00
fb_47f2dbc8fa2e4a3d,ev_03f5d476868f4bf0,u_00415,-1,,,2026-02-05T03:08:29.528608+00:00
fb_4a0f470f929945d7,ev_8609f20bfe93417c,u_00351,1,,,2026-02-18T23:21:28.870955+00:00
fb_d155f1c267eb41b9,ev_314aef2c33e04df4,u_00158,1,,,2026-02-28T19:02:20.416995+00:00
fb_a12e7339dcef47ba,ev_7b0e68fca86d41c0,u_00203,1,,,2026-02-13T00:26:26.558724+00:00
fb_bbcbebcbc92c46c6,ev_f142b693529f4c5d,u_00652,1,,,2026-02-21T12:55:14.141081+00:00
fb_7425de399a884899,ev_a0611a4281ce42c1,u_00463,-1,incomplete,,2026-02-22T22:00:19.139664+00:00
fb_716e8104cc184704,ev_bcc65776e8884fe8,u_00137,1,,,2026-02-28T23:48:04.533818+00:00
fb_0739a846fbd1424d,ev_736d0bb12ccd4af9,u_00427,1,,,2026-03-15T07:33:08.037059+00:00
fb_62944b3906874662,ev_a8cc1c6560224103,u_00176,1,,,2026-03-20T03:19:46.787804+00:00
fb_d73fc0c05135400a,ev_3b6cf04cd0e142f7,u_00311,1,,,2026-02-26T19:03:50.750992+00:00
fb_cd31523130b14787,ev_5336c6e1a09a442a,u_00502,-1,incomplete,,2026-02-24T02:04:06.777162+00:00
fb_8eecceb6c8d647e1,ev_4cde5f196b1241f0_orphan,u_00454,-1,other,,2026-03-12T00:00:00+00:00
fb_ed8174bb192d4095,ev_87c13457818249e0,u_00652,1,,,2026-02-21T09:27:30.280874+00:00
fb_f41ba670e5664ff6,ev_d2e58b2a80ea4d26,u_00123,1,,,2026-02-13T06:50:31.625553+00:00
fb_18a1d82eafde4c6f,ev_3a4653a131e2480b,u_00155,1,,,2026-03-08T21:29:48.382191+00:00
fb_267a1a3a22904155,ev_6b60e3b27ef743c4,u_00072,-1,slow,,2026-04-11T02:57:39.400039+00:00
fb_a114b8b897414866,ev_3e42ea0807b145c2,u_00614,-1,incomplete,,2026-03-07T00:16:17.644231+00:00
fb_ce5f02c1125940d8,ev_bdbc55ca06ee4a26,u_00236,1,,,2026-02-03T08:23:22.553364+00:00
fb_b3b345aefcda40fd,ev_a8f2a6e3de0c4f2b,u_00362,-1,hallucination,missing a key citation,2026-03-05T16:23:09.704658+00:00
fb_0960512de04a465f,ev_52799f67fc3c457d,u_00421,1,,,2026-02-15T10:27:58.443696+00:00
fb_d3381794cf9c4e89,ev_2f1807af3b7b4855,u_00351,-1,wrong_answer,,2026-03-03T18:54:08.213358+00:00
fb_74697a441caf4188,ev_6b7e8fbbf1c04e05,u_00361,1,,,2026-02-27T21:01:24.414052+00:00
fb_b25a07047ad94fe8,ev_98cc21e1618849d4,u_00124,1,,,2026-03-03T13:03:05.803520+00:00
fb_aa5f8d3f86b145d2,ev_850df0bada474c3c,u_00347,-1,wrong_answer,,2026-03-17T12:36:51.243842+00:00
fb_a483f62aa609488d,ev_e2261dcfd7d44aa1,u_00060,1,,,2026-02-27T07:43:59.886026+00:00
fb_60c78df3af2c4fc7,ev_95eaed8795da4125,u_00617,1,,,2026-03-25T09:28:53.633209+00:00
fb_df519389e005413c,ev_f25437d2f0e44273,u_00013,1,,,2026-03-21T14:20:24.959071+00:00
fb_0d7c1d7263f740d8,ev_239be75bc51c483c,u_00579,1,,,2026-03-20T23:09:25.866827+00:00
fb_5fcadbab41f540ca,ev_4cf652a187534d32,u_00323,-1,wrong_answer,,2026-03-04T08:54:13.263523+00:00
fb_c53c95abe6394bb7,ev_7a13a0aff2b74550,u_00343,1,,,2026-03-09T05:59:51.884977+00:00
fb_8084102f30c04d85,ev_1f9a3747d62446b3,u_00524,1,,,2026-03-11T19:17:22.895977+00:00
fb_5ea56119124c4aa3,ev_6871f1edad6d48e0,u_00076,-1,,,2026-03-01T08:22:02.246987+00:00
fb_8932c776a05b4965,ev_8a53cfb5eb3f45d4,u_00616,1,,,2026-02-28T13:24:27.232540+00:00
fb_ddf70494d9e4416b,ev_e5d2f124560c4462,u_00026,1,,,2026-03-24T00:26:03.868995+00:00
fb_09bd537862b840de,ev_51f0d16d308c4df0,u_00069,1,,,2026-03-16T04:42:46.354957+00:00
fb_2ca6ec06cdc442b0,ev_0bfb415a048143a5,u_00264,1,,,2026-03-06T07:29:20.413596+00:00
fb_242bd727855d45af,ev_49d5698c43e04e85,u_00033,-1,wrong_answer,,2026-03-22T05:57:29.765452+00:00
fb_9ac6ace27292462a,ev_83c3c426aaf44674,u_00551,1,,,2026-02-24T15:03:47.358400+00:00
fb_61f1be19152d428c,ev_c8aeeb35c3a044be,u_00554,1,,,2026-02-15T02:10:00.464479+00:00
fb_f7365d8763f54cb9,ev_956483c566404a43,u_00162,1,,,2026-02-22T08:28:21.084375+00:00
fb_4431bd6895b44f08,ev_a0a1927ff9e548c3,u_00680,1,,,2026-03-09T23:50:55.388472+00:00
fb_2f8c934e093d49ec,ev_d0d54f4ffaa14ea0,u_00679,1,,,2026-03-09T02:27:24.473218+00:00
fb_7cb3eabba2d14653,ev_0a5195e475234189,u_00286,1,,,2026-04-11T14:06:31.893230+00:00
fb_a694f7a8d40741d6,ev_edb6462ffba04647,u_00143,1,,,2026-03-23T22:22:00.240245+00:00
fb_fe897b5b5d8d47c6,ev_6e710c8f17724a6d,u_00033,1,,,2026-02-16T04:39:04.180191+00:00
fb_95771cd23fd9411d,ev_5ecce6bd26ed407f,u_00396,1,,,2026-02-12T00:02:11.572543+00:00
fb_bbb62d50840f4101,ev_b07119f589384671,u_00621,1,,,2026-03-05T12:54:32.733549+00:00
fb_63e0160b2a45484a,ev_6633412bf2824f6c,u_00173,1,,,2026-03-05T14:18:08.251801+00:00
fb_20d17192502d487b,ev_40d1c160fa364f1c,u_00419,-1,wrong_answer,,2026-02-12T16:02:43.962602+00:00
fb_10cee4ac0d664cee,ev_2d448226897f4446,u_00620,1,,,2026-02-18T13:45:11.160217+00:00
fb_1be9f89657b04954,ev_0e2d5b36caaa4415,u_00315,-1,incomplete,,2026-04-06T23:22:46.004787+00:00
fb_70e9d79c349a45ab,ev_649f16a053ec4055,u_00267,1,,,2026-03-01T12:45:07.844070+00:00
fb_c406f0ad08004525,ev_c77113b3616c4e21,u_00132,1,,,2026-02-18T18:40:04.637667+00:00
fb_92f5d2129a4b4bf0,ev_3538027ae47448fa,u_00282,-1,incomplete,too generic,2026-03-17T23:09:16.954548+00:00
fb_5056c05e700a4ed9,ev_ea7a75df8ec5447c,u_00409,1,,,2026-03-16T07:12:35.861673+00:00
fb_d42fe66fbee44373,ev_e15daa12d582423b,u_00129,1,,,2026-02-16T16:05:22.541657+00:00
fb_0f39dc37e2574857,ev_f8793a5b2a744751,u_00076,-1,wrong_answer,,2026-02-22T04:59:19.608413+00:00
fb_44539321370f43d2,ev_09b48d1e6df44e8f,u_00434,1,,,2026-03-26T13:45:07.970196+00:00
fb_6ae5986e94654f55,ev_c3027fe240054d71,u_00425,1,,,2026-02-04T16:32:40.705479+00:00
fb_2394ac602ce340a9,ev_cfdc1df51e5a4b7b,u_00175,1,,,2026-03-07T20:54:18.978993+00:00
fb_df11944f7e2748a0,ev_ec87bb16a7d945d8,u_00182,1,,,2026-02-13T04:01:45.234533+00:00
fb_542f1d1e91fc4619,ev_c9d030b5877d485d,u_00165,1,,,2026-03-12T00:03:30.350372+00:00
fb_a6a1e156b42f4cd9,ev_8486cc2e809742df,u_00115,1,,,2026-04-08T00:28:56.942816+00:00
fb_f1e1b905f26c4ef3,ev_c64b624a86a8470d,u_00463,1,,,2026-03-12T12:03:21.752281+00:00
fb_abe56a6fdee043bf,ev_1baaa7e7b8d94803,u_00341,1,,,2026-02-18T15:56:09.672643+00:00
fb_4ea2bb4eb4fb44d3,ev_869054b23d1e4be9,u_00586,1,,,2026-03-06T15:54:45.840165+00:00
fb_8d463ebcc9694b22,ev_1d79745dc7364449,u_00430,1,,,2026-02-02T01:24:56.491997+00:00
fb_c233ed03ed234f36,ev_a1bd55a2519a4b8b,u_00047,-1,incomplete,,2026-03-08T15:35:24.310859+00:00
fb_a37d1023996f4d9f,ev_a371e9cf072b49e8,u_00535,1,,,2026-02-16T03:27:23.518439+00:00
fb_29a7b0e24fee4587,ev_fa68235ed8214954,u_00179,-1,,,2026-04-12T11:40:19.694316+00:00
fb_363e522288cc4657,ev_b5a0cae616944f83,u_00102,-1,incomplete,,2026-02-28T16:16:47.373340+00:00
fb_5541fb3461c2413c,ev_c72f6dd74521438b,u_00175,-1,incomplete,,2026-02-28T16:07:38.880149+00:00
fb_f960c1cb735d438c,ev_0c989096871f4039,u_00267,1,,,2026-02-20T19:06:19.840503+00:00
fb_e10febce874f492d,ev_ac7be5b79c7a49d7,u_00589,1,,good citations,2026-03-06T08:51:53.970984+00:00
fb_a7ca99b26bde4340,ev_86f37718a0e34e23,u_00071,1,,,2026-02-17T13:47:37.590508+00:00
fb_4198b321ab614da3,ev_4fbb2cb01a704e93,u_00473,1,,,2026-02-19T15:44:52.478518+00:00
fb_56032da5c558410e,ev_2e3e1df9e83343e7,u_00274,1,,,2026-04-06T17:31:37.599917+00:00
fb_a25871e506984370,ev_36e553ee6c1e471c,u_00179,1,,,2026-02-13T16:15:53.411200+00:00
fb_57c6caf3165847d5,ev_47954a94a670408b,u_00027,-1,incomplete,,2026-03-07T15:47:19.441972+00:00
fb_77e555c887d04366,ev_2698c5daf2b24e10,u_00181,-1,wrong_answer,,2026-04-05T19:35:19.475826+00:00
fb_d79a80adade34550,ev_a5723c01142f440b,u_00041,1,,perfect!,2026-03-22T02:01:40.806013+00:00
fb_56cfe34621ca4220,ev_f43cc09a5370484d,u_00577,1,,,2026-02-23T14:22:22.607785+00:00
fb_2624b78672b64f4a,ev_346550672ad64d09,u_00642,1,,,2026-03-07T00:10:13.239236+00:00
fb_7bc49c4efe7b44a9,ev_ec2e15243a924a2d,u_00404,1,,,2026-02-26T18:00:56.852635+00:00
fb_803512bc21394257,ev_7d7561ba1be94b70,u_00503,1,,,2026-02-17T16:17:06.199499+00:00
fb_7b4da7e8b67248c2,ev_ee76bd56bbcb461f,u_00167,-1,hallucination,,2026-03-29T03:15:35.790724+00:00
fb_fad8ea64bbd3436b,ev_30ef5a129b6b478d,u_00292,-1,slow,too generic,2026-02-26T09:17:35.890610+00:00
fb_c8350dd6c86a427a,ev_491af8f200cf452e,u_00134,1,,,2026-03-02T08:11:26.561681+00:00
fb_643b9d66b3494d9f,ev_9b4f534825fa4694,u_00384,1,,,2026-03-02T11:41:03.355891+00:00
fb_a7ee9564164a41a9,ev_fd7448e9b67649aa,u_00497,1,,,2026-03-20T04:40:13.225756+00:00
fb_8af0ea234be94715,ev_0e74aa7aa4da4580,u_00069,1,,,2026-04-11T23:16:05.244707+00:00
fb_a163a497cf5c4040,ev_9ef9fdd350684c55,u_00027,1,,,2026-04-02T22:49:28.811364+00:00
fb_525b2f69a4b240d7,ev_086c3f5a052545d8,u_00654,1,,good citations,2026-02-20T14:42:39.712082+00:00
fb_32ba9a835b25499a,ev_69d5e3011b064c7f,u_00631,1,,,2026-02-06T10:27:06.362336+00:00
fb_c9008961ae80404b,ev_ccb77ae49520451a,u_00468,1,,,2026-03-01T17:05:14.145136+00:00
fb_e7cf10135ee94783,ev_f9f0b3f79ce84504,u_00444,-1,,,2026-03-07T21:55:41.143363+00:00
fb_470e1a2a862f43b2,ev_8153b41362584197,u_00410,1,,,2026-03-01T08:38:21.328978+00:00
fb_d5604c8005444cad,ev_0de05603fe6d4ee3,u_00294,1,,,2026-02-14T12:39:34.003605+00:00
fb_9f958ce93c0e4edd,ev_f5073b6840c64204,u_00644,1,,,2026-03-04T03:37:54.659674+00:00
fb_8d35fb778e2148f9,ev_1e309235f15f4c0a,u_00411,1,,,2026-02-15T23:12:13.875366+00:00
fb_c01dd15366334f42,ev_6900702b6e174281,u_00172,1,,,2026-03-01T05:55:37.444547+00:00
fb_1e7ca777978c453b,ev_327c42b3a53d482b,u_00194,1,,,2026-02-16T07:08:16.662102+00:00
fb_341a1ce6be154d57,ev_4c101a42b8a94186,u_00017,1,,,2026-04-01T06:57:52.516198+00:00
fb_ccbbb380301b4bef,ev_8587c13ac5c44fc1,u_00191,-1,incomplete,,2026-03-01T07:26:22.173730+00:00
fb_a40ca017ae7c4091,ev_e66f221119a04f74_orphan,u_00005,-1,other,,2026-02-27T00:00:00+00:00
fb_91270e3c10e640d7,ev_3199c45b9cc447fc,u_00554,1,,,2026-03-29T09:12:48.413662+00:00
fb_5908d267262847e7,ev_47dce064fb6d487c,u_00572,1,,,2026-02-21T00:14:10.715418+00:00
fb_a62db5c9f0684671,ev_185c7eb7607d4753,u_00660,1,,,2026-03-16T17:09:25.960622+00:00
fb_d5f6963b1b9240c5,ev_3587e66256cb4380,u_00290,-1,,,2026-03-14T23:12:22.020585+00:00
fb_c0902e20bae7464b,ev_edbc904572544698,u_00090,-1,,,2026-02-25T05:36:15.313524+00:00
fb_805a010ef0bf4711,ev_e7105c0dc0084a4b,u_00469,1,,good citations,2026-02-19T00:50:43.571696+00:00
fb_d32070a5e38945af,ev_06987a1af4c641bc,u_00503,-1,incomplete,,2026-02-16T17:24:35.096497+00:00
fb_2702a8805b654bec,ev_dfd4e476598d44cb,u_00349,-1,,,2026-03-22T12:15:36.528802+00:00
fb_1984c544bf7f409c,ev_d15492b547414758,u_00384,-1,incomplete,,2026-03-17T17:59:54.509638+00:00
fb_2556afc6b03f4fbf,ev_c439a2e0b4504996,u_00650,-1,wrong_answer,,2026-02-22T00:47:28.040556+00:00
fb_326d0975481844d2,ev_0e15a35c7fe04efb,u_00403,-1,incomplete,,2026-02-07T16:48:16.601526+00:00
fb_394ab253397943fa,ev_d57acd5747ee4126,u_00601,1,,good citations,2026-02-21T15:19:03.782153+00:00
fb_dd0d6d309d814e77,ev_a043cfe6ec49499d,u_00250,1,,,2026-02-18T02:59:16.907190+00:00
fb_5cf0345267104f83,ev_f722ccbe530e4b62,u_00296,1,,,2026-02-23T19:52:45.999823+00:00
fb_ccf90afc80c24921,ev_7ef357ff6dce41a3,u_00396,1,,,2026-02-03T09:20:24.703420+00:00
fb_be483cb7353448ad,ev_b8a39fbfbea8472d,u_00467,1,,,2026-02-24T02:37:23.194061+00:00
fb_90dbca13e870469e,ev_fdc36789203e45bb,u_00402,1,,,2026-02-17T16:26:29.455047+00:00
fb_cbdf1406788d446f,ev_c9b4f6acc5bd44a2,u_00385,-1,,,2026-03-06T17:41:40.735212+00:00
fb_bb65d66105cc4d9d,ev_9b0899db41e443cb,u_00682,1,,,2026-02-12T15:30:29.563899+00:00
fb_115e7c46cb50453d,ev_b9cb674e4f054881,u_00433,1,,,2026-03-15T04:59:33.122525+00:00
fb_56f6f9d44761471e,ev_c2f4f549eec349f9,u_00069,-1,incomplete,,2026-03-03T21:35:20.072427+00:00
fb_0482e7abbe114bcf,ev_2068d25b0d474dee,u_00352,-1,,,2026-02-14T16:04:05.409264+00:00
fb_fc5d877f89fa4eea,ev_e884909f4ddf4e5f,u_00026,1,,,2026-04-08T15:44:14.251827+00:00
fb_fd5838248dc14593,ev_e685f9027a2c41a5,u_00662,-1,,,2026-02-20T19:38:31.599881+00:00
fb_7b7b79044b7e4755,ev_3b24ffb4c4b44bb1,u_00184,1,,,2026-02-25T12:41:29.315180+00:00
fb_f9521d9d2b4749d0,ev_b70bd5787bea4c55,u_00147,1,,,2026-03-13T14:57:55.607032+00:00
fb_163c0bba98274007,ev_15f4236aa99642a2,u_00150,1,,,2026-03-16T23:22:59.788308+00:00
fb_2242eb1b5e4c4fa5,ev_0bfb51b494324243,u_00396,1,,,2026-03-01T11:13:43.101719+00:00
fb_4fd360a896d940c4,ev_c2840eef4f6e4955,u_00058,1,,,2026-03-24T12:47:37.385225+00:00
fb_192d378955ae4e44,ev_5b6aa79312964435,u_00215,-1,wrong_answer,,2026-02-06T18:15:18.559123+00:00
fb_b324ff4dbcc84fce,ev_3be40d9d105549d1,u_00628,1,,,2026-02-19T10:54:39.574892+00:00
fb_b179ebbd8e5c47bf,ev_8294fad72be0491a,u_00098,-1,wrong_answer,,2026-02-24T03:32:56.926614+00:00
fb_3fe7bfd2b3fe4a37,ev_36ea20054da14a7c,u_00547,-1,slow,,2026-02-10T23:23:29.359320+00:00
fb_5d04421d964a4f6a,ev_a1bf5ac4279b483b,u_00027,1,,,2026-02-11T04:06:27.011409+00:00
fb_d9ccd2c611a14159,ev_0961114cc7174fb8,u_00405,1,,,2026-02-23T01:57:42.497575+00:00
fb_a0b809efcaf24bf6,ev_eebb0b0e25ef4781,u_00019,-1,,,2026-02-21T11:54:29.550235+00:00
fb_b8e6c2bf758a4c3c,ev_c03cb4776f274918,u_00653,1,,,2026-02-10T09:14:42.046101+00:00
fb_c9524e9d45d64631,ev_264f9f11206c44dc,u_00270,1,,,2026-03-10T16:53:30.752691+00:00
fb_ef7097e9c14d4d1e,ev_5769a5e0b8f4495a,u_00684,1,,,2026-03-19T16:46:05.254025+00:00
fb_4b665aa339c64bb1,ev_a78131a9ddca441e,u_00148,1,,,2026-03-26T19:57:41.568019+00:00
fb_6283b276b5e44baa,ev_d1f60e839b054086,u_00441,1,,,2026-02-14T21:44:20.127299+00:00
fb_5ca83e5111b44218,ev_fb7ea92dfd6e445c,u_00168,1,,,2026-02-14T16:12:51.960551+00:00
fb_f59b319ef7ab4f41,ev_1b11987a00b649aa,u_00659,1,,,2026-03-15T03:45:58.285509+00:00
fb_02d439cbeae440f9,ev_c1ca2d3886cf4ab0,u_00504,1,,,2026-02-15T23:16:22.034453+00:00
fb_81662df53417470a,ev_32596b51ece34e9b,u_00145,1,,,2026-03-14T18:22:55.089490+00:00
fb_ca307a22f3194caa,ev_900b73b0bb8445b0,u_00118,-1,wrong_answer,,2026-04-07T16:48:22.675586+00:00
fb_6d68bab1efbc4ba9,ev_5d2da6adafc14b82,u_00652,1,,,2026-02-27T19:18:26.375853+00:00
fb_464e5fc198be42a9,ev_62634588cd194c7b,u_00337,-1,,,2026-02-06T14:35:37.161156+00:00
fb_b3c884125f0c4e4a,ev_d538879de9ee454a,u_00106,-1,wrong_answer,,2026-02-28T21:30:13.828272+00:00
fb_fb36d81aa71249d1,ev_696f9d2e38dd42e1,u_00052,1,,,2026-02-15T19:37:04.674622+00:00
fb_7efe2f4422ce4f7e,ev_af46982f6abd4f0f,u_00139,1,,,2026-03-16T18:18:07.487551+00:00
fb_db8dac7f34fe49a2,ev_ef2b926b7d754486,u_00154,-1,,,2026-02-17T22:05:36.662322+00:00
fb_f1f5cb14637e4634,ev_0afc6a7431f94dfe,u_00463,1,,,2026-02-19T14:45:50.646647+00:00
fb_8961c8d05b824f1a,ev_58bd2e42d6c9420f,u_00117,1,,,2026-02-18T00:30:31.804761+00:00
fb_f9a5e1e5107844df,ev_a74a6d6930404fb8,u_00156,-1,wrong_answer,,2026-04-05T14:13:11.070939+00:00
fb_377e685ffbda404f,ev_6284a8bdf8254c27,u_00467,1,,,2026-03-29T01:00:46.379382+00:00
fb_5f0287aabc5a4495,ev_a9739527e30942d6,u_00122,1,,,2026-03-11T17:04:12.807320+00:00
fb_1303210f656b44ed,ev_9bae0806f001484b,u_00107,1,,,2026-03-01T10:49:13.186785+00:00
fb_258f237d0d4040b1,ev_9813152c9a064b4b,u_00413,1,,,2026-02-17T10:29:48.095316+00:00
fb_de4a0efa16a44d93,ev_adb1bd139c7e404f,u_00664,1,,,2026-02-21T22:55:00.313045+00:00
fb_2c778abca09b44c4,ev_87244db8c2b24598,u_00152,1,,,2026-03-10T22:11:51.169715+00:00
fb_f58545ee73354e88,ev_1995850281014133,u_00046,1,,,2026-03-25T15:28:36.944523+00:00
fb_e482e2804828437a,ev_d9b5944fcbb04831,u_00204,1,,,2026-02-10T10:36:45.684376+00:00
fb_28777fbf674a4823,ev_7a501c87bde140de,u_00658,1,,,2026-02-20T09:09:25.833254+00:00
fb_610b6fb01dca4bb1,ev_034cf313e24344a7,u_00036,1,,,2026-02-03T15:14:49.464383+00:00
fb_f8a51e58659a4b1e,ev_47d99262d8874554,u_00286,1,,,2026-02-23T18:47:11.978242+00:00
fb_bc3b34c9b69a418a,ev_486f2e9638b348c4,u_00058,1,,,2026-02-24T23:25:37.037042+00:00
fb_9528d2d1a1b1469a,ev_d566db7a9a1b4396,u_00231,-1,hallucination,,2026-03-02T00:45:05.258610+00:00
fb_350659e6851c409a,ev_01e69ebcdb424a6a,u_00169,-1,incomplete,,2026-03-08T21:30:33.896748+00:00
fb_9f72363a37ad44b0,ev_cbb73d33f1e04e1b,u_00444,1,,,2026-04-04T15:46:57.658539+00:00
fb_3bac80405b6847db,ev_ca4e577cfd434b53,u_00130,1,,,2026-03-06T22:19:40.988795+00:00
fb_ec79378b36814d41,ev_73049dc96a094ac5,u_00346,-1,incomplete,,2026-02-20T18:56:28.553689+00:00
fb_2cb47606ef43483d,ev_c98c1f767fa340f9,u_00585,-1,hallucination,,2026-02-15T09:23:06.070785+00:00
fb_94f46efb8dab4d71,ev_a23e0a97d6314245,u_00141,1,,,2026-02-24T07:42:42.198212+00:00
fb_463531e5d6994084,ev_6786c8d70963478a,u_00000,-1,,,2026-02-14T03:59:51.511127+00:00
fb_f240cdc4b0214e25,ev_a6c29200d358466b,u_00470,1,,,2026-03-14T07:25:25.539909+00:00
fb_d5dfe1028aac4bab,ev_5e1b20b3217a4e12,u_00467,1,,,2026-03-01T16:21:01.502074+00:00
fb_c10137c7de644e9a,ev_a59b14dfcb574fb6,u_00490,1,,,2026-02-18T19:51:27.061672+00:00
fb_41fd337428b348d4,ev_53ff70f5f8984160,u_00152,1,,,2026-03-18T10:15:06.783812+00:00
fb_242dce9d0a9f408a,ev_33ac9db4543e40c7,u_00269,-1,hallucination,,2026-04-01T14:29:55.977901+00:00
fb_e05e057792394cf4,ev_e968e55aaa734eeb,u_00124,1,,,2026-03-04T08:56:01.031271+00:00
fb_a919f8edacb84feb,ev_6a26ce9b1ad4496e,u_00021,1,,,2026-03-14T08:29:39.163404+00:00
fb_087e28c98f1a4947,ev_5c8bf1d8c40c409b,u_00255,1,,,2026-02-06T14:55:20.062700+00:00
fb_0fc59697adad4464,ev_8d7808c092e04aa2,u_00273,-1,incomplete,,2026-03-19T12:17:23.998225+00:00
fb_c1916676b58d4acd,ev_b86e93448115478e,u_00341,-1,incomplete,too generic,2026-03-10T05:26:03.267037+00:00
fb_f2808fbdcb3b4acf,ev_bf4bc0606fe74525,u_00362,1,,,2026-04-05T18:36:40.282435+00:00
fb_d4c6185dceba4378,ev_0a8164d9884d4cf3,u_00287,1,,,2026-02-07T12:08:03.596326+00:00
fb_3922bf586628482f,ev_bdeea743d44f4f66,u_00655,-1,wrong_answer,,2026-03-19T13:59:41.968623+00:00
fb_59bd7aac92f74f59,ev_fa49f783ad5e4eb9,u_00585,1,,,2026-02-19T03:25:16.454640+00:00
fb_83898a4ffdad4d6e,ev_c8854f7e2a06478f,u_00469,1,,,2026-02-13T15:25:26.439977+00:00
fb_84bf76dc59da4cd7,ev_28a4edbd6182426c,u_00567,1,,perfect!,2026-03-03T20:51:41.060351+00:00
fb_28526bd1ba5148d3,ev_b1e37ad5b4bd4de1,u_00196,1,,,2026-02-26T01:51:18.347250+00:00
fb_4438d88cbfb24ec9,ev_fbc9b2f3b29c46de,u_00361,1,,,2026-03-26T06:55:21.352419+00:00
fb_b678cb9750b64387,ev_b194c1abb6524f76,u_00361,1,,,2026-03-06T02:17:56.357815+00:00
fb_638d2a5cb9404425,ev_09d4f8036cfd4697_orphan,u_00069,1,,,2026-02-22T00:00:00+00:00
fb_2729f0a1538f4711,ev_acf82b040d6446fe,u_00011,1,,,2026-02-09T15:15:29.820254+00:00
fb_a3bae7985b254a73,ev_fbf428c701254872,u_00324,1,,,2026-04-06T23:27:36.539453+00:00
fb_e7acf432548a456a,ev_543c0b9bb1ae4210,u_00153,1,,,2026-02-14T03:54:16.231913+00:00
fb_f0bce97abf5f4200,ev_1ef59a6b286d44c0,u_00105,1,,,2026-02-20T00:52:09.884230+00:00
fb_6e61e48cec324b7e,ev_927a03fa6ce64f48,u_00105,-1,hallucination,,2026-03-24T20:53:04.633609+00:00
fb_a66352303cd14514,ev_6f3b7f5605984604,u_00124,1,,,2026-02-14T19:43:31.935403+00:00
fb_c7eb9c10ff5d4cd4,ev_298ad3f3030549ac,u_00134,1,,,2026-02-10T12:17:26.434512+00:00
fb_b40db00d99ab4ae5,ev_0d4c8178910b41b7,u_00176,1,,,2026-02-04T07:32:26.033653+00:00
fb_365b0354f40c448e,ev_8006f9dbadb54289,u_00318,1,,,2026-02-26T07:02:25.652766+00:00
fb_1762e69ef1a44a28,ev_81edc5e981314693,u_00650,1,,,2026-02-13T10:39:40.325112+00:00
fb_3d382724592e4601,ev_6924fd21596c47f4,u_00580,1,,,2026-03-24T23:19:49.814483+00:00
fb_c399468daffd4f4e,ev_0a2618f0b8ba4d86,u_00449,1,,,2026-02-27T05:58:46.002137+00:00
fb_4d7b1a3e3e7b4bcb,ev_62006f0750394811,u_00067,-1,incomplete,,2026-03-29T10:35:18.127251+00:00
fb_21af9551a0674bbe,ev_89a33f6869954680,u_00399,1,,,2026-02-14T13:12:03.161137+00:00
fb_4081060febb94865,ev_da232f2ff3d54f19,u_00058,1,,,2026-02-26T20:41:26.062564+00:00
fb_bb2c8aff82a94863,ev_53eaf0c289494b8c,u_00197,1,,,2026-03-08T03:57:08.035992+00:00
fb_5ec50b52415f4b2e,ev_2f000448978645a7,u_00241,1,,,2026-02-08T17:40:20.126951+00:00
fb_493ee63ca04f4312,ev_d1791b3dc6ea4d34,u_00413,1,,,2026-02-27T06:31:51.856251+00:00
fb_88765033007749d2,ev_80282dd910664b01,u_00279,1,,,2026-03-17T22:36:00.061327+00:00
fb_cdc993a210cb4225,ev_e139a25c36a04b9e,u_00155,1,,,2026-02-19T09:07:11.087603+00:00
fb_e371248425364a50,ev_db6e4e0d2a844b46,u_00315,-1,wrong_answer,not relevant to Italian law,2026-03-21T07:18:00.829317+00:00
fb_b5ab698ea9eb4e89,ev_7986b7baac6c4211,u_00291,-1,wrong_answer,,2026-03-09T09:43:28.762343+00:00
fb_776b3a53696a4add,ev_7d5f3ce7da8a4d00,u_00657,1,,,2026-03-09T02:37:09.647194+00:00
fb_07948d4ae9a94ce7,ev_9fea93932e9f4215,u_00423,1,,,2026-02-19T04:18:48.805306+00:00
fb_aac09e5eed5843be,ev_d68d544ba7bf4ccf,u_00292,1,,,2026-02-15T00:19:57.552572+00:00
fb_37a28785544840c9,ev_5f2eb6e89e494195,u_00545,1,,,2026-03-04T15:39:59.810612+00:00
fb_729e33e011a24a24,ev_847cc8e0b1974e4b,u_00493,1,,,2026-03-04T13:04:49.949833+00:00
fb_1f751e7e0dd142ba,ev_1a0fda90aea64f78,u_00326,1,,,2026-03-17T04:33:46.726095+00:00
fb_43c62c97936e4287,ev_9087128767a540c3,u_00545,1,,,2026-02-27T01:38:00.976336+00:00
fb_ac772b5b552a4c87,ev_ce90ac72e1264f61,u_00642,1,,,2026-02-18T23:52:55.811563+00:00
fb_39d5b315e8b84e6b,ev_7c67843fb01d4a92,u_00183,1,,,2026-03-11T09:18:24.078447+00:00
fb_7dc700ccac3045a6,ev_0681cbaccd744cca,u_00648,1,,,2026-03-05T14:49:47.030123+00:00
fb_fd40e03bffed499b,ev_f2e931662f3a4cf9,u_00486,1,,,2026-02-13T00:45:03.566229+00:00
fb_b0ccf1126ef544b6,ev_8179f27a827045dd,u_00179,1,,,2026-03-26T00:40:05.000875+00:00
fb_ce530095323b4947,ev_b786e8d5fa5c43c2,u_00509,1,,,2026-02-05T19:59:09.271539+00:00
fb_850479d451674eaf,ev_2bbfbac19def4924,u_00470,1,,saved me 30 minutes,2026-02-21T22:21:50.330522+00:00
fb_1f62ab82b6414bbe,ev_4626e0ef3f26485f,u_00264,-1,slow,,2026-03-29T08:50:01.272283+00:00
fb_abae58ccaa9b48b8,ev_8bb10bbaeabb4161,u_00191,1,,,2026-02-21T18:33:32.247674+00:00
fb_7809364317c2404f,ev_d34fb2a1245049f4,u_00140,1,,,2026-02-24T21:33:10.008583+00:00
fb_0a4b954d488747b9,ev_37aefa79f76c4e48,u_00069,1,,,2026-03-11T03:28:24.756380+00:00
fb_cb36f4df640d46c7,ev_686f53960f12435a,u_00260,-1,wrong_answer,,2026-02-13T06:57:58.786783+00:00
fb_2414279a28294c15,ev_3605d443c1c043a1,u_00280,1,,,2026-03-19T02:25:50.942387+00:00
fb_f8e998eaec3b47ed,ev_e5433b8ed75e42dd,u_00548,1,,,2026-02-11T09:15:14.766814+00:00
fb_855df4c9be004717,ev_dff9586e917a4ead,u_00346,1,,,2026-02-05T02:09:11.939411+00:00
fb_3259e81fdd6247b9,ev_72474369d56f426c,u_00557,1,,,2026-03-20T18:07:58.986136+00:00
fb_1f4cbe59419e4f49,ev_25eea21fbf794a8a,u_00067,1,,,2026-03-29T04:56:36.208137+00:00
fb_002e120b987346e5,ev_2d698ef9508d4f5b,u_00292,1,,,2026-03-07T14:49:50.847190+00:00
fb_5d040eab47dd4b1d,ev_5070682307824593,u_00069,-1,incomplete,,2026-02-09T15:41:53.161657+00:00
fb_294d9a8b8b874b2c,ev_9d9ef58265834817,u_00041,1,,,2026-02-08T10:29:46.616809+00:00
fb_919b0cbb087943b6,ev_e13cabf5c9754cd7,u_00058,1,,perfect!,2026-02-21T06:41:04.415010+00:00
fb_2989d6333b3a4747,ev_f169968e94fe4a33,u_00403,1,,,2026-03-29T13:57:39.516940+00:00
fb_95cfc4dce4af4557,ev_4bedeb49e88b4531,u_00661,1,,,2026-03-07T16:55:07.233025+00:00
fb_7c91e11a06c3467c,ev_3b648a4b43f147ee,u_00655,1,,,2026-03-18T14:32:32.268599+00:00
fb_d8e009a784484606,ev_fba4e45a121444e0,u_00515,1,,,2026-02-17T01:49:57.569549+00:00
fb_df7ee278e4184952,ev_993b1ebe09d84419,u_00268,1,,,2026-02-11T00:53:35.588918+00:00
fb_ba260fe565c54923,ev_be9c657acfa541d9,u_00051,-1,,,2026-02-17T01:04:19.015516+00:00
fb_41da631d694d4191,ev_4abe648b7e0348a0,u_00504,1,,,2026-02-28T02:16:06.911510+00:00
fb_5e35de08ea5948d9,ev_47f34f24c6fb4329,u_00315,1,,,2026-02-26T00:10:32.230538+00:00
fb_e51eb7e95abe4aca,ev_f0332f2a0a154fc8,u_00472,1,,saved me 30 minutes,2026-02-24T09:02:23.129139+00:00
fb_abf8b496d60f46b6,ev_25d3d95f43134007,u_00083,-1,,,2026-02-14T22:35:02.478663+00:00
fb_24d7eee456524514,ev_c46a71eb2ce24dc2,u_00143,-1,incomplete,incomplete response,2026-03-01T23:02:48.917821+00:00
fb_8e3e290aa24a4200,ev_f0fc69e0a700491f,u_00158,1,,,2026-02-20T13:33:41.560438+00:00
fb_0fad40847408404e,ev_d64617678666407c,u_00625,1,,,2026-02-07T16:53:00.633471+00:00
fb_fb684d2a7c444f5b,ev_272d70d0075d428c,u_00603,1,,,2026-03-13T15:36:15.919291+00:00
fb_f185b125a0854aff,ev_8ee9c2e459724761,u_00135,-1,,,2026-03-12T11:53:01.324414+00:00
fb_f730aed9a7724e5b,ev_8b708f0c985d4417,u_00106,-1,wrong_answer,too slow,2026-03-28T13:43:12.555366+00:00
fb_c4058f15ba144189,ev_7d9774c20c094d1c,u_00358,1,,,2026-03-11T08:49:51.190680+00:00
fb_650ae906e99142e2,ev_197855b9f64844fc,u_00349,-1,hallucination,,2026-03-02T10:49:49.917034+00:00
fb_410404dcc4cb41b1,ev_dea6a78e21d04f43,u_00523,1,,,2026-02-26T12:23:06.109912+00:00
fb_ffcea3b14abc4544,ev_f6f0aa8beab643cb,u_00191,1,,,2026-02-20T07:19:00.544120+00:00
fb_f38f8d28d38549f7,ev_0fcac2646e834114,u_00665,1,,,2026-03-07T15:12:34.410873+00:00
fb_8a69572130124848,ev_59e0d11994424fc8,u_00432,-1,,,2026-02-27T05:59:47.614615+00:00
fb_b7819864966a47e6,ev_2c1d40e2c8834729,u_00295,-1,incomplete,,2026-02-27T02:42:52.349989+00:00
fb_eb6b96328089468c,ev_a81defef79884ca6,u_00421,1,,,2026-02-14T18:54:11.968687+00:00
fb_f901b5b2a935418b,ev_2d3cc1b0fca14db2,u_00614,1,,,2026-03-01T20:53:38.681826+00:00
fb_af5543462ba842be,ev_6601a5f260364382,u_00037,1,,,2026-02-16T04:43:16.365197+00:00
fb_cbe4acb863a74908,ev_6fdcf38ec19446aa,u_00110,1,,,2026-02-19T22:03:18.109928+00:00
fb_367d8b30777f4c63,ev_193a376e11ce4e7e,u_00139,1,,,2026-03-09T22:56:43.086133+00:00
fb_faa6816e32474760,ev_fb78bcacabea4ef9,u_00285,-1,hallucination,,2026-02-14T03:58:08.654065+00:00
fb_8762f3cb07924409,ev_f29ec85a80e240b1,u_00659,1,,,2026-02-18T16:40:29.521463+00:00
fb_103faa1fec604b0c,ev_d258ad621ec4487a,u_00370,1,,,2026-03-11T03:02:04.715836+00:00
fb_318905a459304f6c,ev_f5178cfee9c64c0a,u_00254,1,,,2026-02-11T09:16:54.181541+00:00
fb_dee829ae0a174c15,ev_5cc1ffd6d6294a14,u_00018,1,,,2026-03-15T16:27:57.705994+00:00
fb_69d66ff2c43b44d4,ev_3d59b0c6340149c6,u_00420,1,,,2026-02-20T00:14:42.382300+00:00
fb_74d7d299f3894e29,ev_6359ccc05acd4cd9,u_00380,1,,,2026-02-23T18:17:20.919704+00:00
fb_ad441514ce6d48e5,ev_2c2c8f7b2fb3471c,u_00317,-1,,,2026-03-17T06:58:50.810982+00:00
fb_66cba69015314421,ev_bb60219afd984cb5,u_00405,1,,,2026-02-20T21:39:54.147105+00:00
fb_2446aaff64404f7b,ev_562604b6bc1b4ec2,u_00652,-1,,missing a key citation,2026-03-13T17:46:36.416647+00:00
fb_51e73c0ea18a49e9,ev_72d25f57852b4369,u_00542,1,,,2026-03-14T04:00:33.468572+00:00
fb_9e6d4b1ed6ab4b4f,ev_0f2dd17730724872,u_00587,1,,,2026-02-10T08:16:16.877110+00:00
fb_f498d39e155141a6,ev_74409b7fa136448b,u_00647,1,,,2026-02-18T23:27:21.811762+00:00
fb_8c098716d39a43a0,ev_3b5ebe88651c4328,u_00218,1,,,2026-04-06T06:20:34.428561+00:00
fb_123a1956fae74311,ev_48c67749b75b4172,u_00143,1,,,2026-03-01T21:56:10.288230+00:00
fb_ed1617a481a44abe,ev_53536b600d594ffb,u_00435,-1,incomplete,,2026-03-04T22:48:56.078288+00:00
fb_0fd4dedb163b4526,ev_59eb8616513940ac,u_00652,-1,wrong_answer,,2026-03-28T16:46:39.100626+00:00
fb_6d74aeef25b3494b,ev_6346fdf686b74c19,u_00651,1,,,2026-03-13T10:30:18.527527+00:00
fb_eaa555f0e7b344b5,ev_c020ff4898e74f90,u_00171,1,,,2026-03-03T03:59:55.525407+00:00
fb_4e2e638d18234036,ev_c289393f6fb94442,u_00678,1,,,2026-02-13T06:30:45.895545+00:00
fb_be31f719096b4bc2,ev_fb8c568012654078,u_00168,-1,incomplete,,2026-03-05T07:25:29.350016+00:00
fb_a2df5be48a42448e,ev_497ed890841a4c66,u_00132,1,,,2026-03-18T10:54:52.259061+00:00
fb_6341e232097649a0,ev_0de7bbffd16d4885,u_00623,-1,,,2026-03-22T01:15:36.168737+00:00
fb_f0253b7a6dfb419e,ev_133f6b59792f4b00,u_00206,1,,,2026-04-01T10:20:48.603081+00:00
fb_dd3cfd942ef64da7,ev_3a70f83579f242a2,u_00108,1,,good citations,2026-02-14T21:41:30.916350+00:00
fb_462a9836ed9145cf,ev_35eafdbba4054db2,u_00244,1,,,2026-02-23T11:10:21.660358+00:00
fb_61068236e815486a,ev_22c29c4960e24783,u_00297,-1,slow,,2026-02-15T19:17:15.323761+00:00
fb_258bb559d45541d9,ev_dd39833b90624a61,u_00052,1,,,2026-03-03T16:43:43.732201+00:00
fb_4e7704f46d0549ed,ev_2ba2e7f9a9344039,u_00101,-1,,,2026-03-10T18:12:22.589022+00:00
fb_d8afd658af9b4dde,ev_05a7b4520c6a4b78,u_00240,1,,,2026-03-01T06:54:22.987469+00:00
fb_18803825181b4728,ev_0cb670d32b274a93,u_00038,1,,,2026-04-08T23:20:52.701532+00:00
fb_89cc7dab43a849d7,ev_81b2a7c92f9e4ef4,u_00168,1,,,2026-03-20T01:19:48.372882+00:00
fb_d7b22a23e8fa4218,ev_dd30f702f8094f5d,u_00559,-1,hallucination,,2026-03-13T17:59:42.506262+00:00
fb_f6016f9f9d844586,ev_8e9b19f8bbf3447d,u_00514,-1,hallucination,incomplete response,2026-03-22T05:09:23.054504+00:00
fb_7532b801394a4354,ev_f1023ce877c84e7e,u_00363,1,,,2026-02-27T07:46:30.264619+00:00
fb_ce9466c189de46ff,ev_78bace6d438f42b0,u_00025,1,,,2026-02-14T17:16:49.683392+00:00
fb_805fec7fe8344b27,ev_0c0e25f6a5964e92,u_00096,1,,,2026-02-16T12:21:52.484047+00:00
fb_1b5a2e2d3ea64b1a,ev_6a10d5d3f2e94953,u_00158,-1,incomplete,,2026-03-11T11:44:26.350257+00:00
fb_a0e4c1ed7d7b48ea,ev_57dcfcba99ee4541,u_00189,1,,,2026-02-14T04:30:43.332670+00:00
fb_f6a42da60bf743e7,ev_8edd718925794f9a,u_00324,1,,,2026-03-23T12:12:04.137529+00:00
fb_517982becc804828,ev_6aa8a77d4f8c4af8,u_00560,1,,,2026-02-27T00:34:43.247039+00:00
fb_0e2587dc11cf4dd9,ev_2610da291b8f4479,u_00196,-1,wrong_answer,,2026-02-28T09:07:15.407964+00:00
fb_b6b44be716994669,ev_dd47902897844dbe,u_00652,1,,,2026-02-27T00:20:30.370983+00:00
fb_6708bcceee164f9a,ev_516f85d6feb0409e,u_00464,1,,,2026-02-11T13:23:29.069141+00:00
fb_36272b66dd0a401c,ev_97cce5dceba54eb7,u_00207,1,,,2026-03-28T08:04:45.256211+00:00
fb_f73bbb95b3bc4e88,ev_ed05215da7464ecb,u_00685,1,,,2026-02-04T16:24:32.041759+00:00
fb_ac833886934241b5,ev_7e414366799a4948,u_00165,1,,,2026-03-07T23:57:31.717754+00:00
fb_f86e966c691041b3,ev_1296815441954935,u_00126,1,,,2026-02-20T14:03:48.600607+00:00
fb_a7d052d7e1f24e27,ev_082de414502a4f6d,u_00556,-1,wrong_answer,,2026-02-03T01:06:27.881352+00:00
fb_4e6ba035d19a4bde,ev_ab4ba097569c4551,u_00384,-1,hallucination,,2026-04-04T11:24:53.429534+00:00
fb_626cc9b004914089,ev_b7adc1cf40a64a1f,u_00217,-1,,,2026-02-05T12:49:45.724182+00:00
fb_60d16643045742e3,ev_c3f84fca2bab4bd5,u_00105,-1,,too slow,2026-02-21T15:10:13.500791+00:00
fb_7395a3cd7136477c,ev_fd34e7776b2440ed,u_00420,1,,,2026-02-22T20:54:32.428435+00:00
fb_af08f28c5d094060,ev_d11213f6f6c14b56,u_00559,1,,,2026-03-10T04:52:02.891932+00:00
fb_1478c45b94334c90,ev_38b47a4b9fcb4696,u_00089,1,,,2026-03-10T20:15:42.666418+00:00
fb_fc13fda96b3f4ab5,ev_d8a957be0d234513,u_00349,-1,wrong_answer,,2026-02-11T16:11:56.754239+00:00
fb_2a795b8edf664925,ev_837b1e595dd848c0,u_00636,1,,,2026-02-20T02:28:08.468029+00:00
fb_87bd15d1a8404b41,ev_57aa6e479ec7445d,u_00461,1,,,2026-02-20T04:47:53.614037+00:00
fb_36245b47cd42408f,ev_8194aa4a40984b5c,u_00376,1,,,2026-02-28T12:44:00.316703+00:00
fb_a4b75704dad64aef,ev_714b0abb39cc4160,u_00662,1,,,2026-02-27T00:27:41.165151+00:00
fb_7acbeecbc01541d8,ev_955893e0f0ff47cb,u_00270,1,,,2026-02-19T21:02:12.233386+00:00
fb_6fed2b8e8ed3466e,ev_073962fc34ba4c8f,u_00136,1,,,2026-02-11T11:05:29.268297+00:00
fb_87bb830186f842c1,ev_0779433a584d4435,u_00387,1,,,2026-02-26T05:19:15.588134+00:00
fb_13f66bae91fb4c72,ev_5b79d6c1439f44d7,u_00620,1,,,2026-03-30T10:25:17.588688+00:00
fb_b2c35596ab9243df,ev_8c1aecac4fd14256,u_00096,1,,,2026-02-10T05:46:38.067731+00:00
fb_1b09c77bd4f744b1,ev_a953cc3435f84c25,u_00018,-1,wrong_answer,,2026-02-16T00:23:58.137321+00:00
fb_c448d78ba5c64f79,ev_6427e978bce64228,u_00342,1,,,2026-02-24T22:14:15.540182+00:00
fb_79d2d816956740eb,ev_42cec36758d04ccb,u_00232,-1,wrong_answer,,2026-02-07T11:37:31.594681+00:00
fb_7f8735b234ea4bf4,ev_26e4413354e84f0d,u_00019,1,,,2026-03-13T05:46:46.451156+00:00
fb_1218f5f4afb64e00,ev_a89f738e529b4751,u_00574,1,,,2026-04-04T04:42:42.566089+00:00
fb_c932409ca8f143cc,ev_dde470b76ea5492c,u_00396,1,,,2026-03-15T15:43:21.258800+00:00
fb_6cf6ff1193384cd9,ev_29e4612c57fc49c1,u_00420,1,,,2026-02-12T04:04:55.391443+00:00
fb_e77caef2c41e4607,ev_f971680b843744dc,u_00100,1,,,2026-02-02T06:15:41.257313+00:00
fb_40e7bde9ee8d4e12,ev_fc35223d3b004707,u_00146,-1,,,2026-03-11T07:06:32.170324+00:00
fb_572b3f8a909147ec,ev_28e3c584b5a04610,u_00469,-1,wrong_answer,,2026-03-24T10:12:04.737993+00:00
fb_fd803c6f03ce4551,ev_0a28bbf943ae4897,u_00150,-1,incomplete,,2026-03-13T00:34:32.783734+00:00
fb_24ea3f1652a2430d,ev_2131a8fc179e44f3,u_00184,1,,,2026-03-12T09:02:31.107914+00:00
fb_6100512404654695,ev_4f393f6c17304351,u_00133,1,,,2026-02-28T00:00:24.422255+00:00
fb_48f5c9c9ac5640a7,ev_e2bd751c21da4ef2,u_00108,1,,,2026-02-22T15:31:05.601767+00:00
fb_bd358af1aad34224,ev_7f27c7406ef0473f,u_00147,1,,,2026-02-09T12:08:45.064276+00:00
fb_42e913f81cd64134,ev_b34c597c1a884ebf,u_00339,1,,,2026-03-27T01:52:58.554227+00:00
fb_44e2da7b5c784d8d,ev_df8d7fb16d684c6f,u_00198,1,,,2026-02-28T11:23:36.570436+00:00
fb_de19e98eae014b3a,ev_a46c9c31eb23441d,u_00067,1,,,2026-03-06T16:51:48.710696+00:00
fb_f92693419efb4d16,ev_665256d902a740d8,u_00277,-1,incomplete,too generic,2026-04-05T04:14:39.400503+00:00
fb_14541066014a4f03,ev_39effcf3a20145e8,u_00270,1,,,2026-02-24T06:39:58.189144+00:00
fb_fa28daeea6f143e1,ev_25873f74543d4b12,u_00467,-1,hallucination,,2026-03-24T22:39:49.516882+00:00
fb_269e3829d79d4a0c,ev_48f60aa8392342ff,u_00520,1,,,2026-03-05T20:09:25.456922+00:00
fb_aa59ebd9a9f54942,ev_1c7eb332a92a459f,u_00156,1,,,2026-03-24T11:28:03.264501+00:00
fb_7659234795654cf5,ev_2fa1604fb1854846,u_00467,1,,,2026-02-22T21:34:37.576956+00:00
fb_817f598692234514,ev_cbf11354987943d5,u_00171,1,,,2026-03-03T01:50:00.709571+00:00
fb_825705f8d0954b91,ev_4911098745d04e0d,u_00415,1,,,2026-02-10T08:33:52.593857+00:00
fb_10de53bd4e2e4e92,ev_af26b9cb94b6475a,u_00333,-1,hallucination,,2026-03-01T22:51:00.060736+00:00
fb_314744d7f8b74508,ev_50cddd0d8f9040b9,u_00365,1,,,2026-02-20T19:17:39.673035+00:00
fb_a9c9236f221f4c76,ev_087a9c5205b14b6e,u_00635,-1,,,2026-02-17T04:01:49.404488+00:00
fb_d1fd307d05f046ae,ev_c785f523d5804724,u_00287,1,,,2026-02-22T17:53:02.487582+00:00
fb_9b87f731b33542d2,ev_cf6cf4e687684d58,u_00247,1,,,2026-02-26T13:01:03.591749+00:00
fb_a41df39175d4482f,ev_857c9ee7a756417a,u_00095,1,,,2026-02-09T11:36:32.577618+00:00
fb_2b5cabeffbfa4d37,ev_65320638fb1a4c50,u_00279,1,,,2026-03-01T22:27:10.099624+00:00
fb_68cb3519efcd478d,ev_4ecfcabe4e144d8b,u_00160,1,,,2026-03-05T11:29:45.963167+00:00
fb_dbe62a5a90264044,ev_6bd5975c4c9d4116,u_00345,-1,incomplete,answer was wrong,2026-03-27T09:31:09.697721+00:00
fb_23634cd0926d464e,ev_98878f476ce74b32,u_00101,1,,,2026-03-09T22:23:51.632698+00:00
fb_8654e97a769d4f31,ev_8e8e90bac89d4d06,u_00468,-1,,,2026-04-11T11:52:42.291383+00:00
fb_8bcff8cb56b74c51,ev_90e5ada7cb3a4bbd,u_00415,1,,,2026-02-18T08:51:21.763085+00:00
fb_26614782261c4e0d,ev_c9d7b4c429414fee,u_00125,1,,,2026-02-14T23:26:06.480682+00:00
fb_67e8c1f336404fd8,ev_fcc6eceac5e94b7c,u_00116,1,,,2026-03-27T21:09:18.235007+00:00
fb_7350cb14831849d1,ev_a087514a37964044,u_00338,1,,,2026-02-16T22:03:07.522219+00:00
fb_cb444e1ff9b34a20,ev_f9e5ce2b8f0c42dd,u_00140,1,,,2026-02-17T09:55:17.114362+00:00
fb_7bbeab36d1d245a9,ev_edc310767ad742d4,u_00197,-1,,,2026-02-20T18:11:10.264135+00:00
fb_646ea5a193f64e76,ev_3b33afdd9e0a4dbe,u_00362,1,,,2026-03-02T17:30:51.610316+00:00
fb_3e8ec8a6a0ec42e5,ev_3f43e2b6aea14e1f,u_00325,1,,,2026-03-16T10:42:38.787312+00:00
fb_5d05474f7979480a,ev_f593efeb07e14ebe,u_00212,1,,,2026-02-28T14:19:21.705938+00:00
fb_4d41721577444fa7,ev_bba9c3ffe5e648d3,u_00496,-1,incomplete,,2026-02-19T08:40:23.762392+00:00
fb_3f6c75dd122f4c2c,ev_723e7ce61a92466c,u_00383,1,,,2026-02-24T12:38:55.013755+00:00
fb_8bb2bf2f77564262,ev_629163d57a164ff1,u_00645,1,,saved me 30 minutes,2026-02-21T10:56:57.804360+00:00
fb_1c71e0de67a7468c,ev_8c62b29319d34798,u_00396,-1,,,2026-03-01T16:24:16.989526+00:00
fb_1c840355230042e4,ev_2ae43ef121134c3a,u_00441,1,,,2026-03-15T11:35:56.593951+00:00
fb_84367141e4aa4f8a,ev_7d24f96718284daa,u_00113,1,,,2026-02-18T12:10:12.054074+00:00
fb_254266099ac44065,ev_186c0f2c477b450d,u_00173,-1,slow,too slow,2026-03-12T00:03:38.005808+00:00
fb_9d3c88f4fa494dd5,ev_12d5bc69ba094a34,u_00141,1,,,2026-02-17T13:50:57.062105+00:00
fb_3084afe8c59d4195,ev_6f558b28845a4dea,u_00177,1,,,2026-03-16T02:34:45.312165+00:00
fb_1e38d751dad94fbc,ev_75cabb04839f4f6a,u_00294,1,,,2026-03-08T08:59:38.338481+00:00
fb_b6d9c39eb7dc4f83,ev_e2ae4cf9f6a243ac,u_00294,1,,,2026-02-08T16:42:58.590242+00:00
fb_85a516dc96224dcd,ev_cce882d99019436b,u_00318,1,,,2026-02-19T23:25:15.057502+00:00
fb_d608d57ee7f94951,ev_f3c1e447e1614ab1,u_00293,1,,,2026-02-12T19:34:26.849383+00:00
fb_76d2db2ceb39457a,ev_c7bd4e9169d248a0,u_00012,1,,,2026-03-06T15:54:21.313688+00:00
fb_ee08b02927384ade,ev_eb2a55d6be524365,u_00348,-1,other,,2026-02-15T06:14:23.808210+00:00
fb_84647b7fb6574e57,ev_5f6ef8701e6e47b3,u_00284,1,,,2026-02-28T19:26:02.742648+00:00
fb_7b31868bf73a48fd,ev_8d8e91c057404111,u_00180,1,,,2026-02-13T21:30:35.381157+00:00
fb_c8a2383cb1b543d5,ev_96582836123f456f,u_00135,1,,,2026-03-02T22:38:58.144176+00:00
fb_b992eb8eb30a4416,ev_d32b598f002348b7,u_00201,1,,,2026-02-23T12:56:58.475549+00:00
fb_7195e8b190bc41fc,ev_cd880e9ca5a04659,u_00361,1,,,2026-03-05T21:41:41.768799+00:00
fb_8510ea376e83428d,ev_3e6e23fc90b04ab8,u_00168,1,,saved me 30 minutes,2026-02-20T13:00:05.583482+00:00
fb_0c8dffa85b4f4255,ev_6c4cc612f03d414b,u_00034,1,,,2026-02-11T22:54:09.269985+00:00
fb_d85021e415b441bc,ev_01564299d9e0432a,u_00465,1,,,2026-03-04T17:55:46.585449+00:00
fb_c37869b61efa45db,ev_419c28f4148545b3,u_00423,-1,wrong_answer,,2026-02-16T14:22:39.386764+00:00
fb_5aa52f35aae24205,ev_2bf797fc3a384d51,u_00494,1,,,2026-02-13T17:56:57.357870+00:00
fb_1245a0d3e9fa4670,ev_5e514a7183e9444e,u_00639,1,,good citations,2026-02-28T06:37:39.215668+00:00
fb_c4275f19fbfb453d,ev_61812357d2de4139,u_00469,1,,,2026-03-20T16:43:02.714349+00:00
fb_0adc432b68e544f8,ev_04bf30b13ad44e7f,u_00132,1,,,2026-02-17T00:43:12.762970+00:00
fb_76e7cc05191748e4,ev_efeb18984581408c,u_00338,1,,,2026-02-09T08:18:39.157241+00:00
fb_f6167ea2cef743e1,ev_48a30f6bf25b4ad7,u_00062,1,,,2026-03-30T17:17:37.468550+00:00
fb_6ad3318253094702,ev_77c86b860176483f,u_00430,-1,,incomplete response,2026-03-08T14:22:18.782037+00:00
fb_9eed791de2c94bd1,ev_1b0a6888bc944502,u_00245,-1,wrong_answer,,2026-03-23T21:25:05.575162+00:00
fb_87628c94d4ca4387,ev_c3e820e03d6045e6,u_00236,1,,,2026-02-20T11:50:59.607978+00:00
fb_32b6e5f5b11345fd,ev_1697050859484314,u_00274,1,,,2026-02-22T12:10:26.586945+00:00
fb_fba4170a35ce47de,ev_6cf554e5fe4a4417,u_00598,1,,good citations,2026-04-06T18:24:44.463535+00:00
fb_a17001fda3f54f8d,ev_2197de334b2242d6,u_00113,-1,incomplete,,2026-02-08T18:58:20.826447+00:00
fb_05b143fcd6ba4a6d,ev_63ea28bad1734489,u_00155,1,,,2026-03-14T01:20:39.038063+00:00
fb_1ce843bab5f14826,ev_0790eeba593345d1,u_00180,-1,hallucination,incomplete response,2026-02-17T17:09:43.001931+00:00
fb_0aae6bf3c97a42da,ev_92ad821f187a4830,u_00199,-1,wrong_answer,,2026-02-27T08:45:19.830228+00:00
fb_98775527820941ea,ev_50bf69afff6b4249,u_00265,1,,,2026-03-07T13:14:22.101850+00:00
fb_d5d469e9343449d8,ev_8d826b16f54e4d0d,u_00013,1,,,2026-03-21T18:16:21.475100+00:00
fb_d36eb9530af34f75,ev_81719b334f894a90,u_00150,1,,,2026-03-28T15:02:55.432855+00:00
fb_5a112f7c24024986,ev_90c76da05ce741df,u_00359,1,,,2026-02-21T05:56:23.726367+00:00
fb_3781a988346d49b2,ev_6e58352a4bb341ec,u_00543,-1,incomplete,,2026-03-20T22:28:05.395749+00:00
fb_7ea93b621a3b478f,ev_429c5611a7df4a69,u_00379,1,,,2026-03-04T00:41:09.212470+00:00
fb_41d84f5e804844b1,ev_160bba49c99c41f8,u_00521,-1,wrong_answer,,2026-03-28T23:11:32.394810+00:00
fb_c849fd2c164b45e8,ev_3cf4ad61a932420c,u_00267,1,,,2026-03-19T01:50:49.871003+00:00
fb_4f88364999224102,ev_ccd8bb598f2941d2,u_00364,1,,,2026-03-01T10:45:29.667776+00:00
fb_bad9c3aa41ae4da0,ev_8c644f0c89a14145,u_00354,-1,incomplete,,2026-04-08T03:50:40.962811+00:00
fb_e9593f472adc4cf2,ev_75f4735aba914d6c,u_00188,1,,,2026-02-06T14:50:43.527395+00:00
fb_9f9cb388fe4c4ffb,ev_688fd6ded37440c0,u_00360,1,,,2026-02-15T07:47:06.851745+00:00
fb_c0902e20bae7464b,ev_edbc904572544698,u_00090,-1,,,2026-02-25T05:36:15.313524+00:00
fb_0d48f608073545ac,ev_a7ccfb4a416b4fb8,u_00363,1,,,2026-03-06T05:36:10.217108+00:00
fb_ea6b994aced34443,ev_4c378e5076104206,u_00121,1,,,2026-03-13T03:27:24.843982+00:00
fb_3910392f49c94641,ev_79f7dec41f0b41ab,u_00428,-1,slow,,2026-04-02T14:41:44.483436+00:00
fb_4aca8885861c4e06,ev_81a23403e26b4ff4,u_00250,1,,,2026-02-26T12:48:09.267522+00:00
fb_56807141cc9d41b0,ev_e0de45fe78e04be1,u_00337,1,,,2026-03-12T03:38:14.060450+00:00
fb_0522b2ab46034af5,ev_b3bec8e88d374c9c,u_00168,1,,,2026-02-28T13:06:08.858025+00:00
fb_1795078eb82b45fb,ev_5a7753a09d1b4380,u_00344,1,,,2026-03-20T20:20:11.251710+00:00
fb_5e475e0e38984aa7,ev_4d3f0c13b566412a,u_00097,1,,,2026-02-17T09:33:39.979798+00:00
fb_48b17f927ccc4593,ev_cdbbb44a335242e6,u_00039,1,,,2026-03-28T05:19:20.657245+00:00
fb_642f668e364740be,ev_bc594a898ac84e92,u_00628,1,,,2026-03-22T00:32:43.613929+00:00
fb_a99c11176a8e424a,ev_5baa4c8d69214cad,u_00181,-1,incomplete,,2026-03-26T21:49:40.764854+00:00
fb_ee8fdd14225840fa,ev_76a3db88eba742f1,u_00600,1,,,2026-03-26T17:22:50.256914+00:00
fb_f6f89fd4e9594ba5,ev_461da2eb8f7243e7,u_00519,1,,,2026-02-27T17:20:28.548437+00:00
fb_670690a7e4244b8e,ev_d532087750834800,u_00426,1,,,2026-03-15T05:54:07.373417+00:00
fb_d430c4ec3c434684,ev_fb2214909e3145e8,u_00648,-1,incomplete,,2026-03-21T21:31:29.765810+00:00
fb_362f05bc5b1e4a88,ev_6c82a9d535ba46ff,u_00142,1,,,2026-03-17T19:47:23.299391+00:00
fb_00fdfc1ffd624fcc,ev_5bc61e2a5c2e4689,u_00415,1,,,2026-03-14T10:08:21.308050+00:00
fb_06fa674d1d904118,ev_d3fa9e6714374db3,u_00324,1,,,2026-03-16T19:26:56.823077+00:00
fb_ee12a2105baa40aa,ev_7a5dc22211fe4264,u_00274,1,,,2026-03-20T05:37:26.261678+00:00
fb_d2a22e887b9c490b,ev_d85fd0c0d04e4d7d,u_00655,-1,,not relevant to Italian law,2026-03-04T18:40:32.820102+00:00
fb_f344e4a7064f4636,ev_12f3c26f7da7423b,u_00267,1,,,2026-03-28T14:00:25.778994+00:00
fb_0bfe7ffe1da44966,ev_9059a23cb618457d,u_00417,1,,,2026-02-12T13:10:28.756874+00:00
fb_52cee1f4cc724527,ev_946199d7fefc4fba,u_00201,1,,,2026-03-22T13:18:12.636032+00:00
fb_cfd427d5c5e641c8,ev_a0f53f8489674e9d,u_00535,-1,incomplete,too generic,2026-04-03T00:26:58.854265+00:00
fb_93065c566ab04813,ev_8f6908a9ff7b42a6,u_00521,1,,,2026-02-10T10:43:16.571291+00:00
fb_a970120e0aa0481f,ev_fcf4ca85d633458c,u_00394,-1,wrong_answer,,2026-03-10T12:25:35.218744+00:00
fb_47e2cfcbc84f4849,ev_7c73ca456c2c4a94,u_00471,-1,incomplete,,2026-02-15T07:39:11.184335+00:00
fb_4166d5305a824ad1,ev_dd3f8e64739d48f2,u_00354,1,,,2026-03-04T12:54:59.238789+00:00
fb_f164b2e98b5d4c6e,ev_2e48a9a6651246a7,u_00639,1,,,2026-02-13T09:59:38.127313+00:00
fb_3331d63993094a77,ev_dc4d52ecf6774999,u_00327,-1,hallucination,,2026-02-24T14:38:51.325325+00:00
fb_261a7465aa894091,ev_d195ed036114443a,u_00339,-1,hallucination,too generic,2026-03-04T06:02:53.493844+00:00
fb_ba01f01f27e1446c,ev_ae06c8b335e04e18,u_00263,-1,other,,2026-02-11T04:55:50.181973+00:00
fb_1570db41a2564b38,ev_94ed26de02f949c7,u_00295,1,,,2026-02-11T13:10:54.854745+00:00
fb_36e851022e92425c,ev_ed1a27e8a3ba4c2a,u_00651,1,,,2026-03-23T13:09:28.559621+00:00
fb_c20e2a560b1a4b91,ev_d9781f3cb65044d8,u_00622,1,,,2026-02-26T08:11:42.303902+00:00
fb_b9b36512188b4704,ev_11832cf19c394f62,u_00120,1,,,2026-02-07T06:20:44.988300+00:00
fb_209d42dbfc4c4ebd,ev_34e9d355a9434fa9,u_00130,1,,,2026-02-12T20:32:49.941584+00:00
fb_a1c3e9e30af14801,ev_95d5fcede7d24423,u_00100,1,,,2026-02-14T11:28:14.547589+00:00
fb_7e6c62d1d23748f7,ev_8986221b45444cd9,u_00657,1,,,2026-03-13T15:31:07.830197+00:00
fb_a5a26a47e37840fc,ev_00ca623160754505,u_00287,1,,,2026-02-20T07:35:14.867082+00:00
fb_c7c2b791d5cf4a40,ev_71cee16baa1a4bc4,u_00316,-1,incomplete,,2026-02-07T13:22:43.804883+00:00
fb_0dc838f5ecc64d55,ev_41407b8cbaed4646,u_00406,-1,,,2026-03-27T08:03:31.244950+00:00
fb_2bd533db7da64587,ev_4a570bfcf28748e1,u_00050,-1,,,2026-03-14T19:10:33.152795+00:00
fb_6812b0792845426c,ev_d09e81e80b284e18,u_00173,1,,,2026-02-28T19:00:13.686283+00:00
fb_f7d4c50dad6443a4,ev_2a4cc31f38fe451f,u_00032,1,,,2026-03-09T08:46:28.385591+00:00
fb_bcc30760afce4cef,ev_2ec8cba844cd454b,u_00247,-1,incomplete,,2026-02-16T05:09:11.938115+00:00
fb_7a4c42fc884d4d43,ev_04a5c52fac1e4e61,u_00195,1,,,2026-03-07T17:49:07.965880+00:00
fb_079fe56d364d4700,ev_dd1805db3bde41e2,u_00251,1,,,2026-03-31T01:53:50.951221+00:00
fb_887202fe1680423f,ev_e4427b4d35be42d3,u_00516,1,,,2026-02-17T03:53:53.150091+00:00
fb_44e8ee27da924ce4,ev_f9a0235aaf3d4ac5,u_00279,-1,,,2026-03-04T23:08:47.625234+00:00
fb_71bfb590ff87434a,ev_73577f78c2c24716,u_00437,1,,,2026-03-18T05:46:37.989514+00:00
fb_4599eb5ec3fb4d79,ev_4418801db1e042ae,u_00008,1,,,2026-02-19T12:39:55.141321+00:00
fb_13f0236e55f847c7,ev_28bd1e411c884866,u_00289,1,,,2026-04-10T12:58:13.185012+00:00
fb_e74677d0bc0d4a37,ev_2446434018b34624,u_00069,1,,,2026-03-08T19:44:20.427130+00:00
fb_bcd732bc38564f81,ev_1e93c0183ffb45bf,u_00151,1,,,2026-02-06T13:30:30.474940+00:00
fb_80268c057e2545df,ev_2ba31238d3c44d4d,u_00668,-1,incomplete,,2026-03-05T20:21:45.311995+00:00
fb_d3bed5f116134907,ev_dae54a2ae1e04d6f,u_00658,1,,,2026-04-05T21:56:02.383908+00:00
fb_7a8d4607a11b4eb0,ev_2b67aed52c7346ef,u_00019,1,,,2026-03-11T01:40:07.166865+00:00
fb_6e687f2d5fe746fe,ev_711092d3de714e7d,u_00132,1,,,2026-02-13T21:29:56.136943+00:00
fb_044e82106cde4669,ev_5491ca962a224be6,u_00282,1,,,2026-02-20T23:01:04.459089+00:00
fb_ec5f578c02ed4ecb,ev_3200c6d2edb14097,u_00165,1,,,2026-03-02T13:59:09.480274+00:00
fb_16883d5b73f147aa,ev_5c7c4b1fc7b148d7,u_00050,-1,,,2026-03-02T02:02:41.890801+00:00
fb_9dd19f9a8a724fe8,ev_77e933fcd7ae4a28,u_00580,-1,,hallucinated a case,2026-02-09T02:08:21.588971+00:00
fb_d496a11a595e44f9,ev_dd5865814a6e4540,u_00232,1,,,2026-02-20T19:52:07.282779+00:00
fb_078234aca9214231,ev_4b051b1961bb4822,u_00129,-1,wrong_answer,,2026-02-21T05:28:40.142428+00:00
fb_f93893c086244484,ev_a1801cd314694942,u_00012,1,,,2026-02-22T20:43:39.004511+00:00
fb_78bc8520e12a4ec5,ev_618979d9285f47a6,u_00033,1,,,2026-03-14T18:23:48.946781+00:00
fb_57785de7e6be4150,ev_d1ed5eb91d664486,u_00240,1,,,2026-02-16T17:13:28.166120+00:00
fb_199cc8816cc84a4b,ev_aadbf7fddbf34f4f,u_00613,1,,,2026-03-07T04:52:02.388041+00:00
fb_82cdc13025664e39,ev_cc1561425e5e4af9,u_00354,1,,,2026-03-07T23:13:30.531426+00:00
fb_60772e5823bb4b62,ev_b294666be278466f,u_00321,-1,other,,2026-03-03T06:27:02.952721+00:00
fb_924923230ed64818,ev_6409bbf34a2849a1,u_00650,1,,,2026-03-07T05:45:18.989108+00:00
fb_b04901e59e034b3c,ev_2907b24d96724642,u_00658,1,,,2026-02-18T10:44:49.241073+00:00
fb_54cb0ad2d0204ae5,ev_102fe04e91054b72,u_00269,1,,,2026-03-28T02:10:19.481070+00:00
fb_c222943d2f8344d9,ev_9e1f1467922e41fc,u_00320,1,,,2026-03-22T12:04:43.812486+00:00
fb_acc4a53e46ae490b,ev_9079f66933664b91,u_00332,-1,incomplete,,2026-03-28T03:04:32.824269+00:00
fb_2c72c36af46043a2,ev_1cd0d48405b64dd5,u_00226,1,,,2026-02-24T21:34:42.853722+00:00
fb_5d07c906e38c4efb,ev_962c182cc5f14aa4,u_00412,-1,incomplete,,2026-03-25T05:33:43.459247+00:00
fb_a99d2f644a3b4ea4,ev_97347ef6a7db421d,u_00352,-1,wrong_answer,,2026-02-21T19:43:11.055306+00:00
fb_cc654ab993e34133,ev_eef4fcc093914854,u_00376,1,,,2026-02-25T08:58:24.062116+00:00
fb_fb57805fbfaf4569,ev_2c6d33c5c18b4a6d,u_00154,-1,wrong_answer,,2026-03-01T16:19:14.407773+00:00
fb_b49711ee539e4e5e,ev_d5926667b767487e,u_00347,1,,,2026-03-21T03:58:47.236663+00:00
fb_c8f0ad849579466a,ev_c327cfbcae68469b,u_00347,1,,,2026-03-19T14:51:50.001741+00:00
fb_48d8d78eed8b48a5,ev_76e3e203698a4092,u_00110,-1,other,,2026-03-10T13:01:47.885493+00:00
fb_196705d574224b30,ev_747a1fcecb854641_orphan,u_00506,-1,other,,2026-02-28T00:00:00+00:00
fb_098b66fa2cff4035,ev_062f816a4ace49bd,u_00654,1,,,2026-04-05T17:35:52.418232+00:00
fb_1ce44d147b1c45dc,ev_434a70dbcb204a19,u_00391,1,,,2026-03-04T17:54:48.726122+00:00
fb_b334fe1b57e14355,ev_d12d6d8633e14ed8,u_00586,1,,,2026-02-09T10:33:43.959209+00:00
fb_a9110736e9864305,ev_9a003b02b1444466,u_00643,-1,wrong_answer,,2026-03-11T13:49:52.959164+00:00
fb_b6338b80056c4942,ev_2e421eb575b442ae,u_00154,1,,,2026-02-16T01:15:20.113015+00:00
fb_afc35ae7c95847b2,ev_32700d8d4c794007,u_00093,1,,,2026-04-10T18:53:54.634566+00:00
fb_ba0a3951b8f44a95,ev_2bf8331d09ff4d22,u_00191,1,,,2026-02-20T00:00:12.486328+00:00
fb_084e0076f93e4d6e,ev_482d3616dbc74947,u_00303,1,,,2026-04-16T12:34:38.388983+00:00
fb_74eefd6503314653,ev_f5419f1422cc49ba_orphan,u_00254,-1,other,,2026-04-19T00:00:00+00:00
fb_7882341807674cb2,ev_a687e66d7a404be0,u_00369,1,,,2026-02-22T23:38:44.642607+00:00
fb_3ced8c78db32471e,ev_d85b2d55a8d04e39,u_00318,-1,incomplete,,2026-02-26T14:09:09.664236+00:00
fb_79ee7e1e0e494f72,ev_d42e38f494fe4d60,u_00591,1,,,2026-02-23T14:36:58.819753+00:00
fb_cab371119c00416e,ev_cc2a7754875c4c94,u_00274,1,,saved me 30 minutes,2026-02-27T22:11:11.800606+00:00
fb_673c6216609e4ce1,ev_ac4a7543a9e7494b,u_00347,-1,,,2026-03-24T01:10:55.899015+00:00
fb_1e0755f5ccb34097,ev_f65cf573b54346b6,u_00638,1,,,2026-02-21T17:42:54.605384+00:00
fb_8ccf9a798faa4289,ev_5b1c506fb57e447e,u_00616,1,,,2026-02-28T03:26:30.556936+00:00
fb_0124a93c94754502,ev_98f1345b2bc044cc,u_00099,-1,wrong_answer,,2026-02-08T14:42:29.570389+00:00
fb_9cc0468dcc054641,ev_f9bc9fdaf35540ae,u_00041,-1,slow,,2026-03-30T19:47:29.846374+00:00
fb_d2b664a1c6944ca5,ev_629e0cfb009348ad,u_00645,1,,,2026-02-07T23:22:07.591290+00:00
fb_899819410c7c48e7,ev_d5d538b0026c4b04,u_00634,1,,,2026-02-24T05:10:27.373470+00:00
fb_93f77154ba8d4ae6,ev_961ae48b446a490a,u_00109,-1,hallucination,,2026-03-30T07:49:17.425554+00:00
fb_feb5f8fdb01e47fd,ev_cc7633529a734e71,u_00404,1,,,2026-02-16T11:16:38.519068+00:00
fb_6ec46e25205d45d1,ev_80fffd9de5054b9c,u_00427,1,,,2026-02-19T20:12:04.350650+00:00
fb_b995d39a1574474a,ev_dd6a41db2dc042b8,u_00348,1,,,2026-03-09T12:28:28.273576+00:00
fb_5cfed43bdb8940ac,ev_eff59169cb924e35,u_00095,-1,wrong_answer,,2026-02-18T20:16:08.062886+00:00
fb_5cdb2bb1dcec43e1,ev_dd493358375b4509,u_00152,-1,wrong_answer,,2026-03-30T20:40:51.035667+00:00
fb_3d5c8e80ffb94354,ev_24223d0e73f846c5,u_00285,1,,,2026-03-16T12:42:37.851995+00:00
fb_9b0b447fe11746b7,ev_425d9aaf8c2d46b2,u_00186,1,,,2026-02-11T00:16:56.151006+00:00
fb_83d552f749704356,ev_5f6c73b10d304c38,u_00146,1,,,2026-02-27T09:09:55.514107+00:00
fb_b8c06a2e362b439a,ev_7e83050d83974293,u_00610,1,,,2026-02-20T21:29:56.300259+00:00
fb_44d322ae92e34cf0,ev_a8dc6a587a7e4c12,u_00101,-1,other,,2026-02-18T03:36:10.617787+00:00
fb_080978dffa564b81,ev_0e074ed9395b4d84,u_00565,1,,,2026-03-28T03:09:58.874803+00:00
fb_1f4ee60c34bb4bc6,ev_40a412f616fd4b33,u_00057,1,,,2026-02-16T01:59:58.763183+00:00
fb_df393a09c9854792,ev_49e1c22afdaf48e4,u_00203,1,,,2026-03-14T05:45:01.274114+00:00
fb_89f49b2dfb644ebd,ev_8ffdea82b5154a21,u_00195,-1,wrong_answer,,2026-03-23T13:48:09.361403+00:00
fb_9048279f9aee4d6a,ev_77816f440258436f,u_00405,1,,,2026-03-20T15:46:20.570100+00:00
fb_8e88e5a7e7614e6d,ev_44833acab5b242ba,u_00405,1,,saved me 30 minutes,2026-02-20T17:49:34.668987+00:00
fb_961a2ec3db6e4e63,ev_8eb330668074401c,u_00125,1,,,2026-03-02T11:51:25.646227+00:00
fb_536469b6c08446f0,ev_7fa6729b2abd4641,u_00367,-1,incomplete,,2026-03-13T04:53:23.924662+00:00
fb_e232d4f935274042,ev_e45897b419fe484c,u_00204,1,,,2026-02-25T14:42:10.251701+00:00
fb_d8af14b1b7c94f15,ev_92522a6caa2846c3_orphan,u_00507,-1,other,,2026-03-14T00:00:00+00:00
fb_f4622b9e009241bc,ev_4184eb8895b244d1,u_00088,-1,wrong_answer,,2026-02-17T04:59:08.071299+00:00
fb_23eb57c59c2c45da,ev_318db087daa44f78,u_00186,1,,,2026-03-16T19:16:07.914083+00:00
fb_0a2053ac8b804c01,ev_9176a1979aa64fad,u_00153,1,,,2026-02-02T10:07:25.248532+00:00
fb_b6f59383b38748bd,ev_e7e515981bc94580,u_00637,1,,,2026-03-09T20:54:00.095113+00:00
fb_44ee447ea7134f7c,ev_6ed829fc14df4a47,u_00318,-1,,,2026-03-22T15:40:47.386210+00:00
fb_c9862104d7434e55,ev_7111fa8f4a644587,u_00416,-1,wrong_answer,,2026-02-20T09:05:00.968999+00:00
fb_ef9702774eaa46ea,ev_28f8fcbfa56140f9,u_00648,1,,,2026-04-09T19:04:54.099176+00:00
fb_dca1376c95014086,ev_a64c0887dd7f4616,u_00067,1,,,2026-02-09T23:06:00.841572+00:00
fb_adb3c4af93d74a82,ev_f54996c9981a4a6b,u_00442,-1,hallucination,,2026-02-23T04:50:15.509724+00:00
fb_59f84b537d5a4cd0,ev_a85bc963fb1f4b69,u_00362,-1,,,2026-03-09T19:03:26.884841+00:00
fb_ab1bba7569164c88,ev_5b37cb09dbaa48cb,u_00510,1,,,2026-02-16T09:03:49.094990+00:00
fb_0e99fcfe58aa4a9e,ev_d6d42bffd065482f,u_00403,1,,,2026-02-23T09:11:03.620311+00:00
fb_22719361405a4ac3,ev_a1cfb6acd22a4d1a,u_00412,1,,,2026-03-01T03:30:11.278577+00:00
fb_63a6f7d37fd541e0,ev_dc8b15b797f94b3f,u_00469,1,,,2026-03-01T14:23:33.924995+00:00
fb_0d3e5736d1724f2c,ev_dc6bae3f6c434ebf,u_00040,-1,incomplete,,2026-02-25T14:29:44.587040+00:00
fb_9537bb2d26624ae9,ev_fd35456b048d49ae,u_00404,1,,,2026-02-21T22:58:40.471044+00:00
fb_3765f09b7ddb4cb6,ev_fd32572c7c814687,u_00193,1,,,2026-04-04T22:02:31.223698+00:00
fb_d6884ac05cff4c7a,ev_e6012ad756ee49aa,u_00076,1,,,2026-03-02T09:49:03.413442+00:00
fb_ba40e140394a46cd,ev_bf3b391f264545ad,u_00643,1,,,2026-02-18T12:05:44.851154+00:00
fb_7944933791df448d,ev_b51a55ac9d3747c4,u_00497,1,,,2026-02-22T08:08:23.862391+00:00
fb_fb41bdb290224112,ev_941d42413f174bcf,u_00429,1,,,2026-02-04T00:49:27.008837+00:00
fb_2b55c1aa70d2491e,ev_8177db92a93c44de,u_00097,1,,,2026-03-06T02:07:11.144156+00:00
fb_6315c0e6aee041e7,ev_5f2784d7a9f0420b,u_00646,-1,incomplete,,2026-02-20T09:03:23.813369+00:00
fb_54a580e4980045a8,ev_ba6346fe13694e4e,u_00277,-1,hallucination,,2026-03-06T19:31:40.968397+00:00
fb_0f517d26b9f64c1b,ev_4531beaa9bc948d3,u_00137,1,,,2026-03-19T06:22:09.022917+00:00
fb_c8361d94b618400b,ev_1805a02dc34d4445,u_00161,1,,,2026-02-27T01:47:32.727848+00:00
fb_36de30fc14e24b8a,ev_8ce80d7081d1452e,u_00021,1,,,2026-03-07T01:57:04.442017+00:00
fb_ee89f42d80f6480e,ev_4a9bea1b829c4bee,u_00465,1,,,2026-02-12T16:52:08.924195+00:00
fb_a63c8f98c06b430c,ev_c280fb779e73476f,u_00529,1,,,2026-02-18T21:19:19.127600+00:00
fb_253094bab4b04ff6,ev_eda48148fa6340ee,u_00178,1,,,2026-03-07T09:27:26.781850+00:00
fb_6b5f918bb5484a41,ev_32d7cb983fe74bfa,u_00405,1,,,2026-03-02T01:12:26.355041+00:00
fb_b2dfbe2be04c43f6,ev_98c2a5554f844289,u_00176,1,,,2026-03-27T10:27:36.972132+00:00
fb_43827cdec2c74da5,ev_1a97b3c384f24cb9,u_00391,1,,,2026-03-01T02:59:44.590572+00:00
fb_55de58d36356484d,ev_9b1d91b0ef384fb2,u_00142,1,,,2026-03-03T17:10:10.225856+00:00
fb_3454ab429fb147d2,ev_c6dfd509ce764c52,u_00354,-1,,,2026-03-07T21:13:37.744124+00:00
fb_c6584ab624434e18,ev_f846aaa8be614a52,u_00605,-1,,,2026-02-26T20:33:13.924182+00:00
fb_3ed5d0d9062a4c76,ev_6a2f8838104b4fb3,u_00088,1,,,2026-04-01T01:57:05.425547+00:00
fb_f4b09fb244424b36,ev_09b7d44f48d14694,u_00132,1,,,2026-03-17T17:07:37.885154+00:00
fb_1c681e9bcc7048f7,ev_56b3dd5fb4294bac,u_00014,1,,,2026-02-28T14:32:29.131742+00:00
fb_3d647c89e2fa40a1,ev_0934289ad629441f,u_00619,1,,,2026-03-25T19:57:20.335327+00:00
fb_0161fdcb8fa04e42,ev_071da5b8404340bc,u_00339,1,,,2026-03-29T03:42:33.847178+00:00
fb_f7ec21f1dcb3404a,ev_40b5c034a3814caf,u_00623,1,,,2026-02-09T16:40:56.606623+00:00
fb_31724cfff2ac420d,ev_0e53ecf9091645c9,u_00497,-1,other,,2026-02-12T18:09:45.948178+00:00
fb_fbd76eeae6cb4d12,ev_577fcff7b1ef4337,u_00424,1,,,2026-03-08T20:07:44.710081+00:00
fb_41566e6e230a465c,ev_cc9c3c894bb84c9a,u_00500,1,,perfect!,2026-03-02T12:50:59.299072+00:00
fb_36eabedbf6204f53,ev_cb297948d25544df,u_00331,-1,slow,,2026-02-13T07:47:08.422968+00:00
fb_575f2e996541474c,ev_df7a8f4fe34a4673,u_00415,-1,wrong_answer,,2026-03-28T01:47:23.538347+00:00
fb_942e44c6c2174af5,ev_7cdb533d6b934b45,u_00128,1,,,2026-02-12T20:56:50.111192+00:00
fb_a2bb249a3d5c454a,ev_93ec4cbd9a2b48b7,u_00066,1,,,2026-02-24T00:47:04.675874+00:00
fb_d50bade110284bcf,ev_f977d80ea06d40b6,u_00325,1,,,2026-02-19T14:58:12.281907+00:00
fb_20f7871ffbd34ca6,ev_c3fd3c8bd46741fa,u_00042,1,,,2026-02-20T03:23:52.191498+00:00
fb_ed61bd7501ec44bd,ev_2ef8e8c148b44960,u_00325,1,,,2026-04-03T16:00:12.068939+00:00
fb_a694c51e36524096,ev_80c5b837ed824855,u_00069,1,,,2026-03-05T17:51:33.254570+00:00
fb_708ff08ba8de473b,ev_72dcc68ecc61495f,u_00143,1,,,2026-02-21T11:28:43.960224+00:00
fb_e8b028d729294c7b,ev_d83aa08158464400,u_00262,1,,,2026-02-10T08:02:40.449980+00:00
fb_a48f68d1a2e345ad,ev_4dbc6f10a0ab499b,u_00279,1,,,2026-03-07T16:32:59.520837+00:00
fb_70797f0848a749f4,ev_b0d9a7d898554b92,u_00536,-1,,,2026-02-20T23:38:25.300203+00:00
fb_62c35433b5c14cac,ev_74e53e6b67ea41e2,u_00624,-1,wrong_answer,,2026-03-17T02:29:57.567125+00:00
fb_21986621495b44df,ev_81286fa43b304f1a,u_00098,1,,,2026-02-02T21:55:01.484085+00:00
fb_d7c688385ff44692,ev_de4e5c95d8464bd7,u_00177,1,,,2026-03-06T00:08:19.410481+00:00
fb_12445c4eb1954bac,ev_b45736f744ee4268,u_00407,1,,,2026-03-18T22:17:13.208289+00:00
fb_592508983da54a05,ev_253fc7f0626d4ab4,u_00122,-1,incomplete,,2026-02-17T04:01:30.035704+00:00
fb_6cd8c6a6c34a47a8,ev_00ed4548924944a9,u_00524,1,,perfect!,2026-03-16T06:03:12.634670+00:00
fb_5be56902ced74eb9,ev_26d63fe78b8c4052,u_00018,1,,,2026-03-07T17:11:52.283546+00:00
fb_d696d6085ae74085,ev_7f87eb1b4ffa403e,u_00114,-1,incomplete,,2026-02-24T23:05:09.469066+00:00
fb_c215639405f348bc,ev_0884057a25bd4b72,u_00644,1,,,2026-03-21T00:14:49.666550+00:00
fb_963728517bd14bd0,ev_b0c49d5d47fb47eb,u_00617,1,,,2026-03-06T04:25:59.865498+00:00
fb_a38be01fadf74759,ev_09cbb5e21dc643f7,u_00363,-1,wrong_answer,,2026-03-08T18:52:55.286741+00:00
fb_855fdc7abc07441b,ev_2d5168d5880a4116,u_00147,-1,,,2026-02-02T22:36:54.946069+00:00
fb_4c337b1cf8be4500,ev_9f5f09ab419a42f6,u_00434,1,,,2026-03-23T09:17:06.241900+00:00
fb_c2d4ccb42da04197,ev_2b9b98b07e1a4358,u_00279,-1,incomplete,,2026-02-12T13:08:49.048175+00:00
fb_ee07efe9b9f9446a,ev_52abd66007de4f25,u_00631,1,,,2026-02-23T02:27:04.462366+00:00
fb_254b4486cac840cb,ev_03666fa159e84b2d,u_00024,1,,,2026-03-28T21:54:56.597532+00:00
fb_ef2fa6649012446c,ev_9edd981726ac4840,u_00206,1,,,2026-04-02T17:22:46.848892+00:00
fb_536cb10d808a485b,ev_85d17ee3976f4314,u_00191,-1,,,2026-02-20T14:23:57.942386+00:00
fb_22064cba27864456,ev_227068481e8d4dee,u_00467,1,,,2026-03-12T05:21:05.363306+00:00
fb_5ff2cc45a6db41bd,ev_5b11e8d287ba4f40,u_00595,-1,incomplete,,2026-04-04T17:01:32.637957+00:00
fb_7acee05d92414ff0,ev_dcc2d9d5f7aa4ea3,u_00241,-1,incomplete,,2026-03-03T10:43:52.593851+00:00
fb_b98e74a10ca94116,ev_fa7fac54b5ec4ff6,u_00117,-1,wrong_answer,,2026-02-25T20:36:57.972230+00:00
fb_e189c3553b4f470b,ev_f2401ae8a5424d64,u_00040,1,,good citations,2026-03-17T21:49:00.075593+00:00
fb_261e95bedf2c466f,ev_39c92142411e470a,u_00543,1,,,2026-02-21T12:09:55.447466+00:00
fb_db3ed4fb9165432d,ev_5bc935b2801349c1,u_00093,1,,,2026-03-07T00:41:45.635628+00:00
fb_0205119a64f54556,ev_2047cc25550346f3,u_00185,-1,incomplete,,2026-03-14T20:18:42.200173+00:00
fb_8693589ecf4442e2,ev_a1f6c80c50604e93,u_00275,-1,,hallucinated a case,2026-02-12T15:35:52.374572+00:00
fb_cc66238c2c124d22,ev_f7a138cea00c4566,u_00435,-1,incomplete,,2026-03-11T11:09:56.044753+00:00
fb_95197152696544f9,ev_39ef919686114a48,u_00340,1,,,2026-03-12T20:33:26.043170+00:00
fb_23a76a7f89cc4c1c,ev_52e57ff9ede24773,u_00519,1,,,2026-02-28T22:43:48.204533+00:00
fb_2d260763c4324786,ev_05284ba02c05474e,u_00267,1,,,2026-02-18T23:39:10.630875+00:00
fb_32968d17f712405b,ev_3fe1c66a42f14247,u_00004,1,,,2026-03-04T00:29:57.692035+00:00
fb_e76badcafb3948f1,ev_641f853b69454438,u_00351,-1,wrong_answer,,2026-02-20T22:54:18.130904+00:00
fb_64190e8f94e845c7,ev_c3ef56ad35954276,u_00333,1,,,2026-02-17T08:59:42.351355+00:00
fb_79b66ff30b1a4074,ev_90a53dd28580494e,u_00631,-1,wrong_answer,,2026-02-09T19:26:18.797345+00:00
fb_2f3cb0810e964ead,ev_5dc685bffe054844,u_00485,1,,,2026-03-21T20:44:23.214664+00:00
fb_bb13922d10184815,ev_d39c3208b1634e93,u_00629,1,,,2026-03-25T19:11:20.498335+00:00
fb_14d2b4945c2c4ab8,ev_26470dbd999f4a9d,u_00024,-1,,,2026-02-18T02:41:25.576404+00:00
fb_2d2789809b8947fc,ev_3e1352280fbc4f01,u_00180,-1,,incomplete response,2026-02-23T01:18:46.832117+00:00
fb_00c6d0b3a39643ee,ev_2b3fbc88c56f4492,u_00373,1,,,2026-03-03T14:50:21.195219+00:00
fb_51e066fd31ac4665,ev_ebd67fb6a28c4bd8,u_00553,1,,,2026-02-10T13:51:17.703459+00:00
fb_d55d7f39d1aa4e4e,ev_e32ee12ce02e40ef,u_00490,1,,,2026-02-21T22:18:01.045833+00:00
fb_5318f4bdd0f148ae,ev_db74b18056e24539,u_00362,1,,,2026-02-21T00:57:58.509624+00:00
fb_312cae20625b4a59,ev_ed411084d6c14c9b,u_00100,1,,,2026-03-05T00:10:15.048073+00:00
fb_ef03bdf513394032,ev_0c2c2abfd22840ca,u_00161,1,,,2026-03-29T17:34:48.353276+00:00
fb_169c3964071d4ac1,ev_ff9c1e1894614d1d,u_00320,1,,,2026-02-10T12:00:55.951705+00:00
fb_e921760249ae4116,ev_6e63cfe5243f426b,u_00379,-1,,,2026-02-18T01:05:35.201183+00:00
fb_22543a35a25540e4,ev_1b6e4442dcb148cf,u_00285,-1,,,2026-04-10T21:00:07.071573+00:00
fb_733efb1f5db94c3d,ev_2221023b9da54116,u_00440,1,,,2026-02-24T06:04:21.481289+00:00
fb_e9a12301f75d4a27,ev_c9b94a449af0481e,u_00210,1,,,2026-02-15T07:27:21.323678+00:00
fb_cdb00e988cf842be,ev_b67fd90418f24b63,u_00619,1,,,2026-03-03T20:14:39.407223+00:00
fb_b73f29c96b984942,ev_14d51f112da4438e,u_00544,1,,,2026-03-29T13:57:48.364825+00:00
fb_f6bc93e1a4b242e5,ev_ebaf842c4aff4b8f,u_00394,-1,wrong_answer,,2026-03-12T17:36:24.509822+00:00
fb_22db053a80ee484e,ev_4d0f3f4392334660,u_00396,1,,,2026-03-03T20:21:08.975552+00:00
fb_f09d5236b44547be,ev_7a75b3afdd6f4607,u_00086,1,,,2026-02-13T07:42:19.375738+00:00
fb_21de11257d474dde,ev_17772597e1444907,u_00352,1,,,2026-03-05T20:48:45.405033+00:00
fb_651cad1ed4834347,ev_4f6ee3719ca84ffa,u_00380,1,,,2026-02-22T16:16:09.311140+00:00
fb_09b1f95e403c41fd,ev_6ee6344284544e47,u_00645,1,,,2026-02-16T04:44:04.955595+00:00
fb_58d3fb6a329d4c1c,ev_7db46bf68e364f22,u_00315,1,,,2026-03-08T21:13:57.223588+00:00
fb_74902c8787d745eb,ev_8b33ee7769404359,u_00276,-1,wrong_answer,,2026-02-28T06:13:57.016065+00:00
fb_d0f698bf49954ebf,ev_c6c4787f465f4def,u_00513,1,,,2026-02-22T10:36:38.648591+00:00
fb_72c3d2e79f9148c6,ev_994e295aa275457a,u_00555,-1,wrong_answer,,2026-02-07T12:44:43.758460+00:00
fb_df08e740d05b45e4,ev_4e73afb5b82845bb,u_00218,1,,,2026-04-01T00:20:50.667416+00:00
fb_e639f5e9970d44ed,ev_a4006b17e75142b4,u_00552,1,,,2026-02-14T17:56:00.084078+00:00
fb_b01a28d9f6264403,ev_6eac6a449aa944cf,u_00529,1,,,2026-03-06T11:51:12.987664+00:00
fb_416f2f34b33944b4,ev_68c96ff6b75d4755,u_00390,-1,hallucination,,2026-04-04T16:04:21.720927+00:00
fb_e1b726bd2d8e45c0,ev_e30fee2bea804f0b,u_00143,1,,,2026-03-13T22:38:09.491822+00:00
fb_fe359d70a40e487f,ev_90e05c0a35804643,u_00030,1,,,2026-02-09T02:36:57.834004+00:00
fb_62a913277f974290,ev_f736f5de80b540aa,u_00592,1,,,2026-03-28T19:34:33.483369+00:00
fb_28849638d7c54bd1,ev_499af0eee72c4ec1,u_00274,-1,wrong_answer,,2026-02-18T19:56:38.028476+00:00
fb_8d943f2915cf4d1e,ev_3d68c6bbc84e44d4,u_00123,1,,,2026-02-20T06:48:35.197218+00:00
fb_0923448da38342f9,ev_dcd35a157911472e,u_00415,1,,,2026-03-05T14:24:56.618215+00:00
fb_7f5e97dee651422d,ev_28df483fb2114905,u_00074,1,,,2026-04-12T15:08:42.751689+00:00
fb_27bc44e273f6496c,ev_339ef3e3a2d849e6,u_00591,1,,,2026-02-21T05:34:01.935631+00:00
fb_63240d8776c744a8,ev_feb91f94291549f0,u_00609,1,,,2026-03-19T17:41:43.126056+00:00
fb_0c4616b0863a4b06,ev_b4d85e2c214842f9,u_00383,-1,slow,,2026-04-12T00:38:29.971722+00:00
fb_eca86b57486b459b,ev_e859b471dc394be6,u_00642,1,,,2026-02-17T16:43:23.695373+00:00
fb_df3af55c7e754950,ev_92a60ad6b3b240ef,u_00263,-1,hallucination,,2026-02-07T16:37:20.318293+00:00
fb_79e5dc219f6946ab,ev_ea5848b6e2ac472f,u_00235,1,,,2026-03-05T19:05:19.807064+00:00
fb_f7a3530c1e804204,ev_c692a62e684542e4,u_00149,-1,,,2026-02-23T12:29:19.035291+00:00
fb_4f2a8259d1ef4fba,ev_62819a6dcca14050,u_00261,-1,slow,,2026-02-24T13:47:44.599859+00:00
fb_1d2456baad704a1c,ev_6e93a9defb954f95,u_00135,1,,,2026-03-13T12:03:32.240091+00:00
fb_8b6193f9b006490a,ev_8aa365b02b594d59,u_00186,-1,incomplete,,2026-03-22T01:53:06.290931+00:00
fb_2d20652074fa4316,ev_b37b9b5d69a64d2f,u_00351,1,,,2026-03-04T14:04:15.387088+00:00
fb_821638beb6bf4e3e,ev_0bcd1378d94b4f01,u_00651,-1,wrong_answer,,2026-03-05T12:14:17.941360+00:00
fb_d0d35c8c9b3e40e9,ev_b745dc6bedc74a60,u_00038,1,,,2026-03-22T01:17:34.958662+00:00
fb_a1a62e28e1874b97,ev_c2f957fbe6b14cb0,u_00103,1,,,2026-03-14T17:24:01.519142+00:00
fb_e0c502a68adc4750,ev_7f39201d9c794104,u_00235,1,,,2026-03-26T18:31:23.743652+00:00
fb_34339e8cf4d348a3,ev_d5bddac400be426f,u_00293,-1,wrong_answer,,2026-02-26T17:21:10.766412+00:00
fb_a7c967bd91e54745,ev_3271bfb0adce4cca,u_00664,1,,,2026-03-09T22:36:57.475465+00:00
fb_9aacc65e4e5a4766,ev_e07fafa1b76e43d5,u_00445,-1,,,2026-03-21T03:47:37.183644+00:00
fb_eb9f9f9ce0a54d7d,ev_01dae17e825b4c8d,u_00637,-1,hallucination,,2026-02-26T15:57:36.290635+00:00
fb_4e411111849340ef,ev_b61adaa587fa4c97,u_00261,1,,,2026-02-14T21:01:53.289623+00:00
fb_4f01ae1758c243db,ev_ab93692f80744621,u_00321,1,,saved me 30 minutes,2026-03-22T13:00:57.663048+00:00
fb_a13b039e72d84b7c,ev_2219ebfce05748ec,u_00438,1,,,2026-03-22T00:23:48.116348+00:00
fb_1cb4fbe18d0c49c4,ev_f1fbca95db9646c1,u_00250,1,,,2026-03-07T11:14:02.676264+00:00
fb_ef2fe317fa544b96,ev_83429d235f54498f,u_00040,1,,,2026-03-07T08:27:15.328196+00:00
fb_c51a9558e75a45b4,ev_ccd0a31bc41847a0,u_00469,1,,,2026-02-22T04:33:31.474515+00:00
fb_f347c2895bfc4f16,ev_f3e8faba7e18436c,u_00283,1,,,2026-03-27T13:44:04.694456+00:00
fb_db8dac7f34fe49a2,ev_ef2b926b7d754486,u_00154,-1,,,2026-02-17T22:05:36.662322+00:00
fb_4b5f08aaa91f4840,ev_b2f11f35193d4490,u_00202,1,,,2026-04-07T16:39:02.637205+00:00
fb_40977584a49049ee,ev_b60b9c7ccf8848a0,u_00658,1,,,2026-03-05T03:16:16.814692+00:00
fb_907bc494b9f34e09,ev_89e65feb37db4293,u_00095,1,,,2026-03-06T06:21:20.033302+00:00
fb_ce1178be08fc4120,ev_dcf98f6d334f4cc9,u_00185,1,,,2026-02-27T13:11:36.500262+00:00
fb_1c46f7a06c364bd4,ev_4ddf541d4f274b80,u_00362,1,,,2026-03-13T01:10:17.756773+00:00
fb_b06eb87d6cc949e4,ev_99a819e2747748e6,u_00551,1,,,2026-03-04T02:08:13.516896+00:00
fb_24609747bc0d437a,ev_3247915ebe6545e3,u_00204,1,,,2026-02-14T15:29:07.264099+00:00
fb_60552a01637c4327,ev_6160eadc18b64b0b,u_00655,1,,,2026-02-27T06:13:23.034910+00:00
fb_5677e42f52ce4e65,ev_03774842e92a429e,u_00649,-1,wrong_answer,,2026-02-15T21:36:21.480715+00:00
fb_afe3c1232dbc4221,ev_23df4391d3e74025,u_00549,1,,,2026-02-10T20:28:59.255603+00:00
fb_868b82d4588b4919,ev_c008dcd7d70d4cad,u_00581,-1,,,2026-03-06T15:22:25.067142+00:00
fb_2ca00fa30371430c,ev_ed5e6d61799a45f0,u_00540,1,,,2026-03-29T08:30:50.355297+00:00
fb_75d87babc95e41e5,ev_71f0e8b3ff1847c1,u_00353,-1,,,2026-03-31T20:03:46.634863+00:00
fb_e176db19f4454ffd,ev_85133d03c2d24cfe,u_00193,1,,,2026-02-09T09:13:53.806885+00:00
fb_51174bc28f8e48d5,ev_6b0d97c31ede4f93,u_00129,1,,,2026-04-02T16:02:24.063147+00:00
fb_cddbe4c9090b4249,ev_29d733fce74047cf,u_00619,1,,,2026-02-14T01:37:24.501636+00:00
fb_ce9366bfad384c3f,ev_c11414306e0749cd,u_00247,-1,other,,2026-02-05T03:32:48.739540+00:00
fb_363595408e504b90,ev_d45675d6ad7e4c41,u_00148,-1,incomplete,,2026-03-09T22:54:37.322927+00:00
fb_5912d47d41614268,ev_64f2ab3698754798,u_00671,-1,incomplete,,2026-03-23T14:58:44.537944+00:00
fb_7293df859cd941dc,ev_4ecb4e26f7ae43e5,u_00201,1,,perfect!,2026-02-07T09:12:58.324819+00:00
fb_c61b74ada4c94467,ev_a0b6688fa07e40f3,u_00170,1,,,2026-02-24T03:57:20.258691+00:00
fb_7aa758dd630f4f00,ev_d216044424544b8a,u_00025,1,,,2026-03-05T01:40:47.937585+00:00
fb_cfd4581f59ac4fa1,ev_5fc45ae0952f4c16_orphan,u_00120,1,,,2026-03-08T00:00:00+00:00
fb_cdee24c3d5524a5d,ev_b9e9ef4c09144ff0,u_orphan_1,1,,,2026-03-08T22:09:41.923227+00:00
fb_0085ce780c3545df,ev_6ec8c1e315d94d2e,u_00150,-1,,,2026-02-08T08:20:07.462355+00:00
fb_c0fbad0234464ee7,ev_d190004ae6b14366,u_00330,-1,hallucination,,2026-02-27T20:47:27.969561+00:00
fb_8e04101fd24f406b,ev_bf56117bc1d249c9,u_00110,1,,,2026-02-26T17:52:34.138223+00:00
fb_3e83aa1332b1493a,ev_9c015c23aaa44197,u_00101,1,,,2026-03-28T00:27:59.530279+00:00
fb_c5c4a295022a47e0,ev_5c33e42fa9a84c9c,u_00286,1,,,2026-02-27T19:57:21.091139+00:00
fb_b38dfa53777c487e,ev_84d87c5ffe704d65,u_00320,1,,,2026-03-08T03:49:12.828271+00:00
fb_57f93dcc87bc47b1,ev_9ca0b64f2c7c4e8f,u_00652,-1,other,answer was wrong,2026-02-09T17:37:25.077542+00:00
fb_cb2db437ea25401f,ev_4706a0ff4a7648bf,u_00590,-1,incomplete,,2026-03-17T08:23:56.915359+00:00
fb_a7bfe1961a0146a4,ev_3ab62f0a4a33486c,u_00191,1,,,2026-03-18T13:35:01.974156+00:00
fb_9ee2fe76e8254e85,ev_22c004881aab4c16,u_00344,1,,,2026-03-15T16:41:45.321703+00:00
fb_d34ad2e0c38b4299,ev_c1fed22137714490,u_00345,1,,,2026-04-08T09:32:33.449899+00:00
fb_97002269df3247a7,ev_4253a4da52cc40f4,u_00427,1,,,2026-02-24T03:17:30.606869+00:00
fb_94fa8f56427a40d4,ev_b685a3cc0fa044dc,u_00386,1,,saved me 30 minutes,2026-03-21T11:56:34.617328+00:00
fb_3d18be1c441645e4,ev_4728c05c0b664dda,u_00649,-1,hallucination,missing a key citation,2026-03-29T20:35:00.868600+00:00
fb_5bb67249f02d4e4f,ev_559a4219519347c4,u_00015,-1,wrong_answer,,2026-03-25T08:04:11.716138+00:00
fb_cbddc0aeeb5a4617,ev_54f20db240704020,u_00264,1,,,2026-02-11T19:35:40.227970+00:00
fb_2b8c7a99988b47a6,ev_ce297b3328f34a1f,u_00025,-1,,,2026-02-10T18:12:24.025641+00:00
fb_43632ba5d48b4cee,ev_46dff8487f9d4910,u_00277,1,,,2026-04-04T03:05:36.788675+00:00
fb_cbd65e75c94b49dd,ev_c168d026fba24fbd,u_00414,1,,,2026-02-12T12:54:22.516441+00:00
fb_25e0dd04a76c4bad,ev_b394a7bdb5524285,u_00113,1,,,2026-03-22T17:07:59.460000+00:00
fb_db203bda3df848e3,ev_1587a10309164615,u_00316,1,,perfect!,2026-04-03T14:44:02.716295+00:00
fb_dce7539213c64c9d,ev_099cd74b21e744e2,u_00148,1,,,2026-03-10T19:05:15.248484+00:00
fb_e9790a7b54df46dc,ev_076ccafea01d49f5,u_00405,1,,,2026-03-18T18:43:57.663824+00:00
fb_7b77adf80d8b4312,ev_f54f82bf354c48e3,u_00501,-1,wrong_answer,,2026-03-31T19:23:37.663176+00:00
fb_8d51fa8ecdce480d,ev_3c499c4666874a50,u_00553,-1,incomplete,,2026-03-10T12:09:09.667566+00:00
fb_4179de2549194c5f,ev_eb874cc0f52a4061,u_00041,-1,wrong_answer,,2026-02-17T19:31:52.098831+00:00
fb_2239d906ab4f4c60,ev_e907ba0a89614420,u_00120,-1,hallucination,,2026-02-15T02:34:23.397237+00:00
fb_2f51a2b6e9484ef2,ev_a0d15ff62cab4745,u_00160,1,,perfect!,2026-02-23T14:37:57.349886+00:00
fb_895dae27f4f741ca,ev_c022744499994f14,u_00323,-1,hallucination,,2026-03-14T20:39:01.776430+00:00
fb_6fd155efefe548e0,ev_a2e2bf9cdcf849e5,u_00420,-1,slow,,2026-03-13T14:32:38.082023+00:00
fb_96be6c2fb9c34b7b,ev_cfe5730554ce458b,u_00647,1,,,2026-02-28T05:21:24.350022+00:00
fb_faf1b7bf8f79417c,ev_a027ae033ea648b3,u_00369,1,,,2026-02-19T21:28:48.062538+00:00
fb_69be3714c3134642,ev_652756727adf4644,u_00292,1,,,2026-02-26T04:30:43.518043+00:00
fb_97fdf1013294463c,ev_7b537e095d8a4999,u_00142,1,,,2026-03-29T03:10:10.361842+00:00
fb_bea8ed48ed574c6c,ev_de4db88e37e14e22,u_00446,1,,,2026-02-10T05:26:19.903659+00:00
fb_0a830b14f3c54e56,ev_19b0f9ef112f4fd1,u_00572,1,,,2026-04-11T22:40:40.934017+00:00
fb_5ad2064ed6884845,ev_2ffb357368b9445c,u_00643,1,,,2026-03-10T21:40:07.130553+00:00
fb_20f1772c004a4fb0,ev_503a0a3ac676416d,u_00164,-1,slow,,2026-02-17T12:34:15.085931+00:00
fb_70c6edb77c994a1a,ev_63d171fb34d441ff,u_00635,1,,,2026-02-24T10:28:47.770663+00:00
fb_d4fdbe0f18d14aaf,ev_34d61bc1ba7c4e9c,u_00175,-1,hallucination,,2026-03-08T04:03:43.699626+00:00
fb_1860fef8092b45a7,ev_96ab1aa7887142dc,u_00024,1,,,2026-03-19T03:14:44.123322+00:00
fb_d6db66f036b54787,ev_e3add02f1700448c,u_00431,1,,,2026-02-17T04:20:58.163908+00:00
fb_7c1c2536c3514932,ev_f760eadcc59a43e3,u_00227,1,,,2026-03-11T09:18:13.377687+00:00
fb_2cdc7ce844a54a14,ev_95102c96eddb4293,u_00433,-1,,,2026-02-18T09:43:02.087294+00:00
fb_13c5fdba81d547a2,ev_f17d2cf77022480b,u_00389,-1,incomplete,,2026-03-27T00:59:45.618191+00:00
fb_f0150aac4d2f4c45,ev_ede88cfb7e8648d0,u_00072,1,,,2026-02-20T20:58:27.291142+00:00
fb_11623435adcd4e92,ev_b32a475b2ed745ce,u_00307,1,,,2026-02-12T18:28:38.749434+00:00
fb_343b2ac726aa4abe,ev_383152573e1149fc,u_00655,1,,,2026-03-22T06:48:18.721601+00:00
fb_170cde048303457d,ev_3ef84ab6f8a54beb,u_00576,1,,perfect!,2026-03-14T14:34:52.279089+00:00
fb_4697aff71f1e4381,ev_c6855ccf9ed44df1,u_00286,1,,,2026-03-28T20:26:11.189096+00:00
fb_0c6df1aa0a5c4659,ev_9c0b54940918460d,u_00345,1,,,2026-02-12T07:57:50.398952+00:00
fb_d29e01d854d941c8,ev_45e9f78bbed9465e,u_00162,1,,,2026-02-09T16:51:29.341346+00:00
fb_2f339e6c1b3944cd,ev_1300237bd2f24447,u_00196,1,,,2026-03-22T22:09:51.557200+00:00
fb_eb04782732d04829,ev_1232cbabcfc049bc,u_00273,1,,perfect!,2026-03-10T11:43:07.880435+00:00
fb_0163553fafbb4d09,ev_c58316530f684c56,u_00666,1,,,2026-02-12T17:05:39.938542+00:00
fb_d8f84af1361a4993,ev_4f10e21e6d854ddd,u_00307,1,,,2026-03-10T23:44:47.567241+00:00
fb_c70f673ae91f4700,ev_8a656eaca3d14e02,u_00189,1,,,2026-03-15T01:22:11.931729+00:00
fb_9a38a8be15ce42aa,ev_24a2d28e22ef46aa,u_00576,1,,,2026-03-31T17:08:09.137986+00:00
fb_bde7801d22164a4d,ev_5f2c344a946b4797,u_00361,0,,good citations,2026-03-04T05:08:47.860243+00:00
fb_96723f6f0f914b6b,ev_e430a0e39fa14cee,u_00031,1,,,2026-03-07T13:16:48.567039+00:00
fb_9a57ba1324dd4ad9,ev_ad2dadaf83634b1f,u_00282,-1,slow,,2026-02-07T09:02:08.575206+00:00
fb_7d9f210197434091,ev_9721fe954f7c4d07,u_00123,1,,,2026-03-06T15:38:00.579316+00:00
fb_45061ca671dc4ca1,ev_bd2ddd7f07004d24,u_00295,-1,wrong_answer,,2026-02-10T20:30:21.941916+00:00
fb_770d8ab276ce4148,ev_5416c5f1e39a4162,u_00411,-1,,,2026-04-03T12:22:33.593008+00:00
fb_4cc6b1b9d5254b3b,ev_1525ea395ddb4b97,u_00265,-1,,,2026-03-04T03:00:25.008607+00:00
fb_597e1c7b79604ff0,ev_551bd37361d643b0,u_00348,1,,,2026-03-22T01:45:34.384939+00:00
fb_43214dda7ba54892,ev_6987723c3fec4e96,u_00659,1,,,2026-03-16T15:48:44.559250+00:00
fb_aab1910587a24233,ev_f1a400e4b6c44a33,u_00340,-1,hallucination,too slow,2026-02-10T20:45:15.829975+00:00
fb_02bc6c2b8ac74fe1,ev_f2ac291998b540e2,u_00383,1,,,2026-03-03T17:08:29.249312+00:00
fb_a836a1381c5c4b1d,ev_4387045b02ad4026,u_00324,1,,,2026-03-08T23:13:13.178781+00:00
fb_1221d883a2364608,ev_51db6ef569b54f81,u_00250,1,,,2026-02-12T01:01:11.330923+00:00
fb_0959e9dec21945aa,ev_2c6a16dc1b3f4dd0,u_00189,1,,,2026-03-13T17:33:14.217344+00:00
fb_72c44a6a97604e8c,ev_11c3c8ee614f4fff,u_00357,1,,,2026-02-09T03:36:14.833442+00:00
fb_eb184341158f41d8,ev_f6f8a8a671a84c6a_orphan,u_00321,1,,,2026-03-05T00:00:00+00:00
fb_4d0a8ddf809c4a3c,ev_7fc8d443341249c7,u_00154,1,,,2026-02-22T08:47:51.517340+00:00
fb_28d420ac4fb04776,ev_ba965f24efe2439d,u_00333,1,,,2026-02-05T18:36:11.397487+00:00
fb_4a2bc95cc5e240d1,ev_bca5d6b36d894457,u_00369,-1,wrong_answer,,2026-03-02T15:12:57.427944+00:00
fb_a8b2e8a261f7404c,ev_728f9422c3b84c9a,u_00289,-1,incomplete,,2026-02-14T20:17:58.139956+00:00
fb_023c3e67dc364135,ev_bd8d64db16964031,u_00402,-1,,,2026-03-29T18:21:52.700965+00:00
fb_22036034d7054e35,ev_ccaaa888d2b44e81,u_00216,-1,wrong_answer,not relevant to Italian law,2026-02-04T16:20:14.525419+00:00
fb_1b0d4b163288446e,ev_6e1a508f746f49f7,u_00635,-1,wrong_answer,,2026-02-13T18:41:47.043382+00:00
fb_aa9cb9422bc94256,ev_679bec92eb5c496d,u_00415,-1,hallucination,,2026-04-04T16:37:30.974280+00:00
fb_02b3d32e9cc143ce,ev_491a3ad71798409b,u_00266,-1,other,,2026-02-20T21:40:38.784808+00:00
fb_bb89abb73ac14b60,ev_ef6107b6ed7f4f22_orphan,u_00624,-1,other,,2026-02-20T00:00:00+00:00
fb_a2f90cf251794e8b,ev_d14ff20127fe42c9,u_00147,1,,,2026-02-15T06:40:27.989531+00:00
fb_37d210e31cb6435d,ev_f4287e41bf9947c0,u_00292,1,,,2026-03-21T00:09:50.548349+00:00
fb_4998c233f9e84964,ev_b363f3c6bf254790,u_00049,1,,,2026-04-05T00:25:00.834556+00:00
fb_02fe87186133442a,ev_549720c706104ba0,u_00551,1,,,2026-02-17T01:07:08.441197+00:00
fb_0202447931344402,ev_d7285d280bcc4d6a,u_00403,1,,,2026-02-10T23:57:40.834508+00:00
fb_3a7b5f78fa0e4b63,ev_973e452f51b6422b,u_00655,1,,perfect!,2026-02-10T03:54:03.954980+00:00
fb_1bf032fb98a54c25,ev_f25dd8fe8ae443e4,u_00513,-1,,,2026-02-25T21:02:52.345257+00:00
fb_581eead5b5884002,ev_91d87f32aea343cf,u_00144,1,,,2026-03-04T11:12:18.056257+00:00
fb_715326923c974583,ev_b9f3c215fc394e21,u_00501,-1,hallucination,,2026-02-07T18:27:55.783338+00:00
fb_0abeaf93426b4431,ev_0b1d3b5092dd450b,u_00398,1,,,2026-03-06T04:32:05.167016+00:00
fb_ac9d6d88b45649f6,ev_90632a8f8fbc4cd3,u_00117,1,,,2026-02-25T22:59:22.774785+00:00
fb_4db8a98e19174562,ev_5c0c19be57984b09,u_00432,1,,,2026-03-06T23:08:57.436600+00:00
fb_864ebcec608b414e,ev_e22d8cba18774b8a,u_00121,1,,,2026-02-20T17:30:28.162463+00:00
fb_72af03c1ca164b25,ev_1bc047ea3e954f99,u_00206,1,,,2026-03-17T16:16:58.559811+00:00
fb_7e54b3afb62145e4,ev_8d832e9296ee43aa,u_00338,1,,,2026-03-06T09:02:55.797480+00:00
fb_4b3c70d789aa4894,ev_bd95ca8f646f4471,u_00234,1,,,2026-03-19T00:10:20.912786+00:00
fb_e4883db8d3ec4795,ev_eb4adb06822c45bf,u_00652,1,,,2026-02-04T10:16:42.332934+00:00
fb_d8a34ae12c8a4f92,ev_170797cd93df4447,u_00555,1,,,2026-02-14T11:59:37.837734+00:00
fb_ec7782cf041e4953,ev_8707d2d4194249bc,u_00014,-1,wrong_answer,,2026-03-30T23:00:56.409585+00:00
fb_62499c4986444908,ev_509e64e9b7d54603,u_00089,1,,,2026-03-08T05:15:05.470916+00:00
fb_95e4f947748c4ad6,ev_8a107dff082e4722,u_00190,1,,,2026-02-22T01:01:10.400451+00:00
fb_d7a50874ab4944c2,ev_9ca34bce0044443f,u_00014,1,,,2026-02-19T20:13:54.303957+00:00
fb_1618ca69e2ac4102,ev_fa31ba41b788457b,u_00260,1,,,2026-02-28T17:30:28.381053+00:00
fb_ef8a08ba0ab8441e,ev_a17006f3941e4b44,u_00010,1,,,2026-03-04T15:33:23.284727+00:00
fb_b3680925c3d0427a,ev_cc133539f90346e3,u_00324,1,,,2026-02-10T09:58:10.074994+00:00
fb_92050c5c53094708,ev_47754b85f1b64d06,u_00636,1,,,2026-03-03T17:43:29.327896+00:00
fb_6418721b7b794f0e,ev_029ed12bf68e49be,u_00134,1,,,2026-02-12T21:37:04.304458+00:00
fb_b03689195b62420a,ev_2cc78dd6be444019,u_00325,1,,,2026-02-24T05:15:30.471095+00:00
fb_071e67a850fe4d87,ev_723dc0ab85204492,u_00648,1,,,2026-04-09T15:46:09.084240+00:00
fb_540fe0921c9b4f05,ev_a64d648d967147bc,u_00404,1,,,2026-02-03T07:35:17.014300+00:00
fb_ea21e1399a2b45db,ev_080680f1659b4dc5,u_00152,1,,,2026-02-25T18:38:53.192820+00:00
fb_7fae845e9c934407,ev_45ec526484d34d71,u_00398,1,,,2026-03-22T14:06:50.047823+00:00
fb_b57b93d619ca4576,ev_5e92c51e24ef47cb,u_00391,1,,,2026-02-17T21:40:27.133629+00:00
fb_90b7913601cb4dae,ev_6e08b217279b42a8,u_00404,-1,incomplete,,2026-03-11T14:35:39.512488+00:00
fb_6d36b2ec4c9d4b77,ev_85eff81e32a24fe0,u_00214,1,,,2026-04-05T07:52:02.686820+00:00
fb_de4244b20fe44082,ev_5e7b07c321df478b,u_00617,1,,,2026-03-04T23:25:44.934988+00:00
fb_91cdcbfb05fd4b94,ev_52abf257ad4b422f,u_00322,1,,,2026-03-18T04:11:10.455885+00:00
fb_5def93f2dff34606,ev_bdf6820987804fc1,u_00625,1,,,2026-03-31T01:58:14.468317+00:00
fb_75b2c9f526fd4179,ev_fb8d308ff8cf4f16,u_00405,-1,wrong_answer,,2026-02-11T12:12:33.090701+00:00
fb_18d34fcce44a4544,ev_2b7ebbd96c644399,u_00437,1,,saved me 30 minutes,2026-04-03T00:16:36.914149+00:00
fb_10a2bcc497a7460d,ev_d24f823fd1914ddd,u_00322,-1,incomplete,,2026-03-11T19:02:17.647320+00:00
fb_ef07f53930f14e44,ev_c2fd137868bb41a7,u_00500,1,,,2026-02-22T02:48:27.879728+00:00
fb_787003bf291c423d,ev_5921a18ddbdb4225,u_00130,1,,,2026-04-08T08:54:56.040750+00:00
fb_17e3ff4152d84597,ev_e2bcfed494574871,u_00243,-1,wrong_answer,,2026-04-04T04:26:18.254104+00:00
fb_af3ddb64d8a14772,ev_4752c43929ba49f5,u_00024,1,,,2026-04-19T17:26:07.946952+00:00
fb_ab9bb9e3c3d342b6,ev_087dbb8ca3e4463f,u_00390,-1,wrong_answer,,2026-03-01T23:03:03.018845+00:00
fb_8570252f226d4c5d,ev_e471a9d11f7a430a,u_00327,1,,,2026-02-14T17:57:41.662202+00:00
fb_d33bcd7486b541d9,ev_c5967c718b8e49ab,u_00315,1,,,2026-03-27T04:24:12.553810+00:00
fb_70079e5a2d7f4e30,ev_9f7bddf64dfc4919,u_00259,1,,,2026-03-24T12:31:40.064058+00:00
fb_75b373518951460e,ev_341049cf867849ff,u_00404,-1,incomplete,,2026-02-18T23:41:18.665431+00:00
fb_a2a5cdc5deea4ab1,ev_1ab5bfe6e988479c,u_00069,1,,,2026-02-16T04:44:21.806994+00:00
fb_c892e46fa5ad4d4b,ev_66c79629c2ce4ca4,u_00381,-1,,,2026-03-24T23:10:16.944791+00:00
fb_00beaae68aad492e,ev_d9fc6839174344c1,u_00561,1,,,2026-04-02T13:08:37.408544+00:00
fb_a7370dbb14c54048,ev_431c36edd2a145ab,u_00621,1,,,2026-02-27T04:39:18.940750+00:00
fb_ba948d9ae8d14377,ev_4bbf735ddda74c1b,u_00652,1,,,2026-02-07T14:14:26.839519+00:00
fb_83c2bc5e274d4af4,ev_acfc4e0c956341f2,u_00332,-1,incomplete,,2026-03-28T12:12:19.313861+00:00
fb_ee1a1408ad6c4c7d,ev_fb06acc5ce68486b,u_00155,1,,,2026-02-17T06:00:21.029285+00:00
fb_0a3b398d654b436e,ev_6a0b503e7dd14739,u_00432,-1,hallucination,,2026-03-09T08:58:23.735999+00:00
fb_5a373e9ab0994870,ev_120d6d0c8e7340eb,u_00530,1,,,2026-03-05T12:53:06.624747+00:00
fb_1d5fa900fba54712,ev_cc78f111788d4461,u_00392,1,,,2026-02-28T22:04:09.425401+00:00
fb_08090ff54ace40fb,ev_b609f7636a204dd3,u_00633,1,,,2026-03-18T16:36:07.760748+00:00
fb_6166c0cb7a604163,ev_63cc409e76de424a,u_00287,-1,,,2026-04-01T01:09:13.239051+00:00
fb_78fa6ab247e94830,ev_2732531ea2644a46,u_00132,1,,,2026-02-02T16:13:43.428767+00:00
fb_a0300f6afa974894,ev_deffa3e69ff14273,u_00131,1,,,2026-04-12T02:51:34.846292+00:00
fb_699adbb1f4484ed4,ev_1fe7be15bddb44cb,u_00607,1,,,2026-02-19T21:32:24.927589+00:00
fb_ebddb86fe349457e,ev_522c212f3f684665,u_00401,1,,,2026-02-17T10:28:34.527800+00:00
fb_568ba8af5bf34691,ev_cb32cd560add4818,u_00048,-1,wrong_answer,,2026-03-09T01:25:02.894398+00:00
fb_1985e27444ef43fd,ev_b89c7571ae0544c6,u_00561,1,,,2026-02-16T18:59:57.308953+00:00
fb_317185e34fb94ad1,ev_b39587a9e6d54754,u_00084,-1,incomplete,,2026-02-19T15:59:45.466757+00:00
fb_b3388940354b4c97,ev_9cffcec718ca4b4d,u_00654,1,,,2026-03-19T11:20:23.699607+00:00
fb_3fb9d5413847446f,ev_d5cb24e288fe4054,u_00156,-1,incomplete,,2026-03-19T07:20:01.228109+00:00
fb_234031ed1e9548e8,ev_8cccfda5e4d94211,u_00615,1,,,2026-03-24T07:40:15.298887+00:00
fb_b8574cc5b55b47a9,ev_c1cdc551a5574f9d,u_00204,1,,,2026-02-12T05:09:06.234354+00:00
fb_9a85148ea4044f86,ev_7a7da562b3504e36,u_00620,-1,incomplete,incomplete response,2026-03-25T05:34:55.042336+00:00
fb_d297cd26abdf4a43,ev_5b90ddc0f0b24917,u_00120,1,,,2026-02-10T22:21:29.568052+00:00
fb_bd22a8926a51432f,ev_2eace487cedb4cfb,u_00122,1,,,2026-03-07T21:17:21.671495+00:00
fb_ef5e91882e5c4eb4,ev_7d423c33a10a4d32,u_00151,-1,incomplete,,2026-03-06T08:06:30.010279+00:00
fb_04e566cc4dd1450e,ev_5310099151034e9c,u_00117,1,,,2026-02-21T20:58:59.266107+00:00
fb_2db6d2d36281448e,ev_12c6904ec3684c8e,u_00381,1,,,2026-02-17T21:18:20.699568+00:00
fb_7f0202867bb14846,ev_f1898a0374364571,u_00100,1,,,2026-03-11T03:36:53.528607+00:00
fb_b15f9fb9734e4a22,ev_aeea5cdf87884d2a,u_00427,1,,,2026-02-22T16:46:38.712295+00:00
fb_3e5a0b3c62bf443b,ev_8086d55d63f24f27,u_00389,1,,,2026-03-13T04:43:52.814480+00:00
fb_4617ca7ebdf9435b,ev_b5b814f4281a4021,u_00147,-1,slow,,2026-02-07T01:45:28.431341+00:00
fb_138d4a055106414d,ev_72636252616b46b8,u_00210,1,,,2026-04-01T06:09:41.781369+00:00
fb_773721e1c742454e,ev_dbdb4b55ccee4b11,u_00320,1,,,2026-02-03T19:54:02.721794+00:00
fb_4e39934c21a643ee,ev_eae0f79d23af4969,u_00344,-1,,,2026-03-21T22:59:13.531326+00:00
fb_01b62f94b0e046fa,ev_1ea59a552fcc4f43,u_00158,1,,,2026-02-20T04:44:21.471584+00:00
fb_202b97dce50c4d28,ev_ddc189fd933e4143,u_00027,1,,,2026-03-04T12:25:32.985766+00:00
fb_307739666bdd4e74,ev_9b1ea99933ba427d,u_00179,-1,wrong_answer,not relevant to Italian law,2026-02-16T12:56:45.527860+00:00
fb_8b8323eb13fc4866,ev_a9d577a13f26439b,u_00384,1,,,2026-03-03T16:16:56.533011+00:00
fb_e80863f04c4144ac,ev_6c5909de05dc4903,u_00681,-1,wrong_answer,,2026-02-11T23:43:54.172050+00:00
fb_7ddc5d516d9b4808,ev_d8a20e4a3e6a4846,u_00092,-1,slow,,2026-02-28T22:25:53.451887+00:00
fb_a175300d7dc3428b,ev_efa1102c26bb4a66,u_00431,1,,,2026-02-27T03:35:31.671322+00:00
fb_b0defd8025714b9e,ev_2c2ada88f3a4457f,u_00152,-1,slow,,2026-02-06T19:38:48.859773+00:00
fb_5c4425e09e0d44d4,ev_9763e73937064f70,u_00463,1,,,2026-02-09T05:03:20.963255+00:00
fb_12164a1ba4d74c54,ev_4a617ab978b84118,u_00639,1,,,2026-03-17T17:37:13.126959+00:00
fb_5debe8fb6c9246e8,ev_30590a220ef9453a,u_00142,1,,,2026-02-25T07:48:33.935331+00:00
fb_1a52d89fdf884213,ev_9fe602ba8f594a76,u_00057,1,,,2026-03-24T05:16:52.218292+00:00
fb_b55fc9ba1f334cbf,ev_a6b4bb572296487f,u_00050,-1,,,2026-03-04T03:05:07.539229+00:00
fb_4d562aa310904f79,ev_5e9aa86f9ffd4f24,u_00395,-1,wrong_answer,,2026-02-16T13:03:22.481663+00:00
fb_120b0d0f9d384691,ev_360079cb0c0b4cab,u_00415,1,,,2026-03-10T12:40:39.403386+00:00
fb_e6df9252040849a4,ev_389fd47b2eb84fb4,u_00488,-1,incomplete,incomplete response,2026-02-21T09:44:28.351327+00:00
fb_f24db330ef564ff3,ev_32a8706bb8d64770,u_00158,1,,,2026-03-22T02:05:18.273405+00:00
fb_61cd4e0267634d0f,ev_a545bf311b224fcd,u_00281,-1,wrong_answer,missing a key citation,2026-02-23T07:43:45.085406+00:00
fb_2f6a6c58a0834d81,ev_442fb5c16cae4c2f,u_00262,1,,,2026-03-04T00:10:02.787334+00:00
fb_67795e6df6064c68,ev_5fd45b507a8942c4,u_00497,1,,,2026-03-18T13:35:27.726699+00:00
fb_6737085c1b0d4aea,ev_f54e40d278e14260,u_00551,1,,,2026-02-20T22:49:30.239616+00:00
fb_198487cfac1f42b0,ev_454bdc58e7ef4217,u_00049,-1,hallucination,,2026-02-27T14:19:46.965485+00:00
fb_9a095ee00f884d81,ev_af09d309542344ad,u_00020,1,,,2026-02-20T03:28:45.687994+00:00
fb_a4ec87e924b64723,ev_fc55111b9b52418a,u_00129,1,,saved me 30 minutes,2026-03-21T02:45:02.625744+00:00
fb_b8e4ab28b2ee4d0d,ev_ea8157af06ea4ea0,u_00545,1,,,2026-03-19T23:13:01.446658+00:00
fb_35793369b1b74ef4,ev_2461fca18fca420e,u_00652,1,,,2026-02-21T03:00:48.354325+00:00
fb_a640de1269a142c1,ev_d63b477fc4c049ae,u_00179,1,,,2026-02-09T06:42:32.358121+00:00
fb_e7cdf97703ee4470,ev_744767c5756b4419,u_00619,1,,,2026-03-24T00:37:17.228933+00:00
fb_2d02b059567e40d3,ev_6708e0eb832840c1,u_00120,1,,,2026-02-26T08:14:41.969686+00:00
fb_4428e45829844c76,ev_575b4e67e3ac4905,u_00547,1,,,2026-03-24T16:52:21.366412+00:00
fb_e2aa11fffbed4287,ev_4b9ab4c0d3204db0,u_00074,-1,incomplete,,2026-02-20T17:52:05.644977+00:00
fb_78a5ff8a9f76428b,ev_1e657e5a59ce4026,u_00189,-1,,,2026-03-25T23:17:41.943738+00:00
fb_008fb3f16bec4e2a,ev_cff65dc975604388,u_00184,1,,,2026-03-04T15:35:41.205421+00:00
fb_f1ee718b7be9487e,ev_1f764b7f59864e33,u_00245,1,,,2026-02-25T23:17:51.227935+00:00
fb_3ce8c3b9b2cf45d4,ev_1cc9c1846c624fc2,u_00297,1,,,2026-03-13T02:18:39.865490+00:00
fb_4770d354d7814491,ev_acf35ce2867f40af,u_00095,1,,,2026-03-06T23:46:21.967249+00:00
fb_eddd6a7c8b50450f,ev_bf21969524e54edc,u_00230,-1,,hallucinated a case,2026-02-13T17:41:29.486923+00:00
fb_41b3110199ca4047,ev_c177322d4b81417e,u_00370,1,,,2026-03-13T14:01:46.460893+00:00
fb_3418ed85744d4971,ev_078fb1cfa6c44297,u_00426,-1,incomplete,,2026-02-24T03:14:17.791031+00:00
fb_026f3b2ba04f4e53,ev_a519fb107bfa43ec,u_00430,1,,,2026-02-16T11:55:55.268921+00:00
fb_7388bf5b8e29497c,ev_b69a7655471541df,u_00386,1,,,2026-02-20T02:14:25.236000+00:00
fb_8c4ed9cd86d24bc4,ev_1f4d0e37032040a0,u_00363,1,,,2026-03-13T04:08:58.494024+00:00
fb_37916e143c9a4830,ev_914d309281f24cab,u_00503,1,,,2026-02-18T10:18:32.043923+00:00
fb_9e6b7036828a4f92,ev_c7ea9cc08d414f49,u_00068,1,,perfect!,2026-02-28T22:15:57.283735+00:00
fb_5c8d56f65a364210,ev_d9380dc4de164fcb,u_00070,1,,,2026-02-19T08:26:00.641812+00:00
fb_d69f83996ee34709,ev_e517c0982b734dee,u_00579,1,,,2026-02-16T11:51:07.971372+00:00
fb_46c6ee2356b04c79,ev_cf4d2eaf3ba74ba3,u_00096,1,,,2026-02-09T03:01:30.446782+00:00
fb_3d71caa6f49b4ae7,ev_0d2a8c34dbd24fde,u_00569,1,,,2026-02-17T20:48:35.824064+00:00
fb_082b6f395d164a84,ev_2c2620f7c2af459d,u_00162,-1,slow,,2026-03-12T19:53:31.159533+00:00
fb_edceb5e055a34350,ev_2e3f9ff77cf7497b,u_00133,1,,,2026-03-07T19:07:57.438029+00:00
fb_d8eae875481e464f,ev_9fc5215824e3467d,u_00399,-1,slow,,2026-04-17T07:12:02.243158+00:00
fb_16928c097f74431f,ev_10a5d142ec7a49e0,u_00274,1,,,2026-02-24T02:11:03.615099+00:00
fb_8a29c8a17b0f422c,ev_49359954caa34ee0,u_00341,1,,,2026-02-10T04:16:03.909353+00:00
fb_1f5185aeffa14120,ev_38b4cf4a8a02460d,u_00290,-1,incomplete,not relevant to Italian law,2026-02-26T04:51:16.347124+00:00
fb_f108e9a26d4a4065,ev_ea2368e2f4cd4593,u_00542,1,,,2026-03-07T04:54:41.442941+00:00
fb_4351ed5d05214337,ev_19826fc281c8453d,u_00551,1,,,2026-03-16T02:35:39.459175+00:00
fb_d375da15246c46e6,ev_f270c8fc3e144f01,u_00096,1,,,2026-02-26T09:13:33.835049+00:00
fb_4e17ed0110864b6a,ev_858c1d908a2a4740,u_00372,-1,wrong_answer,,2026-02-28T04:54:53.006864+00:00
fb_8b6bc00b2cb247b4,ev_4bb7d9ec3dee4b9c,u_00032,1,,,2026-03-15T23:49:59.549003+00:00
fb_5da12c4377c4466d,ev_ae34a4d425174981,u_00645,1,,,2026-03-03T20:37:36.717532+00:00
fb_23f066bd8ee54259,ev_d4d81e8472324311,u_00613,1,,,2026-03-24T09:48:30.344539+00:00
fb_6572fb01f02b4709,ev_ddb6eb0c99ce4cb5,u_00617,1,,,2026-03-22T22:36:06.401049+00:00
fb_0fbb80c91d694450,ev_2a0ca2c6f1e04a04,u_00151,1,,,2026-02-05T23:54:43.980916+00:00
fb_5ae87e8c2b014891,ev_f6dd776214514a0e,u_00103,-1,wrong_answer,,2026-02-21T15:00:32.276297+00:00
fb_80d629290c3c4e4f,ev_cb47906ad37d497c,u_00640,1,,,2026-03-30T15:49:57.079394+00:00
fb_f7d5e339e2114f18,ev_83164214153948a1,u_00271,1,,,2026-03-14T22:05:16.796872+00:00
fb_1a3c3c099ead4141,ev_06110bbe4ba94267,u_00458,1,,,2026-02-24T08:25:00.061997+00:00
fb_10e82064a84f4a3b,ev_016af9a3931b480e,u_00682,1,,,2026-03-11T08:38:09.201818+00:00
fb_0a9300adb4844464,ev_5c418c2a592d416c,u_00095,1,,,2026-03-04T23:20:02.246394+00:00
fb_67b2227c6265442d,ev_d60c4e93a6b34009,u_00553,-1,,,2026-02-18T02:25:49.618792+00:00
fb_508101e20c814319,ev_fb71a5b1b6a148e2,u_00022,1,,,2026-04-10T21:19:23.137033+00:00
fb_90e345075f534830,ev_60128815f3ce4acf,u_00649,1,,,2026-02-23T00:05:41.056475+00:00
fb_c973275c06354453,ev_e68d4e52d6084a1c,u_00098,1,,,2026-04-01T15:06:29.956183+00:00
fb_003ad052b78b4915,ev_0488473610cb4323,u_00314,1,,,2026-03-07T03:15:29.566649+00:00
fb_f9d7cfe472f44588,ev_d9cda98cfb394349,u_00196,1,,,2026-03-23T21:01:58.161637+00:00
fb_bf64c87e26e94c57,ev_3597eea3d6e046d0,u_00620,1,,,2026-03-11T18:50:29.151689+00:00
fb_c607d572addd4eba,ev_eee80799fbe543bc,u_00106,1,,,2026-03-03T14:43:37.085070+00:00
fb_14b95f7e1e354aba,ev_96cf40920542414b,u_00394,1,,,2026-02-04T11:45:26.771366+00:00
fb_6b2cb789eb0541be,ev_d4c370da9d0d4eee,u_00422,-1,wrong_answer,,2026-02-13T11:01:50.213041+00:00
fb_146dcb43d0c045fc,ev_996715ecb8b04397,u_00634,-1,wrong_answer,,2026-02-28T19:36:26.154818+00:00
fb_5712e5939c8d4f7c,ev_7c8a743dd8984418,u_00037,1,,,2026-03-28T01:14:17.218226+00:00
fb_615b6bbb040c4f38,ev_1f428454884e4670,u_00583,1,,,2026-02-23T21:36:50.773251+00:00
fb_d8bf45747ea64f72,ev_f02c5d9c984e4827,u_00083,1,,,2026-02-11T01:02:15.783472+00:00
fb_4fa338dda8e04197,ev_f43f887bbf4c4c19,u_00025,1,,,2026-03-17T18:11:02.859776+00:00
fb_15b725e879454902,ev_3aa846f647a04443,u_00433,-1,,,2026-02-23T15:28:43.379121+00:00
fb_9488f25bc0d24818,ev_f0da44c729bf4f74,u_00644,-1,incomplete,,2026-04-02T11:49:45.486712+00:00
fb_50253ea6a92f4ec5,ev_c3d07dfdbda34164,u_00533,1,,,2026-02-16T05:40:31.620641+00:00
fb_fd43de86ee8747f9,ev_b000f0d9aa93466a,u_00388,2,,,2026-04-05T02:28:32.887878+00:00
fb_0064780ef8da452e,ev_524c94e39e1341af,u_00317,-1,hallucination,,2026-02-16T13:54:46.494210+00:00
fb_99aeb36b23d64431,ev_d1037270826f45b7,u_00439,1,,saved me 30 minutes,2026-02-15T17:22:48.026094+00:00
fb_85ae8e2879ff4ee0,ev_f97aec78209842a5,u_00290,-1,slow,,2026-03-03T03:50:23.278378+00:00
fb_adbee631b96c425d,ev_c2c2187a222f4f3c,u_00286,-1,hallucination,,2026-03-15T05:54:56.227936+00:00
fb_d64fac64521c4ccf,ev_352f0ace19134f2f,u_00156,1,,,2026-02-27T14:50:05.927377+00:00
fb_08cd144da3174e5b,ev_535303e3389e490e,u_00444,1,,,2026-02-20T09:54:14.027283+00:00
fb_201a4c1bc2ac4201,ev_9656c4bd53714fe3,u_00653,1,,,2026-02-19T06:21:57.667275+00:00
fb_47be68a287744d2d,ev_07b9e1d91ba64f79,u_00508,1,,,2026-03-23T16:34:38.992773+00:00
fb_dd9268c2106c441a,ev_49d271eb12ce4bcf,u_00398,1,,,2026-03-08T00:39:13.071027+00:00
fb_29753e72f11d4c44,ev_9b73cd97d0cb4d15,u_00627,-1,,too slow,2026-02-22T16:43:53.662536+00:00
fb_73d4f06cc7a049ea,ev_692a0fa194724d5d,u_00640,1,,,2026-02-09T07:03:29.738961+00:00
fb_c63d5af45e6b4d23,ev_bff90e6da80e40fd,u_00550,1,,,2026-03-07T14:58:13.409803+00:00
fb_b870952208534c0a,ev_851c764a15414d31,u_00185,1,,,2026-02-23T11:26:39.188036+00:00
fb_cf88dbd55fc44942,ev_375781cdae9d45f0,u_00636,1,,,2026-02-27T17:10:59.021926+00:00
fb_ed246e16f6724280,ev_d00f1c29c0904538,u_00366,-1,hallucination,,2026-03-23T04:20:41.536307+00:00
fb_13576f705c5e458d,ev_60492ed98a0540ef,u_00548,1,,,2026-03-17T16:21:57.211212+00:00
fb_65040f4bd8cd49e6,ev_88b589d1c3b9460b,u_00283,-1,slow,,2026-02-04T23:38:41.534350+00:00
fb_2eef3ee6605443ab,ev_e2ddff4786d44a3d,u_00488,1,,,2026-03-06T10:33:55.369178+00:00
fb_b816edb30b1f480d,ev_e2e2f4ec7c2549ca,u_00096,1,,,2026-03-10T15:06:31.346048+00:00
fb_2d06495ade994810,ev_75df7edd46cc4f36,u_00028,1,,,2026-02-17T16:24:37.500676+00:00
fb_805e80687ee244f6,ev_1ef081dd0a284f5c,u_00020,-1,hallucination,,2026-03-04T22:09:21.370415+00:00
fb_afd1719672f54f9e,ev_5d11dd9101ea4f65,u_00430,-1,wrong_answer,,2026-02-27T19:29:11.231222+00:00
fb_8e767cf211d94733,ev_030a7e5bbf454587,u_00387,-1,wrong_answer,,2026-02-20T06:50:03.994573+00:00
fb_9ffb67a23e714f95,ev_f77c87e1cdac4d70,u_00347,1,,,2026-02-08T08:25:03.469074+00:00
fb_f1eacbcbc6ce4a69,ev_b95a6029700f4b47,u_00469,-1,,,2026-03-18T11:16:52.134164+00:00
fb_d80666aff2c84b48,ev_15d9443bdf774c06,u_00098,1,,,2026-02-02T06:15:26.154508+00:00
fb_1c54f24314f44f4e,ev_3a82ab261bb24996,u_00624,1,,,2026-02-16T18:36:17.291696+00:00
fb_5409c40f6b004977,ev_bf806145e7d6444f,u_00170,1,,,2026-03-04T17:15:20.963259+00:00
fb_1d1de2701a814173,ev_4f871784ceef4f08,u_00101,1,,,2026-03-10T17:30:16.744400+00:00
fb_1e8e381f83774110,ev_ef3fa47a6ddc48c4,u_00341,1,,,2026-02-13T08:15:30.972518+00:00
fb_24e3ad0ad7f249db,ev_c18fe928550a44e0,u_00362,1,,,2026-02-10T02:24:10.168457+00:00
fb_52e60f857f5746af,ev_9540e9f3d8e6493d,u_00073,1,,,2026-03-26T21:21:25.128216+00:00
fb_5ecbb42cf51b4f09,ev_840856d2cfb24d56,u_00123,1,,,2026-02-10T04:33:40.045687+00:00
fb_fa2e4fb2a9934486,ev_b4c6d4c33668406d,u_00036,1,,,2026-03-30T09:47:54.965658+00:00
fb_ee4dd1064af64532,ev_db57209cfe604db0,u_00109,2,,,2026-02-21T12:15:44.233448+00:00
fb_26db9990fc4a4c2c,ev_cdea363ad226466d,u_00128,1,,,2026-02-04T19:12:10.453475+00:00
fb_53dde9d619aa4b70,ev_ce3e38a5f01d4a52,u_00415,1,,,2026-02-13T07:56:36.822098+00:00
fb_57e916de06af4330,ev_0bd788963dfc40f8,u_00044,-1,hallucination,,2026-03-15T18:27:02.270895+00:00
fb_14b2443a822d4b5e,ev_e17e70667dbc4cee,u_00271,1,,,2026-03-08T18:36:09.852099+00:00
fb_6a1bc3313a2242ba,ev_7e4c585942e749a4,u_00278,1,,,2026-03-16T00:18:47.885661+00:00
fb_928125300fc945f1,ev_a770275a6bef42fb,u_00590,1,,,2026-02-14T00:21:35.546188+00:00
fb_cb67cd0ecd594f2c,ev_2c6e79e095e846e5,u_00013,-1,incomplete,,2026-03-06T14:54:51.180744+00:00
fb_23d82195b00044b6,ev_0a94a8bc46214488,u_00143,-1,wrong_answer,,2026-03-15T09:56:03.357063+00:00
fb_60e07d07e2b44d1f,ev_bf1d074c926c492a,u_00410,1,,,2026-02-18T00:17:11.770080+00:00
fb_745daff2385c40b0,ev_6ab1b2d364894979,u_00218,1,,,2026-02-19T21:25:33.263199+00:00
fb_6d58c61195e54440,ev_d7f5cd0137fc41d2,u_00135,-1,wrong_answer,,2026-02-23T21:10:50.282672+00:00
fb_3177e2646c194730,ev_139e1dbdbaf14f54,u_00307,1,,,2026-02-13T14:41:40.695220+00:00
fb_c389619285064268,ev_d0b5c89e151b4c7d,u_00410,1,,,2026-03-20T12:16:53.288088+00:00
fb_8161248301534302,ev_9d7eb041c52245ac,u_00602,1,,,2026-04-08T12:12:28.174720+00:00
fb_317fdd909b294a4b,ev_14d7f37559514554,u_00005,2,,,2026-04-02T16:51:04.422784+00:00
fb_d5623c6023bc4d28,ev_5132861901ff427c,u_00391,1,,,2026-02-23T04:23:47.950171+00:00
fb_ab6e8bfe37a94655,ev_7c923f42e3b24fe5,u_00022,1,,,2026-03-23T22:19:18.069565+00:00
fb_b058fc2306e646cb,ev_617fa2e00f614f1b,u_00551,1,,,2026-02-12T02:20:57.425858+00:00
fb_59f18b1022cb4964,ev_c2e5b318818242d3,u_00646,-1,incomplete,,2026-03-10T14:33:45.336638+00:00
fb_dcafbdd2fc404c33,ev_693e071cbabb4bef,u_00129,1,,,2026-02-25T21:18:17.852158+00:00
fb_6a0b08e600a449a0,ev_97a233ee8ded4593,u_00617,1,,,2026-02-11T10:30:09.116309+00:00
fb_712be512e59c41e8,ev_c6872c3bcfe141e9,u_00220,1,,,2026-02-15T01:50:52.485281+00:00
fb_fabffab71e4c4820,ev_a1c315489ca7470b,u_00020,1,,,2026-02-21T20:25:12.091292+00:00
fb_059a7c1f5b594ab7,ev_268d6d320d124880,u_00145,1,,good citations,2026-03-17T13:26:06.691197+00:00
fb_ea009337bd5a4d18,ev_492fe6df7c1740bd,u_00036,1,,,2026-03-16T07:45:35.179908+00:00
fb_9bcee50fa64947ec,ev_542fcef5906e4dea,u_00348,1,,,2026-03-02T20:22:40.831878+00:00
fb_3f77a61b37994892,ev_2192b3f7ef794d61,u_00089,1,,,2026-02-27T03:36:11.921795+00:00
fb_cbef5f7e481b4af2,ev_14b6f035555d4ac7,u_00287,1,,,2026-02-15T18:18:21.622557+00:00
fb_fd8f82ebe3dc45a0,ev_485371653f064468,u_00147,-1,wrong_answer,,2026-02-21T23:26:40.869737+00:00
fb_ffd7f74eac584117,ev_17971f0581b54859,u_00324,1,,,2026-02-15T16:18:32.918497+00:00
fb_15b2dd15f1794dd1,ev_73b4418e7269433c,u_00620,1,,,2026-03-01T19:26:54.259345+00:00
fb_6311b0bc00124374,ev_ef6de7c8f0a84629,u_00363,-1,,,2026-03-20T04:39:41.316423+00:00
fb_bc47d5b88f0049dd,ev_92f545fec7844301,u_00684,-1,incomplete,,2026-04-11T08:20:12.989039+00:00
fb_398e59e74cca47a2,ev_9f790947802241b0,u_00387,-1,incomplete,,2026-03-13T06:46:36.892122+00:00
fb_9701540a81014aef,ev_8cd22ea421374d82,u_00254,1,,,2026-03-18T01:20:41.850520+00:00
fb_9062570a54d94a1c,ev_7b5a598d189942f0,u_00293,1,,,2026-03-19T04:44:38.385654+00:00
fb_6da0786336154a84,ev_bbf2466cf8884cd0,u_00044,1,,,2026-02-22T22:16:32.682864+00:00
fb_e423da723eb440b3,ev_1e8f2f3769ef4642,u_00360,-1,incomplete,,2026-03-26T12:13:39.086820+00:00
fb_e5694064ef244900,ev_cec4b2b3c2344fc3,u_00560,1,,,2026-03-21T03:53:23.045557+00:00
fb_2948befd0573424f,ev_1e93efe982e9460b,u_00551,1,,,2026-03-02T04:32:02.292575+00:00
fb_8f968f45171c4cf4,ev_e283aab794bd4c42,u_00513,-1,wrong_answer,,2026-03-21T11:44:51.136033+00:00
fb_614d90f7a5574459,ev_c70f8aaefb9f4533,u_00013,1,,,2026-03-21T05:14:35.728331+00:00
fb_b16b229b647d41ec,ev_8cf3497f8e724008,u_00170,1,,,2026-02-20T02:42:19.440480+00:00
fb_4b9b1a266c0b4d91,ev_995696a35cbb4621,u_00532,1,,,2026-02-16T11:24:32.090173+00:00
fb_7fd3d327a24946d2,ev_e7e785eedb0643ba,u_00639,-1,incomplete,not relevant to Italian law,2026-02-24T19:01:51.619987+00:00
fb_c634056aaf384840,ev_b2f9cf824c6f4bd9,u_00494,-1,wrong_answer,,2026-02-16T00:14:18.953949+00:00
fb_e39ee0c4448c43a3,ev_3c8f93474ff8461e,u_00074,-1,wrong_answer,too slow,2026-03-10T22:33:27.374034+00:00
fb_37f2115cecfa4e7e,ev_c37bed5b35ec4b70,u_00422,1,,,2026-02-26T22:27:32.110007+00:00
fb_fdff5577ff364d3e,ev_dca3945913594ce1,u_00071,1,,,2026-04-16T19:04:56.237369+00:00
fb_381139ae3a374fe8,ev_6b70b85a39384471,u_00066,1,,,2026-03-16T22:12:22.740899+00:00
fb_4ada63c61afd44aa,ev_f202c97e26af4984,u_00324,1,,,2026-02-27T06:53:34.539037+00:00
fb_9d712f25abba4cc5,ev_f3784e78babe4ae4,u_00188,1,,,2026-03-03T21:02:39.752344+00:00
fb_5759faeb9eca46cd,ev_8c6f169ac3664aae,u_00019,-1,wrong_answer,,2026-03-03T19:37:27.846902+00:00
fb_67a84bb0bdb04597,ev_3808c0dd1d2c4ddb,u_00511,-1,wrong_answer,not relevant to Italian law,2026-03-05T03:09:22.367227+00:00
fb_fa0289d92a364dfb,ev_c936fd02433e47d6,u_00113,-1,wrong_answer,,2026-03-11T20:41:11.219755+00:00
fb_f74f53763e1f456e,ev_aec8e682034c4cce,u_00073,1,,,2026-03-24T04:45:15.468696+00:00
fb_498c7e1e763e48d3,ev_77b06ab46bf24f44,u_00382,-1,wrong_answer,,2026-03-10T17:14:32.742171+00:00
fb_0a77cb5bfba741d6,ev_9e9c16b0d2f74277,u_00145,-1,other,,2026-03-01T01:20:40.235965+00:00
fb_f4b5ab741a6c4618,ev_c45b1586bc6345ae,u_00176,1,,,2026-04-06T17:46:00.133863+00:00
fb_93f88b29fe6b4664,ev_9e503a2ce3bb4a97,u_00266,-1,wrong_answer,,2026-03-20T02:22:14.245200+00:00
fb_294235a7568b484b,ev_c3879b1a082e43dd,u_00150,-1,slow,,2026-02-14T09:38:32.277736+00:00
fb_dce604323ef14e3c,ev_36e6c025512340cc,u_00152,1,,,2026-02-22T21:58:52.746804+00:00
fb_ab11b66303ba4226,ev_36448959440f480c,u_00131,1,,,2026-03-06T20:06:02.913490+00:00
fb_f35112ca6e45469e,ev_b91165ad02254048,u_00622,1,,,2026-03-10T19:48:03.704226+00:00
fb_8b0d6137795c4991,ev_8634e1c128684f3b,u_00342,-1,,,2026-02-12T23:07:03.796532+00:00
fb_76384739c29e4bfc,ev_1b47decbc2574079,u_00093,1,,,2026-03-01T18:50:51.740044+00:00
fb_708bd1de68c3420f,ev_cd0645ea7e7e4f3f,u_00097,-1,,too generic,2026-04-16T11:17:28.592047+00:00
fb_208a3f3083cf4d64,ev_0d96504f6a944919,u_00010,1,,,2026-02-12T07:18:59.874020+00:00
fb_fd573bf2771c4ad5,ev_544cdc80d02c4083,u_00404,1,,,2026-03-15T21:26:07.853153+00:00
fb_d3a54ee8269740ee,ev_93492f59536e4e14,u_00154,1,,,2026-02-19T01:42:51.842737+00:00
fb_3b3d0c5caed14e26,ev_3ca4ee9f115f4fc8,u_00099,1,,,2026-04-03T04:01:23.523785+00:00
fb_63736fcc135b4c19,ev_d10c866f2a1b4032,u_00271,1,,,2026-02-09T16:28:03.093335+00:00
fb_88a28eaeefc340df,ev_e763d7cf776a48b9,u_00118,1,,,2026-03-06T18:12:33.257916+00:00
fb_ea4babc682b9462c,ev_b01744a58bd74849,u_00122,1,,,2026-03-14T07:40:44.137712+00:00
fb_23113336955b4485,ev_bef09c3f3c5c4433,u_00367,1,,,2026-04-10T05:11:53.700653+00:00
fb_f83f0c9fcc0849e7,ev_6cc6d532247d4b47,u_00069,1,,,2026-04-05T06:22:33.773577+00:00
fb_5995f7d5fa52405a,ev_ea1d65a659df4ee3,u_00323,1,,,2026-03-05T05:56:06.316732+00:00
fb_e83057a009124668,ev_1fe986c34f1d4fe7,u_00028,-1,wrong_answer,,2026-02-14T16:16:59.873774+00:00
fb_41128fcb84d64e0c,ev_ac2398bdc6464be8,u_00233,1,,,2026-02-20T16:11:53.410448+00:00
fb_bcd1dda395c84c20,ev_c1db07b2d5884797,u_00179,-1,hallucination,,2026-02-21T00:35:07.458202+00:00
fb_b42040c0eac54216,ev_2d7771f897e34c68,u_00586,-1,incomplete,,2026-02-26T11:42:24.472788+00:00
fb_38622d8db5344bcd,ev_fad897f7f34f47ba,u_00034,1,,,2026-03-18T03:53:33.970211+00:00
fb_d9991e51b3014f2b,ev_c1c8917801214413,u_00612,1,,,2026-03-03T05:06:34.254156+00:00
fb_142ed39078ca4020,ev_bdb9a9ae3536415d,u_00171,-1,incomplete,,2026-02-14T17:54:48.770727+00:00
fb_7ce6499e33fa4153,ev_e89d741e4b574ce1,u_00314,1,,,2026-04-03T19:39:51.136148+00:00
fb_339775895d0641e2,ev_7422e6680ea0407b,u_00396,1,,,2026-03-06T00:18:32.639925+00:00
fb_7bf4f5e0d5574a84,ev_be40453533c74b0c,u_00547,-1,incomplete,,2026-02-20T00:07:55.858169+00:00
fb_8476e79bf0034d7e,ev_07942b84e86c4090,u_00267,1,,,2026-03-02T04:18:18.354168+00:00
fb_b67fa52cec3a41d6,ev_bc875ba25f4943c0,u_00677,1,,,2026-03-05T06:11:12.043945+00:00
fb_8a685c216ca54aee,ev_996e3f89a7e24537,u_00022,-1,incomplete,,2026-03-24T03:12:10.202530+00:00
fb_bd030fe5f9e04772,ev_232ca6e2aae244ec,u_00019,1,,,2026-03-01T17:54:35.927362+00:00
fb_0a8dd1d1479d485f,ev_a6887eece7ff4bf5,u_00032,1,,,2026-02-27T06:26:40.677611+00:00
fb_71544764e8ca46a6,ev_55d4107cd5934623,u_00627,-1,hallucination,,2026-02-22T10:41:35.416122+00:00
fb_1c1b44f5b86e4b7d,ev_5bcc2c2adc914cf8,u_00289,1,,,2026-03-23T07:02:55.758995+00:00
fb_cd57f1d981a345d9,ev_3c59185d82fe47d8,u_00147,1,,,2026-04-06T16:46:35.387644+00:00
fb_b738cf8b262840f8,ev_26677b9430aa4e6d,u_00158,-1,wrong_answer,,2026-03-14T02:38:57.605027+00:00
fb_0fc1bdea47ec457e,ev_647d73431b904b64,u_00282,1,,saved me 30 minutes,2026-04-03T18:35:22.480233+00:00
fb_ba53285825a44368,ev_85b3899a062540ad,u_00127,1,,,2026-03-17T15:13:21.267906+00:00
fb_215469142aee456f,ev_e92e3119b15a49ef,u_00413,1,,,2026-03-01T23:44:12.581837+00:00
fb_8445b30e1d7c433e,ev_e29c6c96e61d4153,u_00270,1,,,2026-03-31T20:00:52.482674+00:00
fb_5f2adeab4ece4495,ev_73970b665e974c18,u_00512,-1,incomplete,,2026-02-28T20:05:41.477343+00:00
fb_85469dbe1b6949e2,ev_03db0a9079ed4a56,u_00404,1,,,2026-02-15T03:29:04.481270+00:00
fb_d2d33ac14e934a24,ev_35e3c0966e464d1d,u_00103,-1,,,2026-03-03T14:01:50.796834+00:00
fb_8bfbd124d6394107,ev_1cf9ede217654ace,u_00341,1,,,2026-03-23T02:58:03.613283+00:00
fb_4c2296e1839d47d1,ev_3959310538be4060,u_00144,-1,other,,2026-02-15T10:36:24.662433+00:00
fb_9fdc54406f2c45a9,ev_84ac512140a74207,u_00652,1,,,2026-03-05T08:49:24.570992+00:00
fb_7cb4a73df5944fb9,ev_c0f4c1fe1f0f444b,u_00656,1,,,2026-02-03T09:49:46.423881+00:00
fb_7117da025a834f55,ev_5d0f1ed4524b4d96,u_00185,1,,saved me 30 minutes,2026-02-15T05:23:37.715015+00:00
fb_2c49026f3f104116,ev_d5d4dc1bb41b4bbc,u_00066,1,,,2026-04-04T21:36:04.031621+00:00
fb_d2aee4d52b454877,ev_0e815bc54a6b45f1,u_00601,-1,hallucination,,2026-04-05T00:28:52.822594+00:00
fb_075cc53a702641a3,ev_bb99582e9383410b,u_00616,-1,hallucination,,2026-02-19T06:48:09.957034+00:00
fb_77dc3ee854d644d0,ev_a2d1f692e1b947c2,u_00267,1,,,2026-03-04T13:18:44.048192+00:00
fb_24a111b1d5c9433f,ev_9cd6d65d4e454c15,u_00196,-1,hallucination,,2026-02-27T00:13:36.257322+00:00
fb_2f770ad7d79e448f,ev_af8defaddecc4048,u_00122,1,,,2026-02-23T17:12:52.216198+00:00
fb_03dbaa0d259b4e4e,ev_5e8af932d2d54ecb,u_00615,1,,,2026-03-10T17:18:27.712474+00:00
fb_84229a1162e14ae8,ev_b84eae2237f74c2f,u_00005,1,,,2026-02-04T07:03:33.349767+00:00
fb_4c5f9b206ae1403e,ev_25fbd6655da64bbb,u_00550,1,,,2026-03-15T21:08:07.495874+00:00
fb_9f95f2b6e2ca4094,ev_dc38f5b725814d8a,u_00172,-1,wrong_answer,,2026-02-12T18:04:44.397373+00:00
fb_f8768788631d4402,ev_a2567ed8ebb1485c,u_00202,1,,,2026-02-28T16:41:44.603723+00:00
fb_2e5bfb8d272d42ad,ev_8716e45824b04b7e,u_00623,1,,,2026-02-27T10:10:35.228581+00:00
fb_849406b20d444152,ev_0e8f392f86044c08,u_00663,-1,,,2026-04-10T05:42:14.128210+00:00
fb_568758e38b63487e,ev_651b2db022c14ef9,u_00650,-1,wrong_answer,,2026-02-25T20:09:52.651414+00:00
fb_027e1b9773354e35,ev_56ceb584fee54ddf,u_00462,1,,,2026-04-01T22:41:53.915663+00:00
fb_a8029948f7d14bcc,ev_e0a2d4464ac444a7,u_00267,1,,,2026-03-06T05:47:14.173453+00:00
fb_d5a4cbe0a33d4b3c,ev_9a748b363f1e45d5,u_00469,-1,wrong_answer,,2026-02-23T16:40:16.011814+00:00
fb_ec7f714c0a224567,ev_cb102b572a874b5f,u_00351,-1,,,2026-03-04T15:00:03.566040+00:00
fb_e1bf4fb463ca4ffa,ev_01480ba0378d407d,u_00354,1,,,2026-03-25T11:49:24.413948+00:00
fb_398207fcc13047ca,ev_37f6a618ffdf4bd9,u_00394,1,,,2026-02-03T22:19:15.211018+00:00
fb_45a4bcbebb344f8e,ev_2a2e08fc03bf4a94,u_00255,1,,,2026-03-01T20:31:59.832553+00:00
fb_459f6fb03c5940b9,ev_0b0d35deed6b45fd,u_00551,-1,,,2026-02-17T14:26:40.058319+00:00
fb_76796db9989d4a72,ev_77c4a238f6464c3e,u_00307,1,,,2026-02-14T21:33:12.457849+00:00
fb_2e5bc9e2b3754a7c,ev_0f32e83103b34884,u_00117,-1,other,,2026-03-15T04:43:10.903419+00:00
fb_541e684257f64afb,ev_8a5b85f6b36e46a1,u_00575,1,,,2026-02-07T08:24:51.371206+00:00
fb_69b256be2a3e44cc,ev_168870e7105f4008,u_00611,1,,,2026-03-12T08:14:38.334443+00:00
fb_9aa4d6f8fef14c33,ev_d7665ae110bd4bd9,u_00394,1,,,2026-03-22T04:17:47.446749+00:00
fb_28bfe3f4dc994bfe,ev_103648321ff94390,u_00233,1,,,2026-03-10T09:07:57.270911+00:00
fb_559c9bb36a9d46b2,ev_28c458bf5a6f4020,u_00620,1,,,2026-02-25T22:15:28.736975+00:00
fb_158f5812de0c476a,ev_7e16a2403f954353,u_00547,-1,incomplete,,2026-02-27T06:34:21.695254+00:00
fb_648548a5bd924bdf,ev_0b72b5c16fcf4d33,u_00528,1,,,2026-03-10T03:38:59.761423+00:00
fb_c29726ba6f384493,ev_3f3c61ee960d44af,u_00554,-1,wrong_answer,,2026-03-22T06:00:28.882432+00:00
fb_c2c6a4e013bd405a,ev_70a0e5ddaffd4dab,u_00326,1,,,2026-02-25T16:59:27.290230+00:00
fb_003b125c5cd94167,ev_dd7bb18044184edb,u_00062,-1,wrong_answer,too slow,2026-03-01T16:49:04.720459+00:00
fb_67412a628c2c4d3a,ev_b2644fc1649649ef,u_00318,1,,,2026-03-06T04:36:29.971383+00:00
fb_e839122add524194,ev_cd73b3bb144040aa,u_00656,-1,,,2026-03-26T18:06:36.693804+00:00
fb_29a32dd9b60e4a05,ev_150d0c4f86ad468b,u_00082,1,,,2026-03-15T20:00:12.934109+00:00
fb_fc45bc89fac64222,ev_77030a43a00d4601,u_00516,-1,incomplete,too slow,2026-02-24T11:55:13.638360+00:00
fb_25aec9007f5647d5,ev_9c6c4a6f42394c89,u_00518,1,,,2026-03-20T10:49:42.139274+00:00
fb_eaabe1bcf78c402d,ev_b63bfc73494e4c79,u_00540,1,,,2026-03-14T09:29:51.836036+00:00
fb_ee65a1a448c04bcf,ev_fbf6d98026144d30,u_00052,-1,wrong_answer,,2026-03-16T06:28:00.247901+00:00
fb_f8e6e43003f94cf0,ev_f867f7447ed84ea9,u_00351,1,,,2026-02-23T08:04:15.966715+00:00
fb_5dac124d1db9413b,ev_badd48d42d754a08,u_00557,1,,perfect!,2026-02-09T09:42:10.103265+00:00
fb_b32799e8070844b9,ev_52859b60b07e485e,u_00060,1,,,2026-03-01T16:01:07.814060+00:00
fb_0816b53b22df4ece,ev_ebd7236e012d4ddc,u_00523,1,,,2026-03-23T15:05:26.194105+00:00
fb_954307bcdab84a8e,ev_fb960f092d2b434f,u_00337,1,,,2026-04-01T07:30:28.336954+00:00
fb_6a424cded4cd4375,ev_a7e3d16f9a014f2e,u_00164,1,,,2026-02-11T17:30:31.563518+00:00
fb_30a04655970c4f25,ev_768ee08a65a44d13,u_00674,1,,,2026-03-07T19:52:59.549299+00:00
fb_15356a28894947d5,ev_053bbdb9199648bf,u_00367,1,,,2026-02-17T19:32:07.815143+00:00
fb_2f4923d16ac74f02,ev_c2c29dcae89c4c8a,u_00427,1,,,2026-03-26T15:47:18.924078+00:00
fb_4b19e8e8ddd243bd,ev_9cda2f85d2b6497b,u_00613,-1,,answer was wrong,2026-02-08T00:58:37.934392+00:00
fb_cc90a0dc406a4c38,ev_4c5bb0be876e4d6a,u_00095,1,,,2026-03-20T14:43:16.602456+00:00
fb_790bb87566364c54,ev_f392a4e753e64055,u_00344,1,,,2026-02-19T15:58:32.956152+00:00
fb_f5749e9fb0f440f3,ev_d7b29f7cd8e84c6b,u_00321,1,,,2026-02-23T22:54:32.434676+00:00
fb_371070eec2a54dca,ev_1835ea84cc754503,u_00388,1,,,2026-02-13T18:39:22.501416+00:00
fb_49354a58f78c4c16,ev_1a0302377df84118,u_00556,1,,,2026-03-25T00:09:40.703025+00:00
fb_7cb79f6fab0f4d09,ev_3ef36bdf938f4028,u_00101,1,,,2026-02-04T17:22:51.335112+00:00
fb_263c9e4a87604da9,ev_e2412b550d8741dc_orphan,u_00418,1,,,2026-04-13T00:00:00+00:00
fb_930f153f0df743a9,ev_264409d3425045cc,u_00193,-1,,,2026-03-08T11:49:04.313014+00:00
fb_560f30835c5a4023,ev_18fe3fe2ba734e24,u_00161,-1,wrong_answer,,2026-02-23T02:50:39.813171+00:00
fb_feab4279afde4328,ev_5484f90842264b4f,u_00185,-1,,,2026-03-02T02:04:13.110578+00:00
fb_d374d20031d844b9,ev_5d9feb3d41094b9a,u_00265,1,,,2026-02-13T08:23:57.232674+00:00
fb_5673472878ff4d1d,ev_aacec88923d84daf,u_00008,1,,,2026-02-14T23:42:09.253708+00:00
fb_10fd61cbae9f4b60,ev_a742080a0f724fe4,u_00365,1,,,2026-03-23T06:00:25.950116+00:00
fb_a27d3436d91b4ec2,ev_28931976c82e411c,u_00675,1,,,2026-02-06T15:05:29.393586+00:00
fb_396a186e5974486a,ev_9e5d40ba35d641e9,u_00681,-1,,,2026-03-29T23:12:41.953328+00:00
fb_983a821430d44075,ev_ae55baaf0cd847d5,u_00294,1,,,2026-02-17T18:55:24.682581+00:00
fb_48d0b43a13144ad4,ev_78c4b7f6b04448a6_orphan,u_00014,1,,,2026-04-07T00:00:00+00:00
fb_2ae4bd16ffbc441e,ev_54df122370b64ee6,u_00277,1,,,2026-02-11T08:33:59.879374+00:00
fb_3ed05da7d13e4e4c,ev_dc7a58d3867148f2,u_00418,1,,,2026-03-19T09:28:00.060304+00:00
fb_5f805299cbe6446f,ev_a6128860396b4ef3,u_00196,1,,,2026-03-05T09:44:57.242644+00:00
fb_39ef961ef0204bd6,ev_088f3046cfa44c84,u_00120,1,,,2026-02-21T21:33:11.806331+00:00
fb_be1c435512ca4d15,ev_f65cc0cf48084a60,u_00206,1,,,2026-03-16T21:34:26.780794+00:00
fb_b0e98366ace84810,ev_1f672dc9ab7c4c26,u_00405,1,,,2026-03-01T10:01:53.254908+00:00
fb_e474cc2b06914fda,ev_770a10b95acf4c6e_orphan,u_00677,-1,other,,2026-03-30T00:00:00+00:00
fb_31d97f0e6fc54b2d,ev_65e6f2af0c064ade,u_00150,-1,wrong_answer,,2026-02-28T02:47:04.809198+00:00
fb_a93bb675351c48bf,ev_aeef375e82714bfc,u_00123,1,,,2026-02-11T16:57:27.516852+00:00
fb_42cf0904017a4a4c,ev_9ac12ee346aa4db3,u_00271,1,,saved me 30 minutes,2026-03-18T07:07:25.630790+00:00
fb_6838bb004b494253,ev_242bab4b70644df8,u_00565,-1,wrong_answer,,2026-03-01T18:43:08.639778+00:00
fb_08f5153d208e4a9c,ev_317133f188ba44de,u_00292,1,,,2026-03-07T11:33:25.470939+00:00
fb_9e88684c224442b2,ev_9536f3189503484d,u_00552,1,,good citations,2026-03-20T07:34:29.978020+00:00
fb_1b733e400e574d01,ev_e1cfef9a774740e1,u_00347,1,,,2026-02-22T20:29:09.443786+00:00
fb_f141b9feaaca4a36,ev_73428a60f7b747f4,u_00108,1,,,2026-02-16T17:36:22.590653+00:00
fb_562e9a2cf7554293,ev_102bf7e665334f8c,u_00234,1,,,2026-03-26T19:43:51.571606+00:00
fb_4ecf8e09d6934060,ev_7200e3a685d945eb,u_00273,1,,,2026-02-23T15:40:04.543642+00:00
fb_4799dce554fd4354,ev_9e6cb716e2914462,u_00347,1,,,2026-03-23T02:28:25.744183+00:00
fb_3dfcf19f55f1446f,ev_e006c26b32aa47d1,u_00281,1,,,2026-03-11T10:43:31.063906+00:00
fb_c938d93019084337,ev_50845c2e94cf4542,u_00426,1,,,2026-03-21T00:42:44.169874+00:00
fb_ab07d158c6a14c15,ev_d169a4420de84599,u_00036,-1,incomplete,incomplete response,2026-02-09T16:05:50.770988+00:00
fb_3ff5ef0c7b874deb,ev_84b4020cefcc4501,u_00420,-1,,,2026-03-01T01:06:06.188866+00:00
fb_d145aad947f54688,ev_505e7cf731ba45d3,u_00369,-1,,,2026-03-05T08:40:13.599740+00:00
fb_cd13b65e785e4ee3,ev_1afe0753cfa94e72,u_00069,1,,,2026-04-11T05:19:19.029005+00:00
fb_6cf315a9b2bc45e2,ev_90467821b4284470,u_00552,-1,hallucination,answer was wrong,2026-02-27T15:57:16.892634+00:00
fb_4274dc0a951e4a19,ev_795a815874764938,u_00148,-1,incomplete,,2026-02-18T04:34:04.825267+00:00
fb_bd6a02a3f3774397,ev_5cbb8de9462f4323,u_00394,-1,incomplete,,2026-03-27T07:56:51.989802+00:00
fb_1789695b0ff74642,ev_dfdd1af86d664e25,u_00331,1,,,2026-02-10T11:34:52.580167+00:00
fb_ed2f9a09e99c437e,ev_6126784a399c433c,u_00028,1,,,2026-03-28T07:41:09.363915+00:00
fb_458b069d16d34f8f,ev_5b89e7afde494673,u_00361,1,,,2026-03-14T20:55:49.668312+00:00
fb_49ff23a6603e47c7,ev_04ba13edb7194452,u_00165,1,,,2026-02-14T20:19:15.403831+00:00
fb_357e4d0a03514417,ev_969c7eb3ae8449b6,u_00349,-1,wrong_answer,,2026-03-08T12:50:35.734692+00:00
fb_b414b20621b64961,ev_5ff881c976054a36,u_00263,1,,,2026-02-04T16:06:00.777079+00:00
fb_121501eb5bdb4ac7,ev_d6fc5c37fc334bd5,u_00147,1,,,2026-03-16T03:03:17.212487+00:00
fb_0861757e44d545d3,ev_36f588a9bb9245f7,u_00068,1,,,2026-04-03T16:13:40.545063+00:00
fb_f6efbb43f6614fc2,ev_f15805f429e94848,u_00100,1,,,2026-02-24T06:55:21.175613+00:00
fb_6fd5b3c33ace42b2,ev_f81d7d3565bf4322,u_00314,1,,,2026-02-25T08:37:08.058759+00:00
fb_e368cc9f65b44aa9,ev_293a63a556fd46c7,u_00076,1,,,2026-04-10T07:49:33.696423+00:00
fb_37fd72a53d494b3b,ev_a36bc4987372459a,u_00559,-1,,,2026-03-21T15:14:05.955052+00:00
fb_5d65df00695e4c07,ev_fb98ae42b7e84e1a,u_00286,1,,,2026-03-03T08:31:09.778936+00:00
fb_f880117e09744502,ev_5539598c7a9c419d,u_00573,-1,wrong_answer,,2026-03-28T15:43:45.127534+00:00
fb_37e95369bb4c4bc3,ev_98a0fd2299574fe6,u_00596,-1,slow,,2026-02-27T19:20:07.255825+00:00
fb_2be50cf5cb214b43,ev_e52e68cf0f584ff8,u_00032,1,,,2026-02-23T14:02:50.971863+00:00
fb_cfc6ffb39a0f414e,ev_01f1ca2106ad4087,u_00128,-1,wrong_answer,,2026-02-18T11:32:31.097047+00:00
fb_afffb94d9bf74e05,ev_7c38353c73b14bd2,u_00587,1,,,2026-02-26T02:52:09.891245+00:00
fb_a1e54fee5ce4414e,ev_5683725691eb402a,u_00070,-1,hallucination,,2026-02-25T04:40:11.729388+00:00
fb_8c41b88fdcbc4466,ev_2ec60fec1eff4217,u_00037,1,,,2026-02-16T20:26:06.985890+00:00
fb_49f20682b63d42de,ev_ab7c7084bb62415d,u_00180,1,,,2026-03-17T18:37:46.065428+00:00
fb_ee2086d62ca244ea,ev_96098011eb754dde,u_00332,1,,,2026-03-04T16:11:45.687296+00:00
fb_d34a9c5fc78f4ad3,ev_de7b251bedf14d95,u_00325,1,,,2026-02-16T02:07:21.381118+00:00
fb_71661ac8a67d4339,ev_bc017496067a490c,u_00115,1,,,2026-04-03T02:31:35.667712+00:00
fb_940770ea1d51415b,ev_46f91481d1d54ef4,u_00650,-1,hallucination,,2026-04-14T08:51:20.376184+00:00
fb_a70da243630e4051,ev_2a418db8cd8142c6,u_00221,1,,,2026-02-17T16:05:28.259423+00:00
fb_f1a712bad9c3412a,ev_0a9618b81fe34539,u_00116,1,,,2026-03-10T06:09:16.916376+00:00
fb_553e2cedecbd46b3,ev_38230fa9857d45b4_orphan,u_00191,1,,,2026-02-22T00:00:00+00:00
fb_3582ea72081b4f67,ev_2a7fdd01475e40b0,u_00287,-1,wrong_answer,too generic,2026-02-20T00:42:30.332614+00:00
fb_2e0cb7a3c21a40ac,ev_7228e24a082443ff,u_00390,1,,,2026-03-05T19:42:19.161787+00:00
fb_a1cacf4027724553,ev_d981727250d246e5,u_00042,1,,,2026-02-22T09:03:14.337376+00:00
fb_e92136ce3f234646,ev_6c066361f7cb4e07,u_00155,1,,,2026-03-16T14:04:26.183554+00:00
fb_a8f138d1607d47e7,ev_211c1ea398de4c84,u_00682,1,,,2026-02-22T04:25:04.782546+00:00
fb_f9e49684139f4189,ev_6f4f93b302cd4b6c,u_00098,-1,wrong_answer,,2026-03-11T12:34:35.699781+00:00
fb_ce6ccb97eb8c4bc1,ev_b7a83b60b3204374,u_00580,1,,,2026-02-18T22:39:45.506728+00:00
fb_e46959ae202e4c0e,ev_36f8782b7579455d,u_00554,1,,,2026-02-26T16:56:03.425691+00:00
fb_d478320231be46a3,ev_a76fce0c61af4c31,u_00012,1,,saved me 30 minutes,2026-02-28T11:04:47.648509+00:00
fb_c562d0c534a540d5,ev_64ebc9a58977430c,u_00550,-1,incomplete,,2026-02-23T12:02:24.119033+00:00
fb_95beb67479844884,ev_ffcbd487e54048b1,u_00488,1,,,2026-03-15T00:33:39.564508+00:00
fb_62992e494e1d4935,ev_b35d97264f1a44ce,u_00425,-1,,,2026-04-03T08:29:52.933511+00:00
fb_6f705072985d4fa5,ev_c325aa91e9114705,u_00155,-1,hallucination,,2026-02-12T23:08:06.982621+00:00
fb_6f8525ecfdda42d2,ev_e005896de3184cba,u_00134,1,,,2026-02-14T20:14:47.649734+00:00
fb_667500a393c049ea,ev_3af513b9d5dd4283,u_00280,1,,,2026-02-23T10:29:52.960370+00:00
fb_d30e29708b0f408f,ev_46abd54bfea74e7c,u_00073,-1,incomplete,,2026-02-24T15:44:43.100198+00:00
fb_2439a62b911d4a2a,ev_79374ced71204b5b,u_00057,-1,wrong_answer,,2026-04-16T18:30:24.386368+00:00
fb_73f2d0f337df4f4c,ev_a55ce875d05e49e3,u_00617,1,,good citations,2026-03-09T21:45:06.684107+00:00
fb_2cf3b24605bf4711,ev_59a1c8cd8c8c4bcb,u_00284,1,,,2026-03-01T14:32:17.919787+00:00
fb_981e4c5a9e764460,ev_70e1839f59c4419b,u_00117,1,,,2026-03-05T06:07:15.343138+00:00
fb_41cdaa8a14c44a70,ev_b6b416f56f5844a9,u_00041,1,,,2026-02-24T23:55:25.021938+00:00
fb_2d28658804a54f9a,ev_df572606080f44a0,u_00028,1,,,2026-04-13T21:24:36.428084+00:00
fb_5773051ee9384d45,ev_d98c46db2fd4444e,u_00066,1,,,2026-04-04T14:53:06.091698+00:00
fb_455e83f13f914624,ev_db2d54aa6bcf4fb7,u_00427,1,,,2026-03-08T07:54:03.126973+00:00
fb_705d7c771dbc4fbc,ev_9e48c7335efb4ad8,u_00405,-1,incomplete,,2026-04-04T14:31:40.377624+00:00
fb_ce9ff8c16c2e4621,ev_696527319f7e4096,u_00123,1,,,2026-02-28T02:08:23.236722+00:00
fb_fa847d09ebdc4d0a,ev_0c3aca102ef44769,u_00685,-1,,,2026-02-28T20:03:54.903132+00:00
fb_7c99185382b646a6,ev_c47ae0cdc8af478c,u_00657,1,,,2026-02-26T21:00:45.713322+00:00
fb_bb0c098df7774027,ev_0ec9849b4fc842df,u_00659,1,,,2026-03-03T07:27:06.068323+00:00
fb_3104f1cd937b49fc,ev_c19697e622574412,u_00151,1,,,2026-03-09T05:54:31.652329+00:00
fb_a476340ac12d4385,ev_1cd08bdc45784e89,u_00264,1,,,2026-02-24T12:29:06.863568+00:00
fb_25739b2a232b4c2c,ev_2ee4d79835b64f4b,u_00293,1,,,2026-03-07T12:48:10.941931+00:00
fb_42df66e7ca114bb3,ev_90116a50b8944aaf,u_00357,1,,,2026-03-21T05:32:17.475869+00:00
fb_4d9680e7a5dd4e40,ev_ccd6546bb9344538,u_00625,1,,,2026-02-23T01:41:42.272261+00:00
fb_2705090892af413f,ev_2d36d32c39b545bd,u_00541,1,,,2026-03-17T11:03:09.867979+00:00
fb_c02d4ce5086c4d0a,ev_e1e2b2208a81434d,u_00173,-1,wrong_answer,,2026-02-20T08:04:05.273737+00:00
fb_1b2047c9cee948bd,ev_d40855ed40dc4646,u_00507,-1,other,,2026-03-23T05:22:07.836532+00:00
fb_1d7383159bc54e31,ev_bf49512f221448c2,u_00170,1,,,2026-02-11T03:03:27.173898+00:00
fb_3e25a3518332489b,ev_ed5afdae094641f7,u_00321,1,,,2026-02-20T16:44:05.661493+00:00
fb_04405df2b47346d3,ev_275dfc600eb74d19,u_00559,-1,,,2026-02-28T07:58:58.638171+00:00
fb_eca2aa5964fe49db,ev_4e4b43dc7e774ae3,u_00201,1,,,2026-02-24T00:17:01.356140+00:00
fb_294bda6466e7435e,ev_8350f56632a3467d_orphan,u_00371,-1,other,,2026-03-06T00:00:00+00:00
fb_8585f4fd64bc4063,ev_908e515258de4230,u_00203,1,,good citations,2026-02-02T15:39:40.712811+00:00
fb_a53ced75c0e84c90,ev_25bc446f7370416f,u_00075,1,,,2026-02-19T23:43:47.405130+00:00
fb_1c7ede6c6aad46e2,ev_c713b20d720d465d,u_00130,1,,,2026-04-08T09:08:37.404044+00:00
fb_7d759caed99247fb,ev_82e813b1d6304bbd,u_00203,1,,,2026-02-09T20:20:23.850264+00:00
fb_dbb21319426e4a86,ev_2ee674f2225049b7,u_00610,-1,wrong_answer,too slow,2026-02-04T18:53:03.239065+00:00
fb_7840a3c2b26b4776,ev_324c28b9f9a84dcc,u_00345,1,,,2026-02-28T18:22:08.290018+00:00
fb_719339bbf4a44e25,ev_fe8fb72c9fcf464f,u_00316,-1,slow,,2026-02-22T03:47:03.966003+00:00
fb_4be0136c4e9a4853,ev_950e1c0257224d2a,u_00295,1,,,2026-03-07T11:57:02.507800+00:00
fb_ca8da5a67cc845de,ev_f82ad35f41c34c28,u_00125,1,,,2026-02-19T06:07:19.426120+00:00
fb_cbbc6ee20cee412c,ev_322cf1e4b9a046fc,u_00396,1,,,2026-03-05T01:55:43.628111+00:00
fb_1ba57bf1cb95498f,ev_81b31e0a098949d7,u_00326,1,,,2026-02-14T03:52:32.471020+00:00
fb_1f677f3f5d2142a3,ev_151d3ebda59548fd,u_00317,-1,hallucination,,2026-02-13T17:40:31.210935+00:00
fb_efdda69fc0ca4619,ev_b0d01f48be854e20,u_00090,1,,,2026-03-01T12:38:34.853098+00:00
fb_1f8a3d947e6c406e,ev_4a596d518e424aba,u_00637,1,,,2026-02-14T09:09:57.014628+00:00
fb_dda1990f03ed4413,ev_7be13b98b8114efb,u_00293,1,,,2026-02-21T19:24:24.489387+00:00
fb_31ad03578c05462a,ev_a9d5fdf179754b1a,u_00509,-1,,,2026-02-13T08:16:01.543674+00:00
fb_154c9ebdb1d8467b,ev_8e969d5db4ac4aaf,u_00325,-1,wrong_answer,,2026-02-28T02:49:24.927647+00:00
fb_4eeabafef19c4224,ev_dbd3f555c1b148da,u_00198,-1,slow,,2026-03-18T16:12:40.787647+00:00
fb_8f51c6247f2c4b72,ev_bca7a2997aec4fed,u_00384,1,,,2026-02-15T19:30:40.280847+00:00
fb_3b00366cff9b432e,ev_f5866a3017c149d1,u_00034,-1,,,2026-02-02T23:07:09.714785+00:00
fb_140bceea0b314128,ev_7680c9cb8db24a4f,u_00429,-1,wrong_answer,,2026-03-29T07:11:12.466629+00:00
fb_1607c731be4d4796,ev_8b3d9a6ceeff4144,u_00316,-1,slow,,2026-04-03T15:33:56.636091+00:00
fb_987b621f4a1a457b,ev_e6d073738b7242d0,u_00297,-1,other,,2026-02-25T07:58:00.671603+00:00
fb_b018a99872c6478a,ev_78bd2ac8079c4b11,u_00060,1,,,2026-02-23T06:53:05.114504+00:00
fb_7d35302595364d34,ev_7bca987080d14f97,u_00295,-1,slow,,2026-02-06T20:06:39.363353+00:00
fb_43963c64077248be,ev_489e07b3613548c0,u_00466,1,,saved me 30 minutes,2026-02-26T11:42:14.957921+00:00
fb_7e280b6e9a5e47df,ev_fe0713d45b2c45ef,u_00346,-2,,,2026-04-05T07:39:22.451771+00:00
fb_33552b6ad116425f,ev_7b7fd56765384927,u_00169,1,,,2026-02-03T07:59:42.760423+00:00
fb_530ba2ff5f5d433d,ev_e3ca27edb56a4161,u_00007,1,,,2026-02-09T02:25:38.667537+00:00
fb_9a8aecb662cb4fd0,ev_c9a899b2e94f4323,u_00238,1,,,2026-02-12T13:30:00.702894+00:00
fb_38b57c2a747b4422,ev_81ad7cbed2a94ed3,u_00575,1,,,2026-02-19T20:25:54.985571+00:00
fb_005a0d24477c478e,ev_247439b1f5b947af,u_00364,1,,,2026-03-05T07:15:42.646727+00:00
fb_375b51ddd26944fd,ev_c20aa313a5194d55,u_00030,1,,,2026-02-13T07:22:08.662718+00:00
fb_a9f171f0ee92406c,ev_3bdaecf08b7a459f,u_00624,1,,,2026-03-20T16:58:11.276088+00:00
fb_de3dcd5522a844da,ev_05e99925fc1748e4,u_00324,-1,incomplete,,2026-02-09T10:17:28.457067+00:00
fb_6f0a5bcc6eea40c0,ev_4dadec8b8fbc4c76,u_00137,-1,wrong_answer,,2026-02-18T23:13:00.083576+00:00
fb_6b9384f3b3c2451c,ev_de4967e71a01458d,u_00315,1,,,2026-03-31T23:23:16.926337+00:00
fb_690376013b9b4b25,ev_c912a8d1ccb749ce,u_00105,1,,,2026-03-19T20:08:44.654674+00:00
fb_c0dfdda0fe90443b,ev_62df294bac3e47eb,u_00491,-1,wrong_answer,,2026-03-03T18:52:32.088767+00:00
fb_abfd5221fd924cbd,ev_ba43b338aec54b31,u_00565,1,,,2026-02-26T04:15:42.668976+00:00
fb_00526de25dc34339,ev_66f6baa9040f4d73,u_00307,1,,,2026-04-11T17:39:47.676859+00:00
fb_73b8fdeccce54988,ev_537750a04da54c92,u_00398,-1,other,,2026-02-10T18:40:27.254709+00:00
fb_9db7af132cc6494b,ev_0b7c806b19f944a2,u_00129,1,,,2026-04-12T03:48:21.810297+00:00
fb_46dd57056ca34fcd,ev_2d6cb44028704d77,u_00153,1,,,2026-02-15T05:53:19.665544+00:00
fb_941378c9156f499f,ev_1231522ff6544838,u_00028,1,,,2026-02-16T11:48:59.475315+00:00
fb_8cacc56cae9947cf,ev_bba1974f08ac451f,u_00603,1,,,2026-02-27T19:58:44.147254+00:00
fb_2515e58cefa84d47,ev_df6e7f03bf534e71,u_00360,1,,,2026-02-22T20:58:25.053132+00:00
fb_55b7ad82ffac4942,ev_07869bba5dfe4398,u_00602,1,,,2026-02-16T20:38:46.650314+00:00
fb_76ac00d942da437f,ev_65329aea89c045a3,u_00263,-1,,,2026-02-10T16:57:00.014838+00:00
fb_281fee02fb094bdd,ev_1f6ecbe8b5e24fb8_orphan,u_00227,-1,other,,2026-03-05T00:00:00+00:00
fb_e9317b8aa45141d0,ev_42f36fc6574147cc,u_00251,-1,wrong_answer,,2026-02-17T02:38:52.665666+00:00
fb_3fa531b117e341e3,ev_8d7b2b2c1be54dbe,u_00261,1,,,2026-02-19T06:22:07.991522+00:00
fb_1e906412342e4ceb,ev_9659bceb13014886,u_00184,1,,,2026-02-10T08:08:15.488700+00:00
fb_169c3964071d4ac1,ev_ff9c1e1894614d1d,u_00320,1,,,2026-02-10T12:00:55.951705+00:00
fb_b8ac4463e0eb4a98,ev_94ca1cbe6c634b67,u_00398,-1,slow,,2026-02-22T04:02:17.109322+00:00
fb_8bc1414963b9453a,ev_a143196ba9f940da,u_00289,-1,incomplete,,2026-04-09T21:44:16.271374+00:00
fb_27735e8a679d42bd,ev_9a06f71bcf304dcb,u_00652,1,,,2026-03-09T15:06:13.551829+00:00
fb_6593f794643b443a,ev_dff0752d8efb49b9,u_00180,1,,,2026-04-05T18:03:45.931722+00:00
fb_e02ec2b8d7754f93,ev_52ac4436b6d04239,u_00562,1,,,2026-03-02T21:21:12.098531+00:00
fb_85d6f1123253422a,ev_f5b478c7af3c442b,u_00373,-1,wrong_answer,answer was wrong,2026-04-11T01:49:14.002972+00:00
fb_29a19d433e534b26,ev_37566fab3c2c43a7,u_00146,1,,,2026-02-28T01:07:24.368486+00:00
fb_5f1c9f6149af4f33,ev_112d974e03784a4b,u_00385,1,,,2026-02-19T02:01:46.419160+00:00
fb_35683cc1194e4839,ev_7f425f2abe1545f3,u_00020,1,,,2026-02-20T12:49:55.762668+00:00
fb_763a8b186e844e79,ev_46c6ff28f202448d,u_00103,1,,,2026-03-04T23:19:07.733807+00:00
fb_0608d4120ce8449e,ev_6a135df369c640cc,u_00130,-1,slow,hallucinated a case,2026-02-18T06:10:03.287173+00:00
fb_52c454adb88247df,ev_a15b543dddc54c57,u_00486,1,,,2026-02-16T11:59:36.385199+00:00
fb_a13b0e4d1f8c4683,ev_88be726feb8d4d6e,u_00314,-1,slow,,2026-02-06T07:49:07.452196+00:00
fb_0ae10af2946e4f63,ev_0e02492089954aa1,u_00115,1,,,2026-02-13T10:37:22.594954+00:00
fb_fd9b32cf8b29498b,ev_fe776c48aa32484d,u_00100,1,,,2026-03-16T11:33:35.107079+00:00
fb_17211d9116cc41da,ev_fcead1ae90164930,u_00640,1,,,2026-02-24T16:34:56.252586+00:00
fb_aa5d0bbeb547449b,ev_b6a168640fc54995,u_00345,1,,good citations,2026-02-11T10:30:27.910241+00:00
fb_89a6206b0e764fc2,ev_698c84d622be4351,u_00239,1,,,2026-03-21T01:45:37.775937+00:00
fb_3733c613d26841eb,ev_e832eb447c0d4f78,u_00399,1,,,2026-03-14T23:51:33.142219+00:00
fb_a95a16aaff1d4d67,ev_66de4303cc484421,u_00644,1,,,2026-02-13T15:26:38.804326+00:00
fb_6b9ec053b5594475,ev_26b99d1fa1c34e7d,u_00189,1,,good citations,2026-03-28T04:47:28.373019+00:00
fb_99328746e5fd4c65,ev_95161154985245ad,u_00643,1,,,2026-03-21T06:06:57.955894+00:00
fb_274d6723261a4e86,ev_af415cc163ac492c,u_00394,1,,,2026-02-21T01:39:07.128849+00:00
fb_37d066176aea4f3e,ev_b0db43db6eaf47b8,u_00333,1,,,2026-02-09T10:07:54.598688+00:00
fb_01ee369fad014dde,ev_805e019a491a4605,u_00607,1,,,2026-03-21T06:50:17.141974+00:00
fb_b501fea143524d75,ev_8835f4e08a4b4aaf,u_00195,-1,wrong_answer,,2026-04-01T02:37:31.084692+00:00
fb_ac849dbbd73e420b,ev_27907d32d7b44952,u_00294,-1,hallucination,,2026-03-06T20:06:05.569302+00:00
fb_ddfeda2203904ded,ev_bb619a935bf94483,u_00172,1,,,2026-03-03T14:01:52.734483+00:00
fb_0d5352d4c3454dbd,ev_3f446fcdfe1f4058,u_00084,1,,,2026-02-02T11:39:26.492137+00:00
fb_a138067bac114762,ev_36defd2fd47446b3,u_00021,-1,,,2026-02-21T23:07:58.304593+00:00
fb_260b6bb8d9a245c8,ev_d73f59f37305478d,u_00614,1,,,2026-02-05T13:16:26.009642+00:00
fb_62e6a1f142454da6,ev_577a093589764da4,u_00071,1,,,2026-04-05T09:23:45.591959+00:00
fb_255f56cfeec743fe,ev_d4d7afc40c414cb1,u_00530,1,,,2026-03-11T00:51:36.942110+00:00
fb_178dfff605dc48bb,ev_cca49aee35e1443a,u_00276,1,,,2026-03-01T23:13:27.276175+00:00
fb_119b19760f664268,ev_d897139152b94e5b,u_00208,1,,,2026-03-09T13:32:33.851714+00:00
fb_83547a3efc264782,ev_245d0c1b7b144c99,u_00102,-1,wrong_answer,,2026-04-06T00:49:59.141912+00:00
fb_82b48f18b7934187,ev_415f2dda44f944e8,u_00597,1,,,2026-04-11T10:23:02.410301+00:00
fb_99573b6c8ff6409f,ev_e5906a0ec2e1458b,u_00269,1,,,2026-03-13T12:17:51.541963+00:00
fb_be19a3d6bfea42f3,ev_6cd5dc1ab025407f,u_00362,1,,,2026-03-15T15:22:53.285600+00:00
fb_60991334dbe04a53,ev_59cd0a3f31a84f45,u_00326,1,,,2026-02-27T09:58:44.833395+00:00
fb_618df624364e487f,ev_e175e6bf705d49ed,u_00287,1,,,2026-02-25T09:05:21.166913+00:00
fb_885baae9c42449da,ev_28d30c8a1e3a4731,u_00462,0,,,2026-02-11T16:01:39.242907+00:00
fb_cbd731e0b4764f78,ev_4e3e25f64e7f4aa2,u_00544,1,,,2026-02-09T20:52:48.217502+00:00
fb_5ab5f297026141ae,ev_e835919038f04312,u_00381,-1,incomplete,,2026-03-08T22:38:53.415775+00:00
fb_16b00bedad4a41e9,ev_d74fce71b9364bf1,u_00322,1,,,2026-02-22T02:24:34.037845+00:00
fb_6fd2d0ce725e4a44,ev_1a050ebe1f744867,u_00192,1,,,2026-03-30T10:08:43.513458+00:00
fb_1df51e8358014551,ev_0743a37001a440fb,u_00250,1,,saved me 30 minutes,2026-03-01T18:42:31.890051+00:00
fb_463fccd631f3468d,ev_b3cbc7b18c724e67,u_00305,1,,,2026-03-16T13:44:17.533620+00:00
fb_7f300b563fed4454,ev_ffe749825ebc4f34,u_00619,1,,saved me 30 minutes,2026-02-04T07:42:11.072545+00:00
fb_337314b75ac44348,ev_c9c3378322a84ebc,u_00070,1,,,2026-02-02T14:04:56.728939+00:00
fb_f7f5b4259ebc4b66,ev_7781a095efbd456f_orphan,u_00183,1,,,2026-03-31T00:00:00+00:00
fb_3e88da449fac409b,ev_dbebb22d55e6477d,u_00099,-1,hallucination,,2026-02-17T03:31:25.473943+00:00
fb_eab2101069b94f38,ev_985f19fd58dc4486,u_00407,1,,,2026-02-05T10:05:57.632904+00:00
fb_fb260f08cd904d93,ev_8d69d0c766cd4c0b,u_00422,-1,,,2026-03-23T04:16:39.327921+00:00
fb_aeda89b6f7f843fd,ev_d209fde0582a4eb1,u_00634,-1,wrong_answer,,2026-02-17T18:50:10.275060+00:00
fb_fc7256c716dd4860,ev_ae843545425c4c8f,u_00027,-1,other,,2026-03-08T16:23:43.739794+00:00
fb_38c3f2d022db4b93,ev_5a2d40aba82f46c3,u_00681,1,,,2026-03-08T21:02:19.487562+00:00
fb_7b349165c982470e,ev_d3640d9d7146484f,u_00326,1,,good citations,2026-03-04T21:01:19.608420+00:00
fb_ac3bd394a24f4f68,ev_f464ee2d97ac43cd,u_00285,1,,,2026-03-13T19:25:49.783566+00:00
fb_7e9e29cb49654f8b,ev_997192d56f2643e4,u_00351,1,,,2026-02-07T15:42:21.509147+00:00
fb_773795938ad04a15,ev_7ecddaaaa5b24f23,u_00107,1,,,2026-03-17T06:11:17.188379+00:00
fb_db49e5933e73439f,ev_ced72b4ca24a4704,u_00392,1,,,2026-02-20T17:49:40.588034+00:00
fb_95cf3e2f70204bc4,ev_a68a7be7a0904c9b,u_00481,-1,slow,,2026-02-14T07:34:00.962178+00:00
fb_5b85af9ac1d54eec,ev_ae896db932fc4269,u_00429,-1,hallucination,,2026-02-26T23:02:34.737591+00:00
fb_647a7cf337fa472c,ev_98ba49cffb4a45eb,u_00348,1,,,2026-03-12T16:32:33.640238+00:00
fb_c8883ebbd99e4ce6,ev_a6bcfa150f7346ef,u_00639,1,,,2026-03-11T14:50:31.510142+00:00
fb_d516cd8bce724385,ev_4014cebe89374a22,u_00100,1,,,2026-03-27T06:41:55.111555+00:00
fb_3340f80448a345e7,ev_2a14d5f50ac84b4e,u_00361,-1,wrong_answer,,2026-02-26T06:20:57.243301+00:00
fb_f5b738a3a7e24527,ev_6afcf9b409014723,u_00135,1,,,2026-02-26T03:23:03.493250+00:00
